{
 "type": "FeatureCollection",
 "name": "sample_ais_track",
 "crs": {
  "type": "name",
  "properties": {
   "name": "urn:ogc:def:crs:OGC:1.3:CRS84"
  }
 },
 "features": [
  {
   "type": "Feature",
   "properties": {
    "timestamp": "2026-07-02T06:19:28.242994",
    "latitude": 56.97037530183571,
    "longitude": 17.041998828221104,
    "elevation": 0.0,
    "class_code": "COASTAL_SEA",
    "class_name": "\u041f\u0440\u0438\u0431\u0435\u0440\u0435\u0436\u044c\u0435 (\u043c\u043e\u0440\u0435)",
    "source_session": 10,
    "noaa_depth": -19.99985456466982,
    "noaa_type": "depth",
    "osm_piers": 0,
    "osm_lighthouses": 0,
    "osm_breakwaters": 0,
    "osm_harbors": 0,
    "osm_rivers": 0,
    "osm_lakes": 0,
    "osm_beaches": 0,
    "osm_cliffs": 0,
    "osm_industrial": 0
   },
   "geometry": {
    "type": "Point",
    "coordinates": [
     17.041998828221104,
     56.97037530183571
    ]
   }
  },
  {
   "type": "Feature",
   "properties": {
    "timestamp": "2026-07-02T02:28:58.833725",
    "latitude": 54.050095120243434,
    "longitude": 10.785758559558479,
    "elevation": 0.0,
    "class_code": "COASTAL_SEA",
    "class_name": "\u041f\u0440\u0438\u0431\u0435\u0440\u0435\u0436\u044c\u0435 (\u043c\u043e\u0440\u0435)",
    "source_session": 9,
    "noaa_depth": -16.047603130340576,
    "noaa_type": "depth",
    "osm_piers": 0,
    "osm_lighthouses": 0,
    "osm_breakwaters": 0,
    "osm_harbors": 0,
    "osm_rivers": 0,
    "osm_lakes": 0,
    "osm_beaches": 0,
    "osm_cliffs": 0,
    "osm_industrial": 0
   },
   "geometry": {
    "type": "Point",
    "coordinates": [
     10.785758559558479,
     54.050095120243434
    ]
   }
  },
  {
   "type": "Feature",
   "properties": {
    "timestamp": "2026-07-10T20:48:59.312310",
    "latitude": 53.91805476674028,
    "longitude": 14.986554094503537,
    "elevation": 31.0,
    "class_code": "NEAR_COAST",
    "class_name": "\u041f\u043e\u0431\u0435\u0440\u0435\u0436\u044c\u0435 (\u0441\u0443\u0448\u0430)",
    "source_session": 14,
    "noaa_depth": 24.25400161743164,
    "noaa_type": "height",
    "osm_piers": 0,
    "osm_lighthouses": 0,
    "osm_breakwaters": 0,
    "osm_harbors": 0,
    "osm_rivers": 0,
    "osm_lakes": 0,
    "osm_beaches": 0,
    "osm_cliffs": 0,
    "osm_industrial": 0
   },
   "geometry": {
    "type": "Point",
    "coordinates": [
     14.986554094503537,
     53.91805476674028
    ]
   }
  },
  {
   "type": "Feature",
   "properties": {
    "timestamp": "2026-07-02T03:52:29.975344",
    "latitude": 54.057176703897994,
    "longitude": 10.796661243931915,
    "elevation": 0.0,
    "class_code": "COASTAL_SEA",
    "class_name": "\u041f\u0440\u0438\u0431\u0435\u0440\u0435\u0436\u044c\u0435 (\u043c\u043e\u0440\u0435)",
    "source_session": 9,
    "noaa_depth": -15.987603187561035,
    "noaa_type": "depth",
    "osm_piers": 0,
    "osm_lighthouses": 0,
    "osm_breakwaters": 0,
    "osm_harbors": 0,
    "osm_rivers": 0,
    "osm_lakes": 0,
    "osm_beaches": 0,
    "osm_cliffs": 0,
    "osm_industrial": 0
   },
   "geometry": {
    "type": "Point",
    "coordinates": [
     10.796661243931915,
     54.057176703897994
    ]
   }
  },
  {
   "type": "Feature",
   "properties": {
    "timestamp": "2026-07-02T05:42:40.198401",
    "latitude": 56.96248886855461,
    "longitude": 17.48720683717772,
    "elevation": 0.0,
    "class_code": "OPEN_SEA",
    "class_name": "\u041e\u0442\u043a\u0440\u044b\u0442\u043e\u0435 \u043c\u043e\u0440\u0435",
    "source_session": 10,
    "noaa_depth": -103.36436080932583,
    "noaa_type": "depth",
    "osm_piers": 0,
    "osm_lighthouses": 0,
    "osm_breakwaters": 0,
    "osm_harbors": 0,
    "osm_rivers": 0,
    "osm_lakes": 0,
    "osm_beaches": 0,
    "osm_cliffs": 0,
    "osm_industrial": 0
   },
   "geometry": {
    "type": "Point",
    "coordinates": [
     17.48720683717772,
     56.96248886855461
    ]
   }
  },
  {
   "type": "Feature",
   "properties": {
    "timestamp": "2026-07-02T02:35:42.584854",
    "latitude": 54.05377190069341,
    "longitude": 10.912769658393403,
    "elevation": 0.0,
    "class_code": "COASTAL_SEA",
    "class_name": "\u041f\u0440\u0438\u0431\u0435\u0440\u0435\u0436\u044c\u0435 (\u043c\u043e\u0440\u0435)",
    "source_session": 9,
    "noaa_depth": -22.636574268341064,
    "noaa_type": "depth",
    "osm_piers": 0,
    "osm_lighthouses": 0,
    "osm_breakwaters": 0,
    "osm_harbors": 0,
    "osm_rivers": 0,
    "osm_lakes": 0,
    "osm_beaches": 0,
    "osm_cliffs": 0,
    "osm_industrial": 0
   },
   "geometry": {
    "type": "Point",
    "coordinates": [
     10.912769658393403,
     54.05377190069341
    ]
   }
  },
  {
   "type": "Feature",
   "properties": {
    "timestamp": "2026-07-02T06:28:40.670954",
    "latitude": 56.968042992355,
    "longitude": 16.986294948900195,
    "elevation": 0.0,
    "class_code": "COASTAL_SEA",
    "class_name": "\u041f\u0440\u0438\u0431\u0435\u0440\u0435\u0436\u044c\u0435 (\u043c\u043e\u0440\u0435)",
    "source_session": 10,
    "noaa_depth": -15.375777244567871,
    "noaa_type": "depth",
    "osm_piers": 0,
    "osm_lighthouses": 0,
    "osm_breakwaters": 0,
    "osm_harbors": 0,
    "osm_rivers": 0,
    "osm_lakes": 0,
    "osm_beaches": 0,
    "osm_cliffs": 0,
    "osm_industrial": 0
   },
   "geometry": {
    "type": "Point",
    "coordinates": [
     16.986294948900195,
     56.968042992355
    ]
   }
  },
  {
   "type": "Feature",
   "properties": {
    "timestamp": "2026-07-03T01:04:56.417202",
    "latitude": 53.33109865544482,
    "longitude": 9.53818223060766,
    "elevation": 30.0,
    "class_code": "COASTLINE",
    "class_name": "\u0421\u0443\u0448\u0430 \u0432\u0434\u0430\u043b\u0438 \u043e\u0442 \u043f\u043e\u0431\u0435\u0440\u0435\u0436\u044c\u044f",
    "source_session": 11,
    "noaa_depth": 32.24409103393555,
    "noaa_type": "height",
    "osm_piers": 0,
    "osm_lighthouses": 0,
    "osm_breakwaters": 0,
    "osm_harbors": 0,
    "osm_rivers": 0,
    "osm_lakes": 0,
    "osm_beaches": 0,
    "osm_cliffs": 0,
    "osm_industrial": 0
   },
   "geometry": {
    "type": "Point",
    "coordinates": [
     9.53818223060766,
     53.33109865544482
    ]
   }
  },
  {
   "type": "Feature",
   "properties": {
    "timestamp": "2026-07-02T03:59:35.441797",
    "latitude": 54.06591350527665,
    "longitude": 10.938989404284818,
    "elevation": 0.0,
    "class_code": "COASTAL_SEA",
    "class_name": "\u041f\u0440\u0438\u0431\u0435\u0440\u0435\u0436\u044c\u0435 (\u043c\u043e\u0440\u0435)",
    "source_session": 9,
    "noaa_depth": -22.66649627685547,
    "noaa_type": "depth",
    "osm_piers": 0,
    "osm_lighthouses": 0,
    "osm_breakwaters": 0,
    "osm_harbors": 0,
    "osm_rivers": 0,
    "osm_lakes": 0,
    "osm_beaches": 0,
    "osm_cliffs": 0,
    "osm_industrial": 0
   },
   "geometry": {
    "type": "Point",
    "coordinates": [
     10.938989404284818,
     54.06591350527665
    ]
   }
  },
  {
   "type": "Feature",
   "properties": {
    "timestamp": "2026-07-02T03:25:16.978327",
    "latitude": 54.07607639701452,
    "longitude": 11.411017490848026,
    "elevation": 0.0,
    "class_code": "COASTAL_SEA",
    "class_name": "\u041f\u0440\u0438\u0431\u0435\u0440\u0435\u0436\u044c\u0435 (\u043c\u043e\u0440\u0435)",
    "source_session": 9,
    "noaa_depth": -16.839426040649414,
    "noaa_type": "depth",
    "osm_piers": 0,
    "osm_lighthouses": 0,
    "osm_breakwaters": 0,
    "osm_harbors": 0,
    "osm_rivers": 0,
    "osm_lakes": 0,
    "osm_beaches": 0,
    "osm_cliffs": 0,
    "osm_industrial": 0
   },
   "geometry": {
    "type": "Point",
    "coordinates": [
     11.411017490848026,
     54.07607639701452
    ]
   }
  },
  {
   "type": "Feature",
   "properties": {
    "timestamp": "2026-07-02T05:55:53.300862",
    "latitude": 56.95360133343512,
    "longitude": 17.465634937516075,
    "elevation": 0.0,
    "class_code": "OPEN_SEA",
    "class_name": "\u041e\u0442\u043a\u0440\u044b\u0442\u043e\u0435 \u043c\u043e\u0440\u0435",
    "source_session": 10,
    "noaa_depth": -103.39334106445312,
    "noaa_type": "depth",
    "osm_piers": 0,
    "osm_lighthouses": 0,
    "osm_breakwaters": 0,
    "osm_harbors": 0,
    "osm_rivers": 0,
    "osm_lakes": 0,
    "osm_beaches": 0,
    "osm_cliffs": 0,
    "osm_industrial": 0
   },
   "geometry": {
    "type": "Point",
    "coordinates": [
     17.465634937516075,
     56.95360133343512
    ]
   }
  },
  {
   "type": "Feature",
   "properties": {
    "timestamp": "2026-07-10T20:28:12.880814",
    "latitude": 55.60630190861191,
    "longitude": 13.469414221229187,
    "elevation": 133.0,
    "class_code": "COASTLINE",
    "class_name": "\u0421\u0443\u0448\u0430 \u0432\u0434\u0430\u043b\u0438 \u043e\u0442 \u043f\u043e\u0431\u0435\u0440\u0435\u0436\u044c\u044f",
    "source_session": 13,
    "noaa_depth": 123.91124725341797,
    "noaa_type": "height",
    "osm_piers": 0,
    "osm_lighthouses": 0,
    "osm_breakwaters": 0,
    "osm_harbors": 0,
    "osm_rivers": 0,
    "osm_lakes": 0,
    "osm_beaches": 0,
    "osm_cliffs": 0,
    "osm_industrial": 0
   },
   "geometry": {
    "type": "Point",
    "coordinates": [
     13.469414221229187,
     55.60630190861191
    ]
   }
  },
  {
   "type": "Feature",
   "properties": {
    "timestamp": "2026-07-02T06:10:40.503220",
    "latitude": 56.964524621247485,
    "longitude": 17.3582869760391,
    "elevation": 0.0,
    "class_code": "COASTAL_SEA",
    "class_name": "\u041f\u0440\u0438\u0431\u0435\u0440\u0435\u0436\u044c\u0435 (\u043c\u043e\u0440\u0435)",
    "source_session": 10,
    "noaa_depth": -81.13760757446289,
    "noaa_type": "depth",
    "osm_piers": 0,
    "osm_lighthouses": 0,
    "osm_breakwaters": 0,
    "osm_harbors": 0,
    "osm_rivers": 0,
    "osm_lakes": 0,
    "osm_beaches": 0,
    "osm_cliffs": 0,
    "osm_industrial": 0
   },
   "geometry": {
    "type": "Point",
    "coordinates": [
     17.3582869760391,
     56.964524621247485
    ]
   }
  },
  {
   "type": "Feature",
   "properties": {
    "timestamp": "2026-07-02T06:56:19.452205",
    "latitude": 58.518973848321316,
    "longitude": 9.542749232285376,
    "elevation": 0.0,
    "class_code": "OPEN_SEA",
    "class_name": "\u041e\u0442\u043a\u0440\u044b\u0442\u043e\u0435 \u043c\u043e\u0440\u0435",
    "source_session": 12,
    "noaa_depth": -532.9344482421875,
    "noaa_type": "depth",
    "osm_piers": 0,
    "osm_lighthouses": 0,
    "osm_breakwaters": 0,
    "osm_harbors": 0,
    "osm_rivers": 0,
    "osm_lakes": 0,
    "osm_beaches": 0,
    "osm_cliffs": 0,
    "osm_industrial": 0
   },
   "geometry": {
    "type": "Point",
    "coordinates": [
     9.542749232285376,
     58.518973848321316
    ]
   }
  },
  {
   "type": "Feature",
   "properties": {
    "timestamp": "2026-07-02T02:35:20.952533",
    "latitude": 54.05348654848842,
    "longitude": 10.906452735803635,
    "elevation": 0.0,
    "class_code": "COASTAL_SEA",
    "class_name": "\u041f\u0440\u0438\u0431\u0435\u0440\u0435\u0436\u044c\u0435 (\u043c\u043e\u0440\u0435)",
    "source_session": 9,
    "noaa_depth": -22.424074172973633,
    "noaa_type": "depth",
    "osm_piers": 0,
    "osm_lighthouses": 0,
    "osm_breakwaters": 0,
    "osm_harbors": 0,
    "osm_rivers": 0,
    "osm_lakes": 0,
    "osm_beaches": 0,
    "osm_cliffs": 0,
    "osm_industrial": 0
   },
   "geometry": {
    "type": "Point",
    "coordinates": [
     10.906452735803635,
     54.05348654848842
    ]
   }
  },
  {
   "type": "Feature",
   "properties": {
    "timestamp": "2026-07-02T07:52:35.495742",
    "latitude": 58.520696385080825,
    "longitude": 10.081888532363102,
    "elevation": 0.0,
    "class_code": "OPEN_SEA",
    "class_name": "\u041e\u0442\u043a\u0440\u044b\u0442\u043e\u0435 \u043c\u043e\u0440\u0435",
    "source_session": 12,
    "noaa_depth": -502.3258209228392,
    "noaa_type": "depth",
    "osm_piers": 0,
    "osm_lighthouses": 0,
    "osm_breakwaters": 0,
    "osm_harbors": 0,
    "osm_rivers": 0,
    "osm_lakes": 0,
    "osm_beaches": 0,
    "osm_cliffs": 0,
    "osm_industrial": 0
   },
   "geometry": {
    "type": "Point",
    "coordinates": [
     10.081888532363102,
     58.520696385080825
    ]
   }
  },
  {
   "type": "Feature",
   "properties": {
    "timestamp": "2026-07-02T11:54:56.993930",
    "latitude": 59.28176082696095,
    "longitude": 8.285032166858539,
    "elevation": 1025.0,
    "class_code": "COASTLINE",
    "class_name": "\u0421\u0443\u0448\u0430 \u0432\u0434\u0430\u043b\u0438 \u043e\u0442 \u043f\u043e\u0431\u0435\u0440\u0435\u0436\u044c\u044f",
    "source_session": 5,
    "noaa_depth": 1031.16162109375,
    "noaa_type": "height",
    "osm_piers": 0,
    "osm_lighthouses": 0,
    "osm_breakwaters": 0,
    "osm_harbors": 0,
    "osm_rivers": 0,
    "osm_lakes": 0,
    "osm_beaches": 0,
    "osm_cliffs": 0,
    "osm_industrial": 0
   },
   "geometry": {
    "type": "Point",
    "coordinates": [
     8.285032166858539,
     59.28176082696095
    ]
   }
  },
  {
   "type": "Feature",
   "properties": {
    "timestamp": "2026-07-02T07:45:53.951771",
    "latitude": 58.51864164666103,
    "longitude": 9.824223579934058,
    "elevation": 0.0,
    "class_code": "OPEN_SEA",
    "class_name": "\u041e\u0442\u043a\u0440\u044b\u0442\u043e\u0435 \u043c\u043e\u0440\u0435",
    "source_session": 12,
    "noaa_depth": -684.27978515625,
    "noaa_type": "depth",
    "osm_piers": 0,
    "osm_lighthouses": 0,
    "osm_breakwaters": 0,
    "osm_harbors": 0,
    "osm_rivers": 0,
    "osm_lakes": 0,
    "osm_beaches": 0,
    "osm_cliffs": 0,
    "osm_industrial": 0
   },
   "geometry": {
    "type": "Point",
    "coordinates": [
     9.824223579934058,
     58.51864164666103
    ]
   }
  },
  {
   "type": "Feature",
   "properties": {
    "timestamp": "2026-07-02T02:29:15.432727",
    "latitude": 54.05040064620194,
    "longitude": 10.791617201490187,
    "elevation": 0.0,
    "class_code": "COASTAL_SEA",
    "class_name": "\u041f\u0440\u0438\u0431\u0435\u0440\u0435\u0436\u044c\u0435 (\u043c\u043e\u0440\u0435)",
    "source_session": 9,
    "noaa_depth": -15.820103168485053,
    "noaa_type": "depth",
    "osm_piers": 0,
    "osm_lighthouses": 0,
    "osm_breakwaters": 0,
    "osm_harbors": 0,
    "osm_rivers": 0,
    "osm_lakes": 0,
    "osm_beaches": 0,
    "osm_cliffs": 0,
    "osm_industrial": 0
   },
   "geometry": {
    "type": "Point",
    "coordinates": [
     10.791617201490187,
     54.05040064620194
    ]
   }
  },
  {
   "type": "Feature",
   "properties": {
    "timestamp": "2026-07-02T06:02:15.133141",
    "latitude": 56.95066490948567,
    "longitude": 17.497088108640302,
    "elevation": 0.0,
    "class_code": "OPEN_SEA",
    "class_name": "\u041e\u0442\u043a\u0440\u044b\u0442\u043e\u0435 \u043c\u043e\u0440\u0435",
    "source_session": 10,
    "noaa_depth": -101.36685943603516,
    "noaa_type": "depth",
    "osm_piers": 0,
    "osm_lighthouses": 0,
    "osm_breakwaters": 0,
    "osm_harbors": 0,
    "osm_rivers": 0,
    "osm_lakes": 0,
    "osm_beaches": 0,
    "osm_cliffs": 0,
    "osm_industrial": 0
   },
   "geometry": {
    "type": "Point",
    "coordinates": [
     17.497088108640302,
     56.95066490948567
    ]
   }
  },
  {
   "type": "Feature",
   "properties": {
    "timestamp": "2026-07-02T06:11:22.108567",
    "latitude": 56.96494595609876,
    "longitude": 17.330010766231133,
    "elevation": 0.0,
    "class_code": "COASTAL_SEA",
    "class_name": "\u041f\u0440\u0438\u0431\u0435\u0440\u0435\u0436\u044c\u0435 (\u043c\u043e\u0440\u0435)",
    "source_session": 10,
    "noaa_depth": -74.635498046875,
    "noaa_type": "depth",
    "osm_piers": 0,
    "osm_lighthouses": 0,
    "osm_breakwaters": 0,
    "osm_harbors": 0,
    "osm_rivers": 0,
    "osm_lakes": 0,
    "osm_beaches": 0,
    "osm_cliffs": 0,
    "osm_industrial": 0
   },
   "geometry": {
    "type": "Point",
    "coordinates": [
     17.330010766231133,
     56.96494595609876
    ]
   }
  },
  {
   "type": "Feature",
   "properties": {
    "timestamp": "2026-07-02T05:52:23.646144",
    "latitude": 56.95660175287341,
    "longitude": 17.50742584877343,
    "elevation": 0.0,
    "class_code": "OPEN_SEA",
    "class_name": "\u041e\u0442\u043a\u0440\u044b\u0442\u043e\u0435 \u043c\u043e\u0440\u0435",
    "source_session": 10,
    "noaa_depth": -101.90457153320312,
    "noaa_type": "depth",
    "osm_piers": 0,
    "osm_lighthouses": 0,
    "osm_breakwaters": 0,
    "osm_harbors": 0,
    "osm_rivers": 0,
    "osm_lakes": 0,
    "osm_beaches": 0,
    "osm_cliffs": 0,
    "osm_industrial": 0
   },
   "geometry": {
    "type": "Point",
    "coordinates": [
     17.50742584877343,
     56.95660175287341
    ]
   }
  },
  {
   "type": "Feature",
   "properties": {
    "timestamp": "2026-07-02T06:20:28.847234",
    "latitude": 56.97069125379791,
    "longitude": 17.007071916561536,
    "elevation": 0.0,
    "class_code": "COASTAL_SEA",
    "class_name": "\u041f\u0440\u0438\u0431\u0435\u0440\u0435\u0436\u044c\u0435 (\u043c\u043e\u0440\u0435)",
    "source_session": 10,
    "noaa_depth": -17.06849956511771,
    "noaa_type": "depth",
    "osm_piers": 0,
    "osm_lighthouses": 0,
    "osm_breakwaters": 0,
    "osm_harbors": 0,
    "osm_rivers": 0,
    "osm_lakes": 0,
    "osm_beaches": 0,
    "osm_cliffs": 0,
    "osm_industrial": 0
   },
   "geometry": {
    "type": "Point",
    "coordinates": [
     17.007071916561536,
     56.97069125379791
    ]
   }
  },
  {
   "type": "Feature",
   "properties": {
    "timestamp": "2026-07-02T06:33:00.685980",
    "latitude": 56.96462798599991,
    "longitude": 17.185236749772102,
    "elevation": 0.0,
    "class_code": "COASTAL_SEA",
    "class_name": "\u041f\u0440\u0438\u0431\u0435\u0440\u0435\u0436\u044c\u0435 (\u043c\u043e\u0440\u0435)",
    "source_session": 10,
    "noaa_depth": -71.21981048583984,
    "noaa_type": "depth",
    "osm_piers": 0,
    "osm_lighthouses": 0,
    "osm_breakwaters": 0,
    "osm_harbors": 0,
    "osm_rivers": 0,
    "osm_lakes": 0,
    "osm_beaches": 0,
    "osm_cliffs": 0,
    "osm_industrial": 0
   },
   "geometry": {
    "type": "Point",
    "coordinates": [
     17.185236749772102,
     56.96462798599991
    ]
   }
  },
  {
   "type": "Feature",
   "properties": {
    "timestamp": "2026-07-02T07:01:00.469255",
    "latitude": 58.519251673380765,
    "longitude": 9.564732906912267,
    "elevation": 0.0,
    "class_code": "OPEN_SEA",
    "class_name": "\u041e\u0442\u043a\u0440\u044b\u0442\u043e\u0435 \u043c\u043e\u0440\u0435",
    "source_session": 12,
    "noaa_depth": -538.1944580078125,
    "noaa_type": "depth",
    "osm_piers": 0,
    "osm_lighthouses": 0,
    "osm_breakwaters": 0,
    "osm_harbors": 0,
    "osm_rivers": 0,
    "osm_lakes": 0,
    "osm_beaches": 0,
    "osm_cliffs": 0,
    "osm_industrial": 0
   },
   "geometry": {
    "type": "Point",
    "coordinates": [
     9.564732906912267,
     58.519251673380765
    ]
   }
  },
  {
   "type": "Feature",
   "properties": {
    "timestamp": "2026-07-02T07:43:04.171996",
    "latitude": 58.518054616413345,
    "longitude": 9.712501858490203,
    "elevation": 0.0,
    "class_code": "OPEN_SEA",
    "class_name": "\u041e\u0442\u043a\u0440\u044b\u0442\u043e\u0435 \u043c\u043e\u0440\u0435",
    "source_session": 12,
    "noaa_depth": -562.7529907226569,
    "noaa_type": "depth",
    "osm_piers": 0,
    "osm_lighthouses": 0,
    "osm_breakwaters": 0,
    "osm_harbors": 0,
    "osm_rivers": 0,
    "osm_lakes": 0,
    "osm_beaches": 0,
    "osm_cliffs": 0,
    "osm_industrial": 0
   },
   "geometry": {
    "type": "Point",
    "coordinates": [
     9.712501858490203,
     58.518054616413345
    ]
   }
  },
  {
   "type": "Feature",
   "properties": {
    "timestamp": "2026-07-02T07:11:07.589320",
    "latitude": 58.522464796785506,
    "longitude": 9.872153444073854,
    "elevation": 0.0,
    "class_code": "OPEN_SEA",
    "class_name": "\u041e\u0442\u043a\u0440\u044b\u0442\u043e\u0435 \u043c\u043e\u0440\u0435",
    "source_session": 12,
    "noaa_depth": -534.3423461914062,
    "noaa_type": "depth",
    "osm_piers": 0,
    "osm_lighthouses": 0,
    "osm_breakwaters": 0,
    "osm_harbors": 0,
    "osm_rivers": 0,
    "osm_lakes": 0,
    "osm_beaches": 0,
    "osm_cliffs": 0,
    "osm_industrial": 0
   },
   "geometry": {
    "type": "Point",
    "coordinates": [
     9.872153444073854,
     58.522464796785506
    ]
   }
  },
  {
   "type": "Feature",
   "properties": {
    "timestamp": "2026-07-02T08:12:34.123339",
    "latitude": 58.52576410143592,
    "longitude": 10.827161640690383,
    "elevation": 0.0,
    "class_code": "COASTAL_SEA",
    "class_name": "\u041f\u0440\u0438\u0431\u0435\u0440\u0435\u0436\u044c\u0435 (\u043c\u043e\u0440\u0435)",
    "source_session": 12,
    "noaa_depth": -98.78248596191406,
    "noaa_type": "depth",
    "osm_piers": 0,
    "osm_lighthouses": 0,
    "osm_breakwaters": 0,
    "osm_harbors": 0,
    "osm_rivers": 0,
    "osm_lakes": 0,
    "osm_beaches": 0,
    "osm_cliffs": 0,
    "osm_industrial": 0
   },
   "geometry": {
    "type": "Point",
    "coordinates": [
     10.827161640690383,
     58.52576410143592
    ]
   }
  },
  {
   "type": "Feature",
   "properties": {
    "timestamp": "2026-07-02T07:17:29.221562",
    "latitude": 58.524886773564084,
    "longitude": 10.117906331666171,
    "elevation": 0.0,
    "class_code": "OPEN_SEA",
    "class_name": "\u041e\u0442\u043a\u0440\u044b\u0442\u043e\u0435 \u043c\u043e\u0440\u0435",
    "source_session": 12,
    "noaa_depth": -471.26560974121094,
    "noaa_type": "depth",
    "osm_piers": 0,
    "osm_lighthouses": 0,
    "osm_breakwaters": 0,
    "osm_harbors": 0,
    "osm_rivers": 0,
    "osm_lakes": 0,
    "osm_beaches": 0,
    "osm_cliffs": 0,
    "osm_industrial": 0
   },
   "geometry": {
    "type": "Point",
    "coordinates": [
     10.117906331666171,
     58.524886773564084
    ]
   }
  },
  {
   "type": "Feature",
   "properties": {
    "timestamp": "2026-07-02T02:41:25.241497",
    "latitude": 54.05968138024191,
    "longitude": 11.068459214796276,
    "elevation": 0.0,
    "class_code": "COASTAL_SEA",
    "class_name": "\u041f\u0440\u0438\u0431\u0435\u0440\u0435\u0436\u044c\u0435 (\u043c\u043e\u0440\u0435)",
    "source_session": 9,
    "noaa_depth": -23.674325942993164,
    "noaa_type": "depth",
    "osm_piers": 0,
    "osm_lighthouses": 0,
    "osm_breakwaters": 0,
    "osm_harbors": 0,
    "osm_rivers": 0,
    "osm_lakes": 0,
    "osm_beaches": 0,
    "osm_cliffs": 0,
    "osm_industrial": 0
   },
   "geometry": {
    "type": "Point",
    "coordinates": [
     11.068459214796276,
     54.05968138024191
    ]
   }
  },
  {
   "type": "Feature",
   "properties": {
    "timestamp": "2026-07-02T02:40:05.187655",
    "latitude": 54.05637218256135,
    "longitude": 10.991758799003414,
    "elevation": 0.0,
    "class_code": "COASTAL_SEA",
    "class_name": "\u041f\u0440\u0438\u0431\u0435\u0440\u0435\u0436\u044c\u0435 (\u043c\u043e\u0440\u0435)",
    "source_session": 9,
    "noaa_depth": -23.04801559448243,
    "noaa_type": "depth",
    "osm_piers": 0,
    "osm_lighthouses": 0,
    "osm_breakwaters": 0,
    "osm_harbors": 0,
    "osm_rivers": 0,
    "osm_lakes": 0,
    "osm_beaches": 0,
    "osm_cliffs": 0,
    "osm_industrial": 0
   },
   "geometry": {
    "type": "Point",
    "coordinates": [
     10.991758799003414,
     54.05637218256135
    ]
   }
  },
  {
   "type": "Feature",
   "properties": {
    "timestamp": "2026-07-02T06:39:06.335063",
    "latitude": 56.9601340203505,
    "longitude": 17.26428949458454,
    "elevation": 0.0,
    "class_code": "COASTAL_SEA",
    "class_name": "\u041f\u0440\u0438\u0431\u0435\u0440\u0435\u0436\u044c\u0435 (\u043c\u043e\u0440\u0435)",
    "source_session": 10,
    "noaa_depth": -66.17310333251953,
    "noaa_type": "depth",
    "osm_piers": 0,
    "osm_lighthouses": 0,
    "osm_breakwaters": 0,
    "osm_harbors": 0,
    "osm_rivers": 0,
    "osm_lakes": 0,
    "osm_beaches": 0,
    "osm_cliffs": 0,
    "osm_industrial": 0
   },
   "geometry": {
    "type": "Point",
    "coordinates": [
     17.26428949458454,
     56.9601340203505
    ]
   }
  },
  {
   "type": "Feature",
   "properties": {
    "timestamp": "2026-07-01T19:34:48.702234",
    "latitude": 54.90399277332633,
    "longitude": 8.269816890399062,
    "elevation": 0.0,
    "class_code": "COASTAL_SEA",
    "class_name": "\u041f\u0440\u0438\u0431\u0435\u0440\u0435\u0436\u044c\u0435 (\u043c\u043e\u0440\u0435)",
    "source_session": 5,
    "noaa_depth": -7.852949380874634,
    "noaa_type": "depth",
    "osm_piers": 0,
    "osm_lighthouses": 0,
    "osm_breakwaters": 0,
    "osm_harbors": 0,
    "osm_rivers": 0,
    "osm_lakes": 0,
    "osm_beaches": 0,
    "osm_cliffs": 0,
    "osm_industrial": 0
   },
   "geometry": {
    "type": "Point",
    "coordinates": [
     8.269816890399062,
     54.90399277332633
    ]
   }
  },
  {
   "type": "Feature",
   "properties": {
    "timestamp": "2026-07-02T07:13:22.107247",
    "latitude": 58.52327326634396,
    "longitude": 9.952702076515056,
    "elevation": 0.0,
    "class_code": "OPEN_SEA",
    "class_name": "\u041e\u0442\u043a\u0440\u044b\u0442\u043e\u0435 \u043c\u043e\u0440\u0435",
    "source_session": 12,
    "noaa_depth": -529.6834716796875,
    "noaa_type": "depth",
    "osm_piers": 0,
    "osm_lighthouses": 0,
    "osm_breakwaters": 0,
    "osm_harbors": 0,
    "osm_rivers": 0,
    "osm_lakes": 0,
    "osm_beaches": 0,
    "osm_cliffs": 0,
    "osm_industrial": 0
   },
   "geometry": {
    "type": "Point",
    "coordinates": [
     9.952702076515056,
     58.52327326634396
    ]
   }
  },
  {
   "type": "Feature",
   "properties": {
    "timestamp": "2026-07-03T01:05:32.627512",
    "latitude": 53.45554224660577,
    "longitude": 10.010831235086513,
    "elevation": 3.0,
    "class_code": "COASTLINE",
    "class_name": "\u0421\u0443\u0448\u0430 \u0432\u0434\u0430\u043b\u0438 \u043e\u0442 \u043f\u043e\u0431\u0435\u0440\u0435\u0436\u044c\u044f",
    "source_session": 11,
    "noaa_depth": 2.1030666828155518,
    "noaa_type": "height",
    "osm_piers": 0,
    "osm_lighthouses": 0,
    "osm_breakwaters": 0,
    "osm_harbors": 0,
    "osm_rivers": 0,
    "osm_lakes": 0,
    "osm_beaches": 0,
    "osm_cliffs": 0,
    "osm_industrial": 0
   },
   "geometry": {
    "type": "Point",
    "coordinates": [
     10.010831235086513,
     53.45554224660577
    ]
   }
  },
  {
   "type": "Feature",
   "properties": {
    "timestamp": "2026-07-02T06:20:36.087636",
    "latitude": 56.97071465754036,
    "longitude": 17.00136518529527,
    "elevation": 0.0,
    "class_code": "COASTAL_SEA",
    "class_name": "\u041f\u0440\u0438\u0431\u0435\u0440\u0435\u0436\u044c\u0435 (\u043c\u043e\u0440\u0435)",
    "source_session": 10,
    "noaa_depth": -17.363499641417107,
    "noaa_type": "depth",
    "osm_piers": 0,
    "osm_lighthouses": 0,
    "osm_breakwaters": 0,
    "osm_harbors": 0,
    "osm_rivers": 0,
    "osm_lakes": 0,
    "osm_beaches": 0,
    "osm_cliffs": 0,
    "osm_industrial": 0
   },
   "geometry": {
    "type": "Point",
    "coordinates": [
     17.00136518529527,
     56.97071465754036
    ]
   }
  },
  {
   "type": "Feature",
   "properties": {
    "timestamp": "2026-07-02T06:10:09.015463",
    "latitude": 56.964365316941254,
    "longitude": 17.375402877491126,
    "elevation": 0.0,
    "class_code": "COASTAL_SEA",
    "class_name": "\u041f\u0440\u0438\u0431\u0435\u0440\u0435\u0436\u044c\u0435 (\u043c\u043e\u0440\u0435)",
    "source_session": 10,
    "noaa_depth": -85.14614105224499,
    "noaa_type": "depth",
    "osm_piers": 0,
    "osm_lighthouses": 0,
    "osm_breakwaters": 0,
    "osm_harbors": 0,
    "osm_rivers": 0,
    "osm_lakes": 0,
    "osm_beaches": 0,
    "osm_cliffs": 0,
    "osm_industrial": 0
   },
   "geometry": {
    "type": "Point",
    "coordinates": [
     17.375402877491126,
     56.964365316941254
    ]
   }
  },
  {
   "type": "Feature",
   "properties": {
    "timestamp": "2026-07-02T07:25:02.594095",
    "latitude": 58.52794884676355,
    "longitude": 10.406768521836236,
    "elevation": 0.0,
    "class_code": "OPEN_SEA",
    "class_name": "\u041e\u0442\u043a\u0440\u044b\u0442\u043e\u0435 \u043c\u043e\u0440\u0435",
    "source_session": 12,
    "noaa_depth": -274.3661193847656,
    "noaa_type": "depth",
    "osm_piers": 0,
    "osm_lighthouses": 0,
    "osm_breakwaters": 0,
    "osm_harbors": 0,
    "osm_rivers": 0,
    "osm_lakes": 0,
    "osm_beaches": 0,
    "osm_cliffs": 0,
    "osm_industrial": 0
   },
   "geometry": {
    "type": "Point",
    "coordinates": [
     10.406768521836236,
     58.52794884676355
    ]
   }
  },
  {
   "type": "Feature",
   "properties": {
    "timestamp": "2026-07-03T01:05:40.397625",
    "latitude": 53.14704433459091,
    "longitude": 10.153725120161525,
    "elevation": 57.0,
    "class_code": "COASTLINE",
    "class_name": "\u0421\u0443\u0448\u0430 \u0432\u0434\u0430\u043b\u0438 \u043e\u0442 \u043f\u043e\u0431\u0435\u0440\u0435\u0436\u044c\u044f",
    "source_session": 11,
    "noaa_depth": 64.57708930969565,
    "noaa_type": "height",
    "osm_piers": 0,
    "osm_lighthouses": 0,
    "osm_breakwaters": 0,
    "osm_harbors": 0,
    "osm_rivers": 0,
    "osm_lakes": 0,
    "osm_beaches": 0,
    "osm_cliffs": 0,
    "osm_industrial": 0
   },
   "geometry": {
    "type": "Point",
    "coordinates": [
     10.153725120161525,
     53.14704433459091
    ]
   }
  },
  {
   "type": "Feature",
   "properties": {
    "timestamp": "2026-07-02T08:11:56.238273",
    "latitude": 58.525929989224345,
    "longitude": 10.804856100981702,
    "elevation": 0.0,
    "class_code": "OPEN_SEA",
    "class_name": "\u041e\u0442\u043a\u0440\u044b\u0442\u043e\u0435 \u043c\u043e\u0440\u0435",
    "source_session": 12,
    "noaa_depth": -105.08248901367188,
    "noaa_type": "depth",
    "osm_piers": 0,
    "osm_lighthouses": 0,
    "osm_breakwaters": 0,
    "osm_harbors": 0,
    "osm_rivers": 0,
    "osm_lakes": 0,
    "osm_beaches": 0,
    "osm_cliffs": 0,
    "osm_industrial": 0
   },
   "geometry": {
    "type": "Point",
    "coordinates": [
     10.804856100981702,
     58.525929989224345
    ]
   }
  },
  {
   "type": "Feature",
   "properties": {
    "timestamp": "2026-07-02T02:33:57.610035",
    "latitude": 54.05265283434771,
    "longitude": 10.886128166895192,
    "elevation": 0.0,
    "class_code": "COASTAL_SEA",
    "class_name": "\u041f\u0440\u0438\u0431\u0435\u0440\u0435\u0436\u044c\u0435 (\u043c\u043e\u0440\u0435)",
    "source_session": 9,
    "noaa_depth": -21.54043197631836,
    "noaa_type": "depth",
    "osm_piers": 0,
    "osm_lighthouses": 0,
    "osm_breakwaters": 0,
    "osm_harbors": 0,
    "osm_rivers": 0,
    "osm_lakes": 0,
    "osm_beaches": 0,
    "osm_cliffs": 0,
    "osm_industrial": 0
   },
   "geometry": {
    "type": "Point",
    "coordinates": [
     10.886128166895192,
     54.05265283434771
    ]
   }
  },
  {
   "type": "Feature",
   "properties": {
    "timestamp": "2026-07-10T20:30:50.543362",
    "latitude": 55.609452414744865,
    "longitude": 13.623171133024112,
    "elevation": 34.0,
    "class_code": "NEAR_COAST",
    "class_name": "\u041f\u043e\u0431\u0435\u0440\u0435\u0436\u044c\u0435 (\u0441\u0443\u0448\u0430)",
    "source_session": 13,
    "noaa_depth": 34.63662338256836,
    "noaa_type": "height",
    "osm_piers": 0,
    "osm_lighthouses": 0,
    "osm_breakwaters": 0,
    "osm_harbors": 0,
    "osm_rivers": 0,
    "osm_lakes": 0,
    "osm_beaches": 0,
    "osm_cliffs": 0,
    "osm_industrial": 0
   },
   "geometry": {
    "type": "Point",
    "coordinates": [
     13.623171133024112,
     55.609452414744865
    ]
   }
  },
  {
   "type": "Feature",
   "properties": {
    "timestamp": "2026-07-02T05:48:12.839773",
    "latitude": 56.95971415772649,
    "longitude": 17.495394254289042,
    "elevation": 0.0,
    "class_code": "OPEN_SEA",
    "class_name": "\u041e\u0442\u043a\u0440\u044b\u0442\u043e\u0435 \u043c\u043e\u0440\u0435",
    "source_session": 10,
    "noaa_depth": -102.82685852050781,
    "noaa_type": "depth",
    "osm_piers": 0,
    "osm_lighthouses": 0,
    "osm_breakwaters": 0,
    "osm_harbors": 0,
    "osm_rivers": 0,
    "osm_lakes": 0,
    "osm_beaches": 0,
    "osm_cliffs": 0,
    "osm_industrial": 0
   },
   "geometry": {
    "type": "Point",
    "coordinates": [
     17.495394254289042,
     56.95971415772649
    ]
   }
  },
  {
   "type": "Feature",
   "properties": {
    "timestamp": "2026-07-03T13:58:20.289968",
    "latitude": 58.39147698565233,
    "longitude": 11.212930154699974,
    "elevation": 0.0,
    "class_code": "COASTAL_SEA",
    "class_name": "\u041f\u0440\u0438\u0431\u0435\u0440\u0435\u0436\u044c\u0435 (\u043c\u043e\u0440\u0435)",
    "source_session": 3,
    "noaa_depth": -18.2483689784977,
    "noaa_type": "depth",
    "osm_piers": 0,
    "osm_lighthouses": 0,
    "osm_breakwaters": 0,
    "osm_harbors": 0,
    "osm_rivers": 0,
    "osm_lakes": 0,
    "osm_beaches": 0,
    "osm_cliffs": 0,
    "osm_industrial": 0
   },
   "geometry": {
    "type": "Point",
    "coordinates": [
     11.212930154699974,
     58.39147698565233
    ]
   }
  },
  {
   "type": "Feature",
   "properties": {
    "timestamp": "2026-07-02T07:20:21.493864",
    "latitude": 58.52624620558652,
    "longitude": 10.2104518443492,
    "elevation": 0.0,
    "class_code": "OPEN_SEA",
    "class_name": "\u041e\u0442\u043a\u0440\u044b\u0442\u043e\u0435 \u043c\u043e\u0440\u0435",
    "source_session": 12,
    "noaa_depth": -404.3338928222656,
    "noaa_type": "depth",
    "osm_piers": 0,
    "osm_lighthouses": 0,
    "osm_breakwaters": 0,
    "osm_harbors": 0,
    "osm_rivers": 0,
    "osm_lakes": 0,
    "osm_beaches": 0,
    "osm_cliffs": 0,
    "osm_industrial": 0
   },
   "geometry": {
    "type": "Point",
    "coordinates": [
     10.2104518443492,
     58.52624620558652
    ]
   }
  },
  {
   "type": "Feature",
   "properties": {
    "timestamp": "2026-07-02T07:55:11.673718",
    "latitude": 58.52208583426941,
    "longitude": 10.178617673950958,
    "elevation": 0.0,
    "class_code": "OPEN_SEA",
    "class_name": "\u041e\u0442\u043a\u0440\u044b\u0442\u043e\u0435 \u043c\u043e\u0440\u0435",
    "source_session": 12,
    "noaa_depth": -438.3006896972656,
    "noaa_type": "depth",
    "osm_piers": 0,
    "osm_lighthouses": 0,
    "osm_breakwaters": 0,
    "osm_harbors": 0,
    "osm_rivers": 0,
    "osm_lakes": 0,
    "osm_beaches": 0,
    "osm_cliffs": 0,
    "osm_industrial": 0
   },
   "geometry": {
    "type": "Point",
    "coordinates": [
     10.178617673950958,
     58.52208583426941
    ]
   }
  },
  {
   "type": "Feature",
   "properties": {
    "timestamp": "2026-07-02T03:17:17.507160",
    "latitude": 54.071646812685046,
    "longitude": 11.476068942093598,
    "elevation": 0.0,
    "class_code": "COASTAL_SEA",
    "class_name": "\u041f\u0440\u0438\u0431\u0435\u0440\u0435\u0436\u044c\u0435 (\u043c\u043e\u0440\u0435)",
    "source_session": 9,
    "noaa_depth": -6.353997230529785,
    "noaa_type": "depth",
    "osm_piers": 0,
    "osm_lighthouses": 0,
    "osm_breakwaters": 0,
    "osm_harbors": 0,
    "osm_rivers": 0,
    "osm_lakes": 0,
    "osm_beaches": 0,
    "osm_cliffs": 0,
    "osm_industrial": 0
   },
   "geometry": {
    "type": "Point",
    "coordinates": [
     11.476068942093598,
     54.071646812685046
    ]
   }
  },
  {
   "type": "Feature",
   "properties": {
    "timestamp": "2026-07-02T08:02:45.923882",
    "latitude": 58.524912672005286,
    "longitude": 10.427678579202595,
    "elevation": 0.0,
    "class_code": "OPEN_SEA",
    "class_name": "\u041e\u0442\u043a\u0440\u044b\u0442\u043e\u0435 \u043c\u043e\u0440\u0435",
    "source_session": 12,
    "noaa_depth": -254.18111419677152,
    "noaa_type": "depth",
    "osm_piers": 0,
    "osm_lighthouses": 0,
    "osm_breakwaters": 0,
    "osm_harbors": 0,
    "osm_rivers": 0,
    "osm_lakes": 0,
    "osm_beaches": 0,
    "osm_cliffs": 0,
    "osm_industrial": 0
   },
   "geometry": {
    "type": "Point",
    "coordinates": [
     10.427678579202595,
     58.524912672005286
    ]
   }
  },
  {
   "type": "Feature",
   "properties": {
    "timestamp": "2026-07-02T03:52:52.006909",
    "latitude": 54.0562927402945,
    "longitude": 10.782084178432237,
    "elevation": 0.0,
    "class_code": "COASTAL_SEA",
    "class_name": "\u041f\u0440\u0438\u0431\u0435\u0440\u0435\u0436\u044c\u0435 (\u043c\u043e\u0440\u0435)",
    "source_session": 9,
    "noaa_depth": -8.997603416442871,
    "noaa_type": "depth",
    "osm_piers": 0,
    "osm_lighthouses": 0,
    "osm_breakwaters": 0,
    "osm_harbors": 0,
    "osm_rivers": 0,
    "osm_lakes": 0,
    "osm_beaches": 0,
    "osm_cliffs": 0,
    "osm_industrial": 0
   },
   "geometry": {
    "type": "Point",
    "coordinates": [
     10.782084178432237,
     54.0562927402945
    ]
   }
  },
  {
   "type": "Feature",
   "properties": {
    "timestamp": "2026-07-02T06:17:40.327647",
    "latitude": 56.96916047325275,
    "longitude": 17.115269624863092,
    "elevation": 0.0,
    "class_code": "COASTAL_SEA",
    "class_name": "\u041f\u0440\u0438\u0431\u0435\u0440\u0435\u0436\u044c\u0435 (\u043c\u043e\u0440\u0435)",
    "source_session": 10,
    "noaa_depth": -51.71522903442383,
    "noaa_type": "depth",
    "osm_piers": 0,
    "osm_lighthouses": 0,
    "osm_breakwaters": 0,
    "osm_harbors": 0,
    "osm_rivers": 0,
    "osm_lakes": 0,
    "osm_beaches": 0,
    "osm_cliffs": 0,
    "osm_industrial": 0
   },
   "geometry": {
    "type": "Point",
    "coordinates": [
     17.115269624863092,
     56.96916047325275
    ]
   }
  },
  {
   "type": "Feature",
   "properties": {
    "timestamp": "2026-07-02T07:17:54.741627",
    "latitude": 58.52507718629251,
    "longitude": 10.12883376368286,
    "elevation": 0.0,
    "class_code": "OPEN_SEA",
    "class_name": "\u041e\u0442\u043a\u0440\u044b\u0442\u043e\u0435 \u043c\u043e\u0440\u0435",
    "source_session": 12,
    "noaa_depth": -472.19309997560384,
    "noaa_type": "depth",
    "osm_piers": 0,
    "osm_lighthouses": 0,
    "osm_breakwaters": 0,
    "osm_harbors": 0,
    "osm_rivers": 0,
    "osm_lakes": 0,
    "osm_beaches": 0,
    "osm_cliffs": 0,
    "osm_industrial": 0
   },
   "geometry": {
    "type": "Point",
    "coordinates": [
     10.12883376368286,
     58.52507718629251
    ]
   }
  },
  {
   "type": "Feature",
   "properties": {
    "timestamp": "2026-07-01T18:27:49.091550",
    "latitude": 53.99158503380796,
    "longitude": 8.255564921289832,
    "elevation": 0.0,
    "class_code": "COASTAL_SEA",
    "class_name": "\u041f\u0440\u0438\u0431\u0435\u0440\u0435\u0436\u044c\u0435 (\u043c\u043e\u0440\u0435)",
    "source_session": 5,
    "noaa_depth": -22.385528564448933,
    "noaa_type": "depth",
    "osm_piers": 0,
    "osm_lighthouses": 0,
    "osm_breakwaters": 0,
    "osm_harbors": 0,
    "osm_rivers": 0,
    "osm_lakes": 0,
    "osm_beaches": 0,
    "osm_cliffs": 0,
    "osm_industrial": 0
   },
   "geometry": {
    "type": "Point",
    "coordinates": [
     8.255564921289832,
     53.99158503380796
    ]
   }
  },
  {
   "type": "Feature",
   "properties": {
    "timestamp": "2026-07-02T06:10:58.768211",
    "latitude": 56.96470017801455,
    "longitude": 17.347023690645184,
    "elevation": 0.0,
    "class_code": "COASTAL_SEA",
    "class_name": "\u041f\u0440\u0438\u0431\u0435\u0440\u0435\u0436\u044c\u0435 (\u043c\u043e\u0440\u0435)",
    "source_session": 10,
    "noaa_depth": -78.57760620117188,
    "noaa_type": "depth",
    "osm_piers": 0,
    "osm_lighthouses": 0,
    "osm_breakwaters": 0,
    "osm_harbors": 0,
    "osm_rivers": 0,
    "osm_lakes": 0,
    "osm_beaches": 0,
    "osm_cliffs": 0,
    "osm_industrial": 0
   },
   "geometry": {
    "type": "Point",
    "coordinates": [
     17.347023690645184,
     56.96470017801455
    ]
   }
  },
  {
   "type": "Feature",
   "properties": {
    "timestamp": "2026-07-01T19:32:11.710263",
    "latitude": 58.7490711066283,
    "longitude": 9.353487779227454,
    "elevation": 0.0,
    "class_code": "COASTAL_SEA",
    "class_name": "\u041f\u0440\u0438\u0431\u0435\u0440\u0435\u0436\u044c\u0435 (\u043c\u043e\u0440\u0435)",
    "source_session": 5,
    "noaa_depth": -23.00055503845215,
    "noaa_type": "depth",
    "osm_piers": 0,
    "osm_lighthouses": 0,
    "osm_breakwaters": 0,
    "osm_harbors": 0,
    "osm_rivers": 0,
    "osm_lakes": 0,
    "osm_beaches": 0,
    "osm_cliffs": 0,
    "osm_industrial": 0
   },
   "geometry": {
    "type": "Point",
    "coordinates": [
     9.353487779227454,
     58.7490711066283
    ]
   }
  },
  {
   "type": "Feature",
   "properties": {
    "timestamp": "2026-07-02T07:27:45.018429",
    "latitude": 58.5280630845596,
    "longitude": 10.542234329351722,
    "elevation": 0.0,
    "class_code": "OPEN_SEA",
    "class_name": "\u041e\u0442\u043a\u0440\u044b\u0442\u043e\u0435 \u043c\u043e\u0440\u0435",
    "source_session": 12,
    "noaa_depth": -173.24728393554688,
    "noaa_type": "depth",
    "osm_piers": 0,
    "osm_lighthouses": 0,
    "osm_breakwaters": 0,
    "osm_harbors": 0,
    "osm_rivers": 0,
    "osm_lakes": 0,
    "osm_beaches": 0,
    "osm_cliffs": 0,
    "osm_industrial": 0
   },
   "geometry": {
    "type": "Point",
    "coordinates": [
     10.542234329351722,
     58.5280630845596
    ]
   }
  },
  {
   "type": "Feature",
   "properties": {
    "timestamp": "2026-07-02T06:29:21.701407",
    "latitude": 56.96722613447229,
    "longitude": 17.02072842139016,
    "elevation": 0.0,
    "class_code": "COASTAL_SEA",
    "class_name": "\u041f\u0440\u0438\u0431\u0435\u0440\u0435\u0436\u044c\u0435 (\u043c\u043e\u0440\u0435)",
    "source_session": 10,
    "noaa_depth": -19.8435001373291,
    "noaa_type": "depth",
    "osm_piers": 0,
    "osm_lighthouses": 0,
    "osm_breakwaters": 0,
    "osm_harbors": 0,
    "osm_rivers": 0,
    "osm_lakes": 0,
    "osm_beaches": 0,
    "osm_cliffs": 0,
    "osm_industrial": 0
   },
   "geometry": {
    "type": "Point",
    "coordinates": [
     17.02072842139016,
     56.96722613447229
    ]
   }
  },
  {
   "type": "Feature",
   "properties": {
    "timestamp": "2026-07-02T03:53:19.597029",
    "latitude": 54.05661258115536,
    "longitude": 10.762075599572565,
    "elevation": 0.0,
    "class_code": "COASTAL_SEA",
    "class_name": "\u041f\u0440\u0438\u0431\u0435\u0440\u0435\u0436\u044c\u0435 (\u043c\u043e\u0440\u0435)",
    "source_session": 9,
    "noaa_depth": -1.9999999999991118,
    "noaa_type": "depth",
    "osm_piers": 0,
    "osm_lighthouses": 0,
    "osm_breakwaters": 0,
    "osm_harbors": 0,
    "osm_rivers": 0,
    "osm_lakes": 0,
    "osm_beaches": 0,
    "osm_cliffs": 0,
    "osm_industrial": 0
   },
   "geometry": {
    "type": "Point",
    "coordinates": [
     10.762075599572565,
     54.05661258115536
    ]
   }
  },
  {
   "type": "Feature",
   "properties": {
    "timestamp": "2026-07-02T06:01:43.989698",
    "latitude": 56.950861606141196,
    "longitude": 17.47476320429521,
    "elevation": 0.0,
    "class_code": "OPEN_SEA",
    "class_name": "\u041e\u0442\u043a\u0440\u044b\u0442\u043e\u0435 \u043c\u043e\u0440\u0435",
    "source_session": 10,
    "noaa_depth": -103.03686141967773,
    "noaa_type": "depth",
    "osm_piers": 0,
    "osm_lighthouses": 0,
    "osm_breakwaters": 0,
    "osm_harbors": 0,
    "osm_rivers": 0,
    "osm_lakes": 0,
    "osm_beaches": 0,
    "osm_cliffs": 0,
    "osm_industrial": 0
   },
   "geometry": {
    "type": "Point",
    "coordinates": [
     17.47476320429521,
     56.950861606141196
    ]
   }
  },
  {
   "type": "Feature",
   "properties": {
    "timestamp": "2026-07-02T03:24:42.531351",
    "latitude": 54.076237500213466,
    "longitude": 11.425508682618698,
    "elevation": 0.0,
    "class_code": "COASTAL_SEA",
    "class_name": "\u041f\u0440\u0438\u0431\u0435\u0440\u0435\u0436\u044c\u0435 (\u043c\u043e\u0440\u0435)",
    "source_session": 9,
    "noaa_depth": -11.999425888061523,
    "noaa_type": "depth",
    "osm_piers": 0,
    "osm_lighthouses": 0,
    "osm_breakwaters": 0,
    "osm_harbors": 0,
    "osm_rivers": 0,
    "osm_lakes": 0,
    "osm_beaches": 0,
    "osm_cliffs": 0,
    "osm_industrial": 0
   },
   "geometry": {
    "type": "Point",
    "coordinates": [
     11.425508682618698,
     54.076237500213466
    ]
   }
  },
  {
   "type": "Feature",
   "properties": {
    "timestamp": "2026-07-02T03:19:04.603280",
    "latitude": 54.07333047960552,
    "longitude": 11.529451041618763,
    "elevation": 1.0,
    "class_code": "COASTAL_SEA",
    "class_name": "\u041f\u0440\u0438\u0431\u0435\u0440\u0435\u0436\u044c\u0435 (\u043c\u043e\u0440\u0435)",
    "source_session": 9,
    "noaa_depth": -0.49608195549764034,
    "noaa_type": "depth",
    "osm_piers": 0,
    "osm_lighthouses": 0,
    "osm_breakwaters": 0,
    "osm_harbors": 0,
    "osm_rivers": 0,
    "osm_lakes": 0,
    "osm_beaches": 0,
    "osm_cliffs": 0,
    "osm_industrial": 0
   },
   "geometry": {
    "type": "Point",
    "coordinates": [
     11.529451041618763,
     54.07333047960552
    ]
   }
  },
  {
   "type": "Feature",
   "properties": {
    "timestamp": "2026-07-02T06:02:30.831043",
    "latitude": 56.950650859681225,
    "longitude": 17.508909194834654,
    "elevation": 0.0,
    "class_code": "OPEN_SEA",
    "class_name": "\u041e\u0442\u043a\u0440\u044b\u0442\u043e\u0435 \u043c\u043e\u0440\u0435",
    "source_session": 10,
    "noaa_depth": -101.13456726074219,
    "noaa_type": "depth",
    "osm_piers": 0,
    "osm_lighthouses": 0,
    "osm_breakwaters": 0,
    "osm_harbors": 0,
    "osm_rivers": 0,
    "osm_lakes": 0,
    "osm_beaches": 0,
    "osm_cliffs": 0,
    "osm_industrial": 0
   },
   "geometry": {
    "type": "Point",
    "coordinates": [
     17.508909194834654,
     56.950650859681225
    ]
   }
  },
  {
   "type": "Feature",
   "properties": {
    "timestamp": "2026-07-02T02:35:27.770754",
    "latitude": 54.053545226571664,
    "longitude": 10.909023416965253,
    "elevation": 0.0,
    "class_code": "COASTAL_SEA",
    "class_name": "\u041f\u0440\u0438\u0431\u0435\u0440\u0435\u0436\u044c\u0435 (\u043c\u043e\u0440\u0435)",
    "source_session": 9,
    "noaa_depth": -22.65407371520996,
    "noaa_type": "depth",
    "osm_piers": 0,
    "osm_lighthouses": 0,
    "osm_breakwaters": 0,
    "osm_harbors": 0,
    "osm_rivers": 0,
    "osm_lakes": 0,
    "osm_beaches": 0,
    "osm_cliffs": 0,
    "osm_industrial": 0
   },
   "geometry": {
    "type": "Point",
    "coordinates": [
     10.909023416965253,
     54.053545226571664
    ]
   }
  },
  {
   "type": "Feature",
   "properties": {
    "timestamp": "2026-07-10T20:31:46.137198",
    "latitude": 55.61099102234579,
    "longitude": 13.729605348008654,
    "elevation": 53.0,
    "class_code": "NEAR_COAST",
    "class_name": "\u041f\u043e\u0431\u0435\u0440\u0435\u0436\u044c\u0435 (\u0441\u0443\u0448\u0430)",
    "source_session": 13,
    "noaa_depth": 47.83797836303518,
    "noaa_type": "height",
    "osm_piers": 0,
    "osm_lighthouses": 0,
    "osm_breakwaters": 0,
    "osm_harbors": 0,
    "osm_rivers": 0,
    "osm_lakes": 0,
    "osm_beaches": 0,
    "osm_cliffs": 0,
    "osm_industrial": 0
   },
   "geometry": {
    "type": "Point",
    "coordinates": [
     13.729605348008654,
     55.61099102234579
    ]
   }
  },
  {
   "type": "Feature",
   "properties": {
    "timestamp": "2026-07-02T06:45:48.050707",
    "latitude": 56.964862659456344,
    "longitude": 16.930120302563115,
    "elevation": 0.0,
    "class_code": "COASTAL_SEA",
    "class_name": "\u041f\u0440\u0438\u0431\u0435\u0440\u0435\u0436\u044c\u0435 (\u043c\u043e\u0440\u0435)",
    "source_session": 10,
    "noaa_depth": -9.978141784667969,
    "noaa_type": "depth",
    "osm_piers": 0,
    "osm_lighthouses": 0,
    "osm_breakwaters": 0,
    "osm_harbors": 0,
    "osm_rivers": 0,
    "osm_lakes": 0,
    "osm_beaches": 0,
    "osm_cliffs": 0,
    "osm_industrial": 0
   },
   "geometry": {
    "type": "Point",
    "coordinates": [
     16.930120302563115,
     56.964862659456344
    ]
   }
  },
  {
   "type": "Feature",
   "properties": {
    "timestamp": "2026-07-02T07:02:29.290866",
    "latitude": 58.51967512829448,
    "longitude": 9.610439199178595,
    "elevation": 0.0,
    "class_code": "OPEN_SEA",
    "class_name": "\u041e\u0442\u043a\u0440\u044b\u0442\u043e\u0435 \u043c\u043e\u0440\u0435",
    "source_session": 12,
    "noaa_depth": -543.8336791992188,
    "noaa_type": "depth",
    "osm_piers": 0,
    "osm_lighthouses": 0,
    "osm_breakwaters": 0,
    "osm_harbors": 0,
    "osm_rivers": 0,
    "osm_lakes": 0,
    "osm_beaches": 0,
    "osm_cliffs": 0,
    "osm_industrial": 0
   },
   "geometry": {
    "type": "Point",
    "coordinates": [
     9.610439199178595,
     58.51967512829448
    ]
   }
  },
  {
   "type": "Feature",
   "properties": {
    "timestamp": "2026-07-02T07:11:36.796859",
    "latitude": 58.5227580030193,
    "longitude": 9.890186001794772,
    "elevation": 0.0,
    "class_code": "OPEN_SEA",
    "class_name": "\u041e\u0442\u043a\u0440\u044b\u0442\u043e\u0435 \u043c\u043e\u0440\u0435",
    "source_session": 12,
    "noaa_depth": -537.662353515625,
    "noaa_type": "depth",
    "osm_piers": 0,
    "osm_lighthouses": 0,
    "osm_breakwaters": 0,
    "osm_harbors": 0,
    "osm_rivers": 0,
    "osm_lakes": 0,
    "osm_beaches": 0,
    "osm_cliffs": 0,
    "osm_industrial": 0
   },
   "geometry": {
    "type": "Point",
    "coordinates": [
     9.890186001794772,
     58.5227580030193
    ]
   }
  },
  {
   "type": "Feature",
   "properties": {
    "timestamp": "2026-07-02T06:11:29.397406",
    "latitude": 56.96500447445126,
    "longitude": 17.324389850472652,
    "elevation": 0.0,
    "class_code": "COASTAL_SEA",
    "class_name": "\u041f\u0440\u0438\u0431\u0435\u0440\u0435\u0436\u044c\u0435 (\u043c\u043e\u0440\u0435)",
    "source_session": 10,
    "noaa_depth": -72.91549682617188,
    "noaa_type": "depth",
    "osm_piers": 0,
    "osm_lighthouses": 0,
    "osm_breakwaters": 0,
    "osm_harbors": 0,
    "osm_rivers": 0,
    "osm_lakes": 0,
    "osm_beaches": 0,
    "osm_cliffs": 0,
    "osm_industrial": 0
   },
   "geometry": {
    "type": "Point",
    "coordinates": [
     17.324389850472652,
     56.96500447445126
    ]
   }
  },
  {
   "type": "Feature",
   "properties": {
    "timestamp": "2026-07-02T07:05:08.406225",
    "latitude": 58.520477214063646,
    "longitude": 9.667888723887266,
    "elevation": 0.0,
    "class_code": "OPEN_SEA",
    "class_name": "\u041e\u0442\u043a\u0440\u044b\u0442\u043e\u0435 \u043c\u043e\u0440\u0435",
    "source_session": 12,
    "noaa_depth": -545.7105712890625,
    "noaa_type": "depth",
    "osm_piers": 0,
    "osm_lighthouses": 0,
    "osm_breakwaters": 0,
    "osm_harbors": 0,
    "osm_rivers": 0,
    "osm_lakes": 0,
    "osm_beaches": 0,
    "osm_cliffs": 0,
    "osm_industrial": 0
   },
   "geometry": {
    "type": "Point",
    "coordinates": [
     9.667888723887266,
     58.520477214063646
    ]
   }
  },
  {
   "type": "Feature",
   "properties": {
    "timestamp": "2026-07-02T07:26:52.874392",
    "latitude": 58.52832963794147,
    "longitude": 10.498760754039715,
    "elevation": 0.0,
    "class_code": "OPEN_SEA",
    "class_name": "\u041e\u0442\u043a\u0440\u044b\u0442\u043e\u0435 \u043c\u043e\u0440\u0435",
    "source_session": 12,
    "noaa_depth": -200.9325408935547,
    "noaa_type": "depth",
    "osm_piers": 0,
    "osm_lighthouses": 0,
    "osm_breakwaters": 0,
    "osm_harbors": 0,
    "osm_rivers": 0,
    "osm_lakes": 0,
    "osm_beaches": 0,
    "osm_cliffs": 0,
    "osm_industrial": 0
   },
   "geometry": {
    "type": "Point",
    "coordinates": [
     10.498760754039715,
     58.52832963794147
    ]
   }
  },
  {
   "type": "Feature",
   "properties": {
    "timestamp": "2026-07-02T06:18:52.373583",
    "latitude": 56.96997962915085,
    "longitude": 17.064574113651982,
    "elevation": 0.0,
    "class_code": "COASTAL_SEA",
    "class_name": "\u041f\u0440\u0438\u0431\u0435\u0440\u0435\u0436\u044c\u0435 (\u043c\u043e\u0440\u0435)",
    "source_session": 10,
    "noaa_depth": -32.16485595703125,
    "noaa_type": "depth",
    "osm_piers": 0,
    "osm_lighthouses": 0,
    "osm_breakwaters": 0,
    "osm_harbors": 0,
    "osm_rivers": 0,
    "osm_lakes": 0,
    "osm_beaches": 0,
    "osm_cliffs": 0,
    "osm_industrial": 0
   },
   "geometry": {
    "type": "Point",
    "coordinates": [
     17.064574113651982,
     56.96997962915085
    ]
   }
  },
  {
   "type": "Feature",
   "properties": {
    "timestamp": "2026-07-02T05:48:38.256012",
    "latitude": 56.95922253091442,
    "longitude": 17.514102034981416,
    "elevation": 0.0,
    "class_code": "OPEN_SEA",
    "class_name": "\u041e\u0442\u043a\u0440\u044b\u0442\u043e\u0435 \u043c\u043e\u0440\u0435",
    "source_session": 10,
    "noaa_depth": -102.87457275390626,
    "noaa_type": "depth",
    "osm_piers": 0,
    "osm_lighthouses": 0,
    "osm_breakwaters": 0,
    "osm_harbors": 0,
    "osm_rivers": 0,
    "osm_lakes": 0,
    "osm_beaches": 0,
    "osm_cliffs": 0,
    "osm_industrial": 0
   },
   "geometry": {
    "type": "Point",
    "coordinates": [
     17.514102034981416,
     56.95922253091442
    ]
   }
  },
  {
   "type": "Feature",
   "properties": {
    "timestamp": "2026-07-02T04:01:20.034437",
    "latitude": 54.06878376462503,
    "longitude": 11.005691823294445,
    "elevation": 0.0,
    "class_code": "COASTAL_SEA",
    "class_name": "\u041f\u0440\u0438\u0431\u0435\u0440\u0435\u0436\u044c\u0435 (\u043c\u043e\u0440\u0435)",
    "source_session": 9,
    "noaa_depth": -22.490829467773438,
    "noaa_type": "depth",
    "osm_piers": 0,
    "osm_lighthouses": 0,
    "osm_breakwaters": 0,
    "osm_harbors": 0,
    "osm_rivers": 0,
    "osm_lakes": 0,
    "osm_beaches": 0,
    "osm_cliffs": 0,
    "osm_industrial": 0
   },
   "geometry": {
    "type": "Point",
    "coordinates": [
     11.005691823294445,
     54.06878376462503
    ]
   }
  },
  {
   "type": "Feature",
   "properties": {
    "timestamp": "2026-07-02T03:29:47.354737",
    "latitude": 54.07491544096802,
    "longitude": 11.311154444422932,
    "elevation": 0.0,
    "class_code": "COASTAL_SEA",
    "class_name": "\u041f\u0440\u0438\u0431\u0435\u0440\u0435\u0436\u044c\u0435 (\u043c\u043e\u0440\u0435)",
    "source_session": 9,
    "noaa_depth": -12.772550106047518,
    "noaa_type": "depth",
    "osm_piers": 0,
    "osm_lighthouses": 0,
    "osm_breakwaters": 0,
    "osm_harbors": 0,
    "osm_rivers": 0,
    "osm_lakes": 0,
    "osm_beaches": 0,
    "osm_cliffs": 0,
    "osm_industrial": 0
   },
   "geometry": {
    "type": "Point",
    "coordinates": [
     11.311154444422932,
     54.07491544096802
    ]
   }
  },
  {
   "type": "Feature",
   "properties": {
    "timestamp": "2026-07-02T07:26:31.169452",
    "latitude": 58.52853123159719,
    "longitude": 10.480104686411973,
    "elevation": 0.0,
    "class_code": "OPEN_SEA",
    "class_name": "\u041e\u0442\u043a\u0440\u044b\u0442\u043e\u0435 \u043c\u043e\u0440\u0435",
    "source_session": 12,
    "noaa_depth": -213.57254028320312,
    "noaa_type": "depth",
    "osm_piers": 0,
    "osm_lighthouses": 0,
    "osm_breakwaters": 0,
    "osm_harbors": 0,
    "osm_rivers": 0,
    "osm_lakes": 0,
    "osm_beaches": 0,
    "osm_cliffs": 0,
    "osm_industrial": 0
   },
   "geometry": {
    "type": "Point",
    "coordinates": [
     10.480104686411973,
     58.52853123159719
    ]
   }
  },
  {
   "type": "Feature",
   "properties": {
    "timestamp": "2026-07-02T06:39:51.734099",
    "latitude": 56.96218852676451,
    "longitude": 17.348864978221073,
    "elevation": 0.0,
    "class_code": "COASTAL_SEA",
    "class_name": "\u041f\u0440\u0438\u0431\u0435\u0440\u0435\u0436\u044c\u0435 (\u043c\u043e\u0440\u0435)",
    "source_session": 10,
    "noaa_depth": -78.99760818481445,
    "noaa_type": "depth",
    "osm_piers": 0,
    "osm_lighthouses": 0,
    "osm_breakwaters": 0,
    "osm_harbors": 0,
    "osm_rivers": 0,
    "osm_lakes": 0,
    "osm_beaches": 0,
    "osm_cliffs": 0,
    "osm_industrial": 0
   },
   "geometry": {
    "type": "Point",
    "coordinates": [
     17.348864978221073,
     56.96218852676451
    ]
   }
  },
  {
   "type": "Feature",
   "properties": {
    "timestamp": "2026-07-02T07:50:43.030202",
    "latitude": 58.520776916542694,
    "longitude": 10.008745712799248,
    "elevation": 0.0,
    "class_code": "OPEN_SEA",
    "class_name": "\u041e\u0442\u043a\u0440\u044b\u0442\u043e\u0435 \u043c\u043e\u0440\u0435",
    "source_session": 12,
    "noaa_depth": -545.2739715576045,
    "noaa_type": "depth",
    "osm_piers": 0,
    "osm_lighthouses": 0,
    "osm_breakwaters": 0,
    "osm_harbors": 0,
    "osm_rivers": 0,
    "osm_lakes": 0,
    "osm_beaches": 0,
    "osm_cliffs": 0,
    "osm_industrial": 0
   },
   "geometry": {
    "type": "Point",
    "coordinates": [
     10.008745712799248,
     58.520776916542694
    ]
   }
  },
  {
   "type": "Feature",
   "properties": {
    "timestamp": "2026-07-03T14:02:36.185679",
    "latitude": 57.35719237838088,
    "longitude": 9.585394491865339,
    "elevation": 0.0,
    "class_code": "COASTAL_SEA",
    "class_name": "\u041f\u0440\u0438\u0431\u0435\u0440\u0435\u0436\u044c\u0435 (\u043c\u043e\u0440\u0435)",
    "source_session": 3,
    "noaa_depth": -13.312731742858887,
    "noaa_type": "depth",
    "osm_piers": 0,
    "osm_lighthouses": 0,
    "osm_breakwaters": 0,
    "osm_harbors": 0,
    "osm_rivers": 0,
    "osm_lakes": 0,
    "osm_beaches": 0,
    "osm_cliffs": 0,
    "osm_industrial": 0
   },
   "geometry": {
    "type": "Point",
    "coordinates": [
     9.585394491865339,
     57.35719237838088
    ]
   }
  },
  {
   "type": "Feature",
   "properties": {
    "timestamp": "2026-07-02T05:51:20.719902",
    "latitude": 56.957128532681295,
    "longitude": 17.466899475232296,
    "elevation": 0.0,
    "class_code": "OPEN_SEA",
    "class_name": "\u041e\u0442\u043a\u0440\u044b\u0442\u043e\u0435 \u043c\u043e\u0440\u0435",
    "source_session": 10,
    "noaa_depth": -103.11010360717707,
    "noaa_type": "depth",
    "osm_piers": 0,
    "osm_lighthouses": 0,
    "osm_breakwaters": 0,
    "osm_harbors": 0,
    "osm_rivers": 0,
    "osm_lakes": 0,
    "osm_beaches": 0,
    "osm_cliffs": 0,
    "osm_industrial": 0
   },
   "geometry": {
    "type": "Point",
    "coordinates": [
     17.466899475232296,
     56.957128532681295
    ]
   }
  },
  {
   "type": "Feature",
   "properties": {
    "timestamp": "2026-07-02T06:34:56.016202",
    "latitude": 56.96323521019941,
    "longitude": 17.265366980145952,
    "elevation": 0.0,
    "class_code": "COASTAL_SEA",
    "class_name": "\u041f\u0440\u0438\u0431\u0435\u0440\u0435\u0436\u044c\u0435 (\u043c\u043e\u0440\u0435)",
    "source_session": 10,
    "noaa_depth": -62.81310272216797,
    "noaa_type": "depth",
    "osm_piers": 0,
    "osm_lighthouses": 0,
    "osm_breakwaters": 0,
    "osm_harbors": 0,
    "osm_rivers": 0,
    "osm_lakes": 0,
    "osm_beaches": 0,
    "osm_cliffs": 0,
    "osm_industrial": 0
   },
   "geometry": {
    "type": "Point",
    "coordinates": [
     17.265366980145952,
     56.96323521019941
    ]
   }
  },
  {
   "type": "Feature",
   "properties": {
    "timestamp": "2026-07-02T07:07:45.110236",
    "latitude": 58.521110167948436,
    "longitude": 9.733929922652337,
    "elevation": 0.0,
    "class_code": "OPEN_SEA",
    "class_name": "\u041e\u0442\u043a\u0440\u044b\u0442\u043e\u0435 \u043c\u043e\u0440\u0435",
    "source_session": 12,
    "noaa_depth": -586.630615234375,
    "noaa_type": "depth",
    "osm_piers": 0,
    "osm_lighthouses": 0,
    "osm_breakwaters": 0,
    "osm_harbors": 0,
    "osm_rivers": 0,
    "osm_lakes": 0,
    "osm_beaches": 0,
    "osm_cliffs": 0,
    "osm_industrial": 0
   },
   "geometry": {
    "type": "Point",
    "coordinates": [
     9.733929922652337,
     58.521110167948436
    ]
   }
  },
  {
   "type": "Feature",
   "properties": {
    "timestamp": "2026-07-02T03:35:08.800433",
    "latitude": 54.072561687017185,
    "longitude": 11.277792500702002,
    "elevation": 0.0,
    "class_code": "COASTAL_SEA",
    "class_name": "\u041f\u0440\u0438\u0431\u0435\u0440\u0435\u0436\u044c\u0435 (\u043c\u043e\u0440\u0435)",
    "source_session": 9,
    "noaa_depth": -11.1776123046875,
    "noaa_type": "depth",
    "osm_piers": 0,
    "osm_lighthouses": 0,
    "osm_breakwaters": 0,
    "osm_harbors": 0,
    "osm_rivers": 0,
    "osm_lakes": 0,
    "osm_beaches": 0,
    "osm_cliffs": 0,
    "osm_industrial": 0
   },
   "geometry": {
    "type": "Point",
    "coordinates": [
     11.277792500702002,
     54.072561687017185
    ]
   }
  },
  {
   "type": "Feature",
   "properties": {
    "timestamp": "2026-07-02T06:24:44.294611",
    "latitude": 56.973626872298496,
    "longitude": 16.87172343336003,
    "elevation": 4.0,
    "class_code": "NEAR_COAST",
    "class_name": "\u041f\u043e\u0431\u0435\u0440\u0435\u0436\u044c\u0435 (\u0441\u0443\u0448\u0430)",
    "source_session": 10,
    "noaa_depth": 4.239999771118164,
    "noaa_type": "height",
    "osm_piers": 0,
    "osm_lighthouses": 0,
    "osm_breakwaters": 0,
    "osm_harbors": 0,
    "osm_rivers": 0,
    "osm_lakes": 0,
    "osm_beaches": 0,
    "osm_cliffs": 0,
    "osm_industrial": 0
   },
   "geometry": {
    "type": "Point",
    "coordinates": [
     16.87172343336003,
     56.973626872298496
    ]
   }
  },
  {
   "type": "Feature",
   "properties": {
    "timestamp": "2026-07-02T02:41:32.283900",
    "latitude": 54.05988283865119,
    "longitude": 11.072065911414759,
    "elevation": 0.0,
    "class_code": "COASTAL_SEA",
    "class_name": "\u041f\u0440\u0438\u0431\u0435\u0440\u0435\u0436\u044c\u0435 (\u043c\u043e\u0440\u0435)",
    "source_session": 9,
    "noaa_depth": -23.684326171875,
    "noaa_type": "depth",
    "osm_piers": 0,
    "osm_lighthouses": 0,
    "osm_breakwaters": 0,
    "osm_harbors": 0,
    "osm_rivers": 0,
    "osm_lakes": 0,
    "osm_beaches": 0,
    "osm_cliffs": 0,
    "osm_industrial": 0
   },
   "geometry": {
    "type": "Point",
    "coordinates": [
     11.072065911414759,
     54.05988283865119
    ]
   }
  },
  {
   "type": "Feature",
   "properties": {
    "timestamp": "2026-07-02T03:27:31.723612",
    "latitude": 54.075887138075785,
    "longitude": 11.35821297891785,
    "elevation": 0.0,
    "class_code": "COASTAL_SEA",
    "class_name": "\u041f\u0440\u0438\u0431\u0435\u0440\u0435\u0436\u044c\u0435 (\u043c\u043e\u0440\u0435)",
    "source_session": 9,
    "noaa_depth": -9.956474781036377,
    "noaa_type": "depth",
    "osm_piers": 0,
    "osm_lighthouses": 0,
    "osm_breakwaters": 0,
    "osm_harbors": 0,
    "osm_rivers": 0,
    "osm_lakes": 0,
    "osm_beaches": 0,
    "osm_cliffs": 0,
    "osm_industrial": 0
   },
   "geometry": {
    "type": "Point",
    "coordinates": [
     11.35821297891785,
     54.075887138075785
    ]
   }
  },
  {
   "type": "Feature",
   "properties": {
    "timestamp": "2026-07-02T07:30:10.558603",
    "latitude": 58.528349797372016,
    "longitude": 10.629353227433832,
    "elevation": 0.0,
    "class_code": "OPEN_SEA",
    "class_name": "\u041e\u0442\u043a\u0440\u044b\u0442\u043e\u0435 \u043c\u043e\u0440\u0435",
    "source_session": 12,
    "noaa_depth": -153.34949493408104,
    "noaa_type": "depth",
    "osm_piers": 0,
    "osm_lighthouses": 0,
    "osm_breakwaters": 0,
    "osm_harbors": 0,
    "osm_rivers": 0,
    "osm_lakes": 0,
    "osm_beaches": 0,
    "osm_cliffs": 0,
    "osm_industrial": 0
   },
   "geometry": {
    "type": "Point",
    "coordinates": [
     10.629353227433832,
     58.528349797372016
    ]
   }
  },
  {
   "type": "Feature",
   "properties": {
    "timestamp": "2026-07-10T20:47:25.311383",
    "latitude": 53.93402319346516,
    "longitude": 15.030298213444086,
    "elevation": 36.0,
    "class_code": "NEAR_COAST",
    "class_name": "\u041f\u043e\u0431\u0435\u0440\u0435\u0436\u044c\u0435 (\u0441\u0443\u0448\u0430)",
    "source_session": 14,
    "noaa_depth": 28.475378036499027,
    "noaa_type": "height",
    "osm_piers": 0,
    "osm_lighthouses": 0,
    "osm_breakwaters": 0,
    "osm_harbors": 0,
    "osm_rivers": 0,
    "osm_lakes": 0,
    "osm_beaches": 0,
    "osm_cliffs": 0,
    "osm_industrial": 0
   },
   "geometry": {
    "type": "Point",
    "coordinates": [
     15.030298213444086,
     53.93402319346516
    ]
   }
  },
  {
   "type": "Feature",
   "properties": {
    "timestamp": "2026-07-02T06:03:43.501958",
    "latitude": 56.95051086439723,
    "longitude": 17.548491946946836,
    "elevation": 0.0,
    "class_code": "COASTAL_SEA",
    "class_name": "\u041f\u0440\u0438\u0431\u0435\u0440\u0435\u0436\u044c\u0435 (\u043c\u043e\u0440\u0435)",
    "source_session": 10,
    "noaa_depth": -96.53337860107422,
    "noaa_type": "depth",
    "osm_piers": 0,
    "osm_lighthouses": 0,
    "osm_breakwaters": 0,
    "osm_harbors": 0,
    "osm_rivers": 0,
    "osm_lakes": 0,
    "osm_beaches": 0,
    "osm_cliffs": 0,
    "osm_industrial": 0
   },
   "geometry": {
    "type": "Point",
    "coordinates": [
     17.548491946946836,
     56.95051086439723
    ]
   }
  },
  {
   "type": "Feature",
   "properties": {
    "timestamp": "2026-07-04T15:09:46.372751",
    "latitude": 61.463483397413995,
    "longitude": 8.907826617138339,
    "elevation": 0.0,
    "class_code": "COASTLINE",
    "class_name": "\u0421\u0443\u0448\u0430 \u0432\u0434\u0430\u043b\u0438 \u043e\u0442 \u043f\u043e\u0431\u0435\u0440\u0435\u0436\u044c\u044f",
    "source_session": 3,
    "noaa_depth": 1639.5422363281252,
    "noaa_type": "height",
    "osm_piers": 0,
    "osm_lighthouses": 0,
    "osm_breakwaters": 0,
    "osm_harbors": 0,
    "osm_rivers": 0,
    "osm_lakes": 0,
    "osm_beaches": 0,
    "osm_cliffs": 0,
    "osm_industrial": 0
   },
   "geometry": {
    "type": "Point",
    "coordinates": [
     8.907826617138339,
     61.463483397413995
    ]
   }
  },
  {
   "type": "Feature",
   "properties": {
    "timestamp": "2026-07-02T05:49:45.838635",
    "latitude": 56.957421184912846,
    "longitude": 17.431586393787736,
    "elevation": 0.0,
    "class_code": "OPEN_SEA",
    "class_name": "\u041e\u0442\u043a\u0440\u044b\u0442\u043e\u0435 \u043c\u043e\u0440\u0435",
    "source_session": 10,
    "noaa_depth": -101.65017700195312,
    "noaa_type": "depth",
    "osm_piers": 0,
    "osm_lighthouses": 0,
    "osm_breakwaters": 0,
    "osm_harbors": 0,
    "osm_rivers": 0,
    "osm_lakes": 0,
    "osm_beaches": 0,
    "osm_cliffs": 0,
    "osm_industrial": 0
   },
   "geometry": {
    "type": "Point",
    "coordinates": [
     17.431586393787736,
     56.957421184912846
    ]
   }
  },
  {
   "type": "Feature",
   "properties": {
    "timestamp": "2026-07-02T07:42:09.004557",
    "latitude": 58.51756168267924,
    "longitude": 9.684184996348694,
    "elevation": 0.0,
    "class_code": "OPEN_SEA",
    "class_name": "\u041e\u0442\u043a\u0440\u044b\u0442\u043e\u0435 \u043c\u043e\u0440\u0435",
    "source_session": 12,
    "noaa_depth": -536.9805297851562,
    "noaa_type": "depth",
    "osm_piers": 0,
    "osm_lighthouses": 0,
    "osm_breakwaters": 0,
    "osm_harbors": 0,
    "osm_rivers": 0,
    "osm_lakes": 0,
    "osm_beaches": 0,
    "osm_cliffs": 0,
    "osm_industrial": 0
   },
   "geometry": {
    "type": "Point",
    "coordinates": [
     9.684184996348694,
     58.51756168267924
    ]
   }
  },
  {
   "type": "Feature",
   "properties": {
    "timestamp": "2026-07-02T07:08:39.370709",
    "latitude": 58.52162993619266,
    "longitude": 9.769567520192092,
    "elevation": 0.0,
    "class_code": "OPEN_SEA",
    "class_name": "\u041e\u0442\u043a\u0440\u044b\u0442\u043e\u0435 \u043c\u043e\u0440\u0435",
    "source_session": 12,
    "noaa_depth": -582.6422729492188,
    "noaa_type": "depth",
    "osm_piers": 0,
    "osm_lighthouses": 0,
    "osm_breakwaters": 0,
    "osm_harbors": 0,
    "osm_rivers": 0,
    "osm_lakes": 0,
    "osm_beaches": 0,
    "osm_cliffs": 0,
    "osm_industrial": 0
   },
   "geometry": {
    "type": "Point",
    "coordinates": [
     9.769567520192092,
     58.52162993619266
    ]
   }
  },
  {
   "type": "Feature",
   "properties": {
    "timestamp": "2026-07-02T07:40:43.668570",
    "latitude": 58.51657579443497,
    "longitude": 9.638349893488854,
    "elevation": 0.0,
    "class_code": "OPEN_SEA",
    "class_name": "\u041e\u0442\u043a\u0440\u044b\u0442\u043e\u0435 \u043c\u043e\u0440\u0435",
    "source_session": 12,
    "noaa_depth": -518.3901977538924,
    "noaa_type": "depth",
    "osm_piers": 0,
    "osm_lighthouses": 0,
    "osm_breakwaters": 0,
    "osm_harbors": 0,
    "osm_rivers": 0,
    "osm_lakes": 0,
    "osm_beaches": 0,
    "osm_cliffs": 0,
    "osm_industrial": 0
   },
   "geometry": {
    "type": "Point",
    "coordinates": [
     9.638349893488854,
     58.51657579443497
    ]
   }
  },
  {
   "type": "Feature",
   "properties": {
    "timestamp": "2026-07-02T03:12:41.179549",
    "latitude": 54.06816864805799,
    "longitude": 11.345135900969183,
    "elevation": 0.0,
    "class_code": "COASTAL_SEA",
    "class_name": "\u041f\u0440\u0438\u0431\u0435\u0440\u0435\u0436\u044c\u0435 (\u043c\u043e\u0440\u0435)",
    "source_session": 9,
    "noaa_depth": -8.516474723815918,
    "noaa_type": "depth",
    "osm_piers": 0,
    "osm_lighthouses": 0,
    "osm_breakwaters": 0,
    "osm_harbors": 0,
    "osm_rivers": 0,
    "osm_lakes": 0,
    "osm_beaches": 0,
    "osm_cliffs": 0,
    "osm_industrial": 0
   },
   "geometry": {
    "type": "Point",
    "coordinates": [
     11.345135900969183,
     54.06816864805799
    ]
   }
  },
  {
   "type": "Feature",
   "properties": {
    "timestamp": "2026-07-02T11:55:15.819072",
    "latitude": 60.7536108432837,
    "longitude": 8.197157086909066,
    "elevation": 0.0,
    "class_code": "COASTLINE",
    "class_name": "\u0421\u0443\u0448\u0430 \u0432\u0434\u0430\u043b\u0438 \u043e\u0442 \u043f\u043e\u0431\u0435\u0440\u0435\u0436\u044c\u044f",
    "source_session": 5,
    "noaa_depth": 1310.91259765625,
    "noaa_type": "height",
    "osm_piers": 0,
    "osm_lighthouses": 0,
    "osm_breakwaters": 0,
    "osm_harbors": 0,
    "osm_rivers": 0,
    "osm_lakes": 0,
    "osm_beaches": 0,
    "osm_cliffs": 0,
    "osm_industrial": 0
   },
   "geometry": {
    "type": "Point",
    "coordinates": [
     8.197157086909066,
     60.7536108432837
    ]
   }
  },
  {
   "type": "Feature",
   "properties": {
    "timestamp": "2026-07-02T03:45:05.594367",
    "latitude": 54.0641018004715,
    "longitude": 11.02229769494956,
    "elevation": 0.0,
    "class_code": "COASTAL_SEA",
    "class_name": "\u041f\u0440\u0438\u0431\u0435\u0440\u0435\u0436\u044c\u0435 (\u043c\u043e\u0440\u0435)",
    "source_session": 9,
    "noaa_depth": -22.889692306518555,
    "noaa_type": "depth",
    "osm_piers": 0,
    "osm_lighthouses": 0,
    "osm_breakwaters": 0,
    "osm_harbors": 0,
    "osm_rivers": 0,
    "osm_lakes": 0,
    "osm_beaches": 0,
    "osm_cliffs": 0,
    "osm_industrial": 0
   },
   "geometry": {
    "type": "Point",
    "coordinates": [
     11.02229769494956,
     54.0641018004715
    ]
   }
  },
  {
   "type": "Feature",
   "properties": {
    "timestamp": "2026-07-02T08:03:38.149475",
    "latitude": 58.52500675836609,
    "longitude": 10.4690267797216,
    "elevation": 0.0,
    "class_code": "OPEN_SEA",
    "class_name": "\u041e\u0442\u043a\u0440\u044b\u0442\u043e\u0435 \u043c\u043e\u0440\u0435",
    "source_session": 12,
    "noaa_depth": -222.5375442504955,
    "noaa_type": "depth",
    "osm_piers": 0,
    "osm_lighthouses": 0,
    "osm_breakwaters": 0,
    "osm_harbors": 0,
    "osm_rivers": 0,
    "osm_lakes": 0,
    "osm_beaches": 0,
    "osm_cliffs": 0,
    "osm_industrial": 0
   },
   "geometry": {
    "type": "Point",
    "coordinates": [
     10.4690267797216,
     58.52500675836609
    ]
   }
  },
  {
   "type": "Feature",
   "properties": {
    "timestamp": "2026-07-02T02:32:12.834087",
    "latitude": 54.05214910529648,
    "longitude": 10.871956244260371,
    "elevation": 0.0,
    "class_code": "COASTAL_SEA",
    "class_name": "\u041f\u0440\u0438\u0431\u0435\u0440\u0435\u0436\u044c\u0435 (\u043c\u043e\u0440\u0435)",
    "source_session": 9,
    "noaa_depth": -21.070432662963867,
    "noaa_type": "depth",
    "osm_piers": 0,
    "osm_lighthouses": 0,
    "osm_breakwaters": 0,
    "osm_harbors": 0,
    "osm_rivers": 0,
    "osm_lakes": 0,
    "osm_beaches": 0,
    "osm_cliffs": 0,
    "osm_industrial": 0
   },
   "geometry": {
    "type": "Point",
    "coordinates": [
     10.871956244260371,
     54.05214910529648
    ]
   }
  },
  {
   "type": "Feature",
   "properties": {
    "timestamp": "2026-07-02T03:35:58.440034",
    "latitude": 54.072196654398596,
    "longitude": 11.258792938158228,
    "elevation": 0.0,
    "class_code": "COASTAL_SEA",
    "class_name": "\u041f\u0440\u0438\u0431\u0435\u0440\u0435\u0436\u044c\u0435 (\u043c\u043e\u0440\u0435)",
    "source_session": 9,
    "noaa_depth": -16.462826728820882,
    "noaa_type": "depth",
    "osm_piers": 0,
    "osm_lighthouses": 0,
    "osm_breakwaters": 0,
    "osm_harbors": 0,
    "osm_rivers": 0,
    "osm_lakes": 0,
    "osm_beaches": 0,
    "osm_cliffs": 0,
    "osm_industrial": 0
   },
   "geometry": {
    "type": "Point",
    "coordinates": [
     11.258792938158228,
     54.072196654398596
    ]
   }
  },
  {
   "type": "Feature",
   "properties": {
    "timestamp": "2026-07-02T08:09:09.068953",
    "latitude": 58.52509188388126,
    "longitude": 10.684355155217727,
    "elevation": 0.0,
    "class_code": "OPEN_SEA",
    "class_name": "\u041e\u0442\u043a\u0440\u044b\u0442\u043e\u0435 \u043c\u043e\u0440\u0435",
    "source_session": 12,
    "noaa_depth": -147.7276382446261,
    "noaa_type": "depth",
    "osm_piers": 0,
    "osm_lighthouses": 0,
    "osm_breakwaters": 0,
    "osm_harbors": 0,
    "osm_rivers": 0,
    "osm_lakes": 0,
    "osm_beaches": 0,
    "osm_cliffs": 0,
    "osm_industrial": 0
   },
   "geometry": {
    "type": "Point",
    "coordinates": [
     10.684355155217727,
     58.52509188388126
    ]
   }
  },
  {
   "type": "Feature",
   "properties": {
    "timestamp": "2026-07-02T07:22:50.490749",
    "latitude": 58.52701029086311,
    "longitude": 10.313015878188022,
    "elevation": 0.0,
    "class_code": "OPEN_SEA",
    "class_name": "\u041e\u0442\u043a\u0440\u044b\u0442\u043e\u0435 \u043c\u043e\u0440\u0435",
    "source_session": 12,
    "noaa_depth": -329.6497802734375,
    "noaa_type": "depth",
    "osm_piers": 0,
    "osm_lighthouses": 0,
    "osm_breakwaters": 0,
    "osm_harbors": 0,
    "osm_rivers": 0,
    "osm_lakes": 0,
    "osm_beaches": 0,
    "osm_cliffs": 0,
    "osm_industrial": 0
   },
   "geometry": {
    "type": "Point",
    "coordinates": [
     10.313015878188022,
     58.52701029086311
    ]
   }
  },
  {
   "type": "Feature",
   "properties": {
    "timestamp": "2026-07-02T07:33:06.338776",
    "latitude": 58.52829378170738,
    "longitude": 10.703419081983212,
    "elevation": 0.0,
    "class_code": "OPEN_SEA",
    "class_name": "\u041e\u0442\u043a\u0440\u044b\u0442\u043e\u0435 \u043c\u043e\u0440\u0435",
    "source_session": 12,
    "noaa_depth": -142.50634765625,
    "noaa_type": "depth",
    "osm_piers": 0,
    "osm_lighthouses": 0,
    "osm_breakwaters": 0,
    "osm_harbors": 0,
    "osm_rivers": 0,
    "osm_lakes": 0,
    "osm_beaches": 0,
    "osm_cliffs": 0,
    "osm_industrial": 0
   },
   "geometry": {
    "type": "Point",
    "coordinates": [
     10.703419081983212,
     58.52829378170738
    ]
   }
  },
  {
   "type": "Feature",
   "properties": {
    "timestamp": "2026-07-03T01:03:30.018846",
    "latitude": 53.356399316886446,
    "longitude": 9.043420588739448,
    "elevation": 10.0,
    "class_code": "COASTLINE",
    "class_name": "\u0421\u0443\u0448\u0430 \u0432\u0434\u0430\u043b\u0438 \u043e\u0442 \u043f\u043e\u0431\u0435\u0440\u0435\u0436\u044c\u044f",
    "source_session": 11,
    "noaa_depth": 11.785467147827148,
    "noaa_type": "height",
    "osm_piers": 0,
    "osm_lighthouses": 0,
    "osm_breakwaters": 0,
    "osm_harbors": 0,
    "osm_rivers": 0,
    "osm_lakes": 0,
    "osm_beaches": 0,
    "osm_cliffs": 0,
    "osm_industrial": 0
   },
   "geometry": {
    "type": "Point",
    "coordinates": [
     9.043420588739448,
     53.356399316886446
    ]
   }
  },
  {
   "type": "Feature",
   "properties": {
    "timestamp": "2026-07-03T01:03:25.706652",
    "latitude": 53.330169854179154,
    "longitude": 8.818087923813486,
    "elevation": 15.0,
    "class_code": "COASTLINE",
    "class_name": "\u0421\u0443\u0448\u0430 \u0432\u0434\u0430\u043b\u0438 \u043e\u0442 \u043f\u043e\u0431\u0435\u0440\u0435\u0436\u044c\u044f",
    "source_session": 11,
    "noaa_depth": 14.251555442810059,
    "noaa_type": "height",
    "osm_piers": 0,
    "osm_lighthouses": 0,
    "osm_breakwaters": 0,
    "osm_harbors": 0,
    "osm_rivers": 0,
    "osm_lakes": 0,
    "osm_beaches": 0,
    "osm_cliffs": 0,
    "osm_industrial": 0
   },
   "geometry": {
    "type": "Point",
    "coordinates": [
     8.818087923813486,
     53.330169854179154
    ]
   }
  },
  {
   "type": "Feature",
   "properties": {
    "timestamp": "2026-07-02T02:29:32.657231",
    "latitude": 54.050725466524185,
    "longitude": 10.802985627027338,
    "elevation": 0.0,
    "class_code": "COASTAL_SEA",
    "class_name": "\u041f\u0440\u0438\u0431\u0435\u0440\u0435\u0436\u044c\u0435 (\u043c\u043e\u0440\u0435)",
    "source_session": 9,
    "noaa_depth": -17.066171646118164,
    "noaa_type": "depth",
    "osm_piers": 0,
    "osm_lighthouses": 0,
    "osm_breakwaters": 0,
    "osm_harbors": 0,
    "osm_rivers": 0,
    "osm_lakes": 0,
    "osm_beaches": 0,
    "osm_cliffs": 0,
    "osm_industrial": 0
   },
   "geometry": {
    "type": "Point",
    "coordinates": [
     10.802985627027338,
     54.050725466524185
    ]
   }
  },
  {
   "type": "Feature",
   "properties": {
    "timestamp": "2026-07-02T11:55:33.779589",
    "latitude": 61.69538022150763,
    "longitude": 8.13125077694696,
    "elevation": 0.0,
    "class_code": "COASTLINE",
    "class_name": "\u0421\u0443\u0448\u0430 \u0432\u0434\u0430\u043b\u0438 \u043e\u0442 \u043f\u043e\u0431\u0435\u0440\u0435\u0436\u044c\u044f",
    "source_session": 5,
    "noaa_depth": 1225.12109375,
    "noaa_type": "height",
    "osm_piers": 0,
    "osm_lighthouses": 0,
    "osm_breakwaters": 0,
    "osm_harbors": 0,
    "osm_rivers": 0,
    "osm_lakes": 0,
    "osm_beaches": 0,
    "osm_cliffs": 0,
    "osm_industrial": 0
   },
   "geometry": {
    "type": "Point",
    "coordinates": [
     8.13125077694696,
     61.69538022150763
    ]
   }
  },
  {
   "type": "Feature",
   "properties": {
    "timestamp": "2026-07-02T02:42:44.953198",
    "latitude": 54.060676181553895,
    "longitude": 11.094543211307116,
    "elevation": 0.0,
    "class_code": "COASTAL_SEA",
    "class_name": "\u041f\u0440\u0438\u0431\u0435\u0440\u0435\u0436\u044c\u0435 (\u043c\u043e\u0440\u0435)",
    "source_session": 9,
    "noaa_depth": -23.934326171875,
    "noaa_type": "depth",
    "osm_piers": 0,
    "osm_lighthouses": 0,
    "osm_breakwaters": 0,
    "osm_harbors": 0,
    "osm_rivers": 0,
    "osm_lakes": 0,
    "osm_beaches": 0,
    "osm_cliffs": 0,
    "osm_industrial": 0
   },
   "geometry": {
    "type": "Point",
    "coordinates": [
     11.094543211307116,
     54.060676181553895
    ]
   }
  },
  {
   "type": "Feature",
   "properties": {
    "timestamp": "2026-07-02T08:04:22.419495",
    "latitude": 58.525244213270895,
    "longitude": 10.503333334461658,
    "elevation": 0.0,
    "class_code": "OPEN_SEA",
    "class_name": "\u041e\u0442\u043a\u0440\u044b\u0442\u043e\u0435 \u043c\u043e\u0440\u0435",
    "source_session": 12,
    "noaa_depth": -197.29201507567944,
    "noaa_type": "depth",
    "osm_piers": 0,
    "osm_lighthouses": 0,
    "osm_breakwaters": 0,
    "osm_harbors": 0,
    "osm_rivers": 0,
    "osm_lakes": 0,
    "osm_beaches": 0,
    "osm_cliffs": 0,
    "osm_industrial": 0
   },
   "geometry": {
    "type": "Point",
    "coordinates": [
     10.503333334461658,
     58.525244213270895
    ]
   }
  },
  {
   "type": "Feature",
   "properties": {
    "timestamp": "2026-07-02T07:25:27.429982",
    "latitude": 58.527971246359066,
    "longitude": 10.424415573148082,
    "elevation": 0.0,
    "class_code": "OPEN_SEA",
    "class_name": "\u041e\u0442\u043a\u0440\u044b\u0442\u043e\u0435 \u043c\u043e\u0440\u0435",
    "source_session": 12,
    "noaa_depth": -261.6361083984375,
    "noaa_type": "depth",
    "osm_piers": 0,
    "osm_lighthouses": 0,
    "osm_breakwaters": 0,
    "osm_harbors": 0,
    "osm_rivers": 0,
    "osm_lakes": 0,
    "osm_beaches": 0,
    "osm_cliffs": 0,
    "osm_industrial": 0
   },
   "geometry": {
    "type": "Point",
    "coordinates": [
     10.424415573148082,
     58.527971246359066
    ]
   }
  },
  {
   "type": "Feature",
   "properties": {
    "timestamp": "2026-07-02T02:44:40.161875",
    "latitude": 54.06408489446786,
    "longitude": 11.203721039252196,
    "elevation": 0.0,
    "class_code": "COASTAL_SEA",
    "class_name": "\u041f\u0440\u0438\u0431\u0435\u0440\u0435\u0436\u044c\u0435 (\u043c\u043e\u0440\u0435)",
    "source_session": 9,
    "noaa_depth": -21.90260982513432,
    "noaa_type": "depth",
    "osm_piers": 0,
    "osm_lighthouses": 0,
    "osm_breakwaters": 0,
    "osm_harbors": 0,
    "osm_rivers": 0,
    "osm_lakes": 0,
    "osm_beaches": 0,
    "osm_cliffs": 0,
    "osm_industrial": 0
   },
   "geometry": {
    "type": "Point",
    "coordinates": [
     11.203721039252196,
     54.06408489446786
    ]
   }
  },
  {
   "type": "Feature",
   "properties": {
    "timestamp": "2026-07-02T05:54:03.374841",
    "latitude": 56.9562767052591,
    "longitude": 17.542261237243295,
    "elevation": 0.0,
    "class_code": "COASTAL_SEA",
    "class_name": "\u041f\u0440\u0438\u0431\u0435\u0440\u0435\u0436\u044c\u0435 (\u043c\u043e\u0440\u0435)",
    "source_session": 10,
    "noaa_depth": -96.85337829589844,
    "noaa_type": "depth",
    "osm_piers": 0,
    "osm_lighthouses": 0,
    "osm_breakwaters": 0,
    "osm_harbors": 0,
    "osm_rivers": 0,
    "osm_lakes": 0,
    "osm_beaches": 0,
    "osm_cliffs": 0,
    "osm_industrial": 0
   },
   "geometry": {
    "type": "Point",
    "coordinates": [
     17.542261237243295,
     56.9562767052591
    ]
   }
  },
  {
   "type": "Feature",
   "properties": {
    "timestamp": "2026-07-02T02:31:19.932264",
    "latitude": 54.05191227313336,
    "longitude": 10.861315122700903,
    "elevation": 0.0,
    "class_code": "COASTAL_SEA",
    "class_name": "\u041f\u0440\u0438\u0431\u0435\u0440\u0435\u0436\u044c\u0435 (\u043c\u043e\u0440\u0435)",
    "source_session": 9,
    "noaa_depth": -20.72736358642578,
    "noaa_type": "depth",
    "osm_piers": 0,
    "osm_lighthouses": 0,
    "osm_breakwaters": 0,
    "osm_harbors": 0,
    "osm_rivers": 0,
    "osm_lakes": 0,
    "osm_beaches": 0,
    "osm_cliffs": 0,
    "osm_industrial": 0
   },
   "geometry": {
    "type": "Point",
    "coordinates": [
     10.861315122700903,
     54.05191227313336
    ]
   }
  },
  {
   "type": "Feature",
   "properties": {
    "timestamp": "2026-07-02T06:19:08.560128",
    "latitude": 56.970178564293334,
    "longitude": 17.053267920504194,
    "elevation": 0.0,
    "class_code": "COASTAL_SEA",
    "class_name": "\u041f\u0440\u0438\u0431\u0435\u0440\u0435\u0436\u044c\u0435 (\u043c\u043e\u0440\u0435)",
    "source_session": 10,
    "noaa_depth": -19.854854583740234,
    "noaa_type": "depth",
    "osm_piers": 0,
    "osm_lighthouses": 0,
    "osm_breakwaters": 0,
    "osm_harbors": 0,
    "osm_rivers": 0,
    "osm_lakes": 0,
    "osm_beaches": 0,
    "osm_cliffs": 0,
    "osm_industrial": 0
   },
   "geometry": {
    "type": "Point",
    "coordinates": [
     17.053267920504194,
     56.970178564293334
    ]
   }
  },
  {
   "type": "Feature",
   "properties": {
    "timestamp": "2026-07-02T02:29:44.816639",
    "latitude": 54.0509395622012,
    "longitude": 10.813462221966756,
    "elevation": 0.0,
    "class_code": "COASTAL_SEA",
    "class_name": "\u041f\u0440\u0438\u0431\u0435\u0440\u0435\u0436\u044c\u0435 (\u043c\u043e\u0440\u0435)",
    "source_session": 9,
    "noaa_depth": -19.00617218017578,
    "noaa_type": "depth",
    "osm_piers": 0,
    "osm_lighthouses": 0,
    "osm_breakwaters": 0,
    "osm_harbors": 0,
    "osm_rivers": 0,
    "osm_lakes": 0,
    "osm_beaches": 0,
    "osm_cliffs": 0,
    "osm_industrial": 0
   },
   "geometry": {
    "type": "Point",
    "coordinates": [
     10.813462221966756,
     54.0509395622012
    ]
   }
  },
  {
   "type": "Feature",
   "properties": {
    "timestamp": "2026-07-04T15:17:23.787351",
    "latitude": 55.482051868278965,
    "longitude": 8.957862601886527,
    "elevation": 71.0,
    "class_code": "COASTLINE",
    "class_name": "\u0421\u0443\u0448\u0430 \u0432\u0434\u0430\u043b\u0438 \u043e\u0442 \u043f\u043e\u0431\u0435\u0440\u0435\u0436\u044c\u044f",
    "source_session": 3,
    "noaa_depth": 65.7403564453125,
    "noaa_type": "height",
    "osm_piers": 0,
    "osm_lighthouses": 0,
    "osm_breakwaters": 0,
    "osm_harbors": 0,
    "osm_rivers": 0,
    "osm_lakes": 0,
    "osm_beaches": 0,
    "osm_cliffs": 0,
    "osm_industrial": 0
   },
   "geometry": {
    "type": "Point",
    "coordinates": [
     8.957862601886527,
     55.482051868278965
    ]
   }
  },
  {
   "type": "Feature",
   "properties": {
    "timestamp": "2026-07-02T03:52:39.075210",
    "latitude": 54.0567712414542,
    "longitude": 10.791680567649268,
    "elevation": 0.0,
    "class_code": "COASTAL_SEA",
    "class_name": "\u041f\u0440\u0438\u0431\u0435\u0440\u0435\u0436\u044c\u0435 (\u043c\u043e\u0440\u0435)",
    "source_session": 9,
    "noaa_depth": -14.407603263854368,
    "noaa_type": "depth",
    "osm_piers": 0,
    "osm_lighthouses": 0,
    "osm_breakwaters": 0,
    "osm_harbors": 0,
    "osm_rivers": 0,
    "osm_lakes": 0,
    "osm_beaches": 0,
    "osm_cliffs": 0,
    "osm_industrial": 0
   },
   "geometry": {
    "type": "Point",
    "coordinates": [
     10.791680567649268,
     54.0567712414542
    ]
   }
  },
  {
   "type": "Feature",
   "properties": {
    "timestamp": "2026-07-02T06:38:11.901982",
    "latitude": 56.959621329435976,
    "longitude": 17.307154340712245,
    "elevation": 0.0,
    "class_code": "COASTAL_SEA",
    "class_name": "\u041f\u0440\u0438\u0431\u0435\u0440\u0435\u0436\u044c\u0435 (\u043c\u043e\u0440\u0435)",
    "source_session": 10,
    "noaa_depth": -71.7354965209961,
    "noaa_type": "depth",
    "osm_piers": 0,
    "osm_lighthouses": 0,
    "osm_breakwaters": 0,
    "osm_harbors": 0,
    "osm_rivers": 0,
    "osm_lakes": 0,
    "osm_beaches": 0,
    "osm_cliffs": 0,
    "osm_industrial": 0
   },
   "geometry": {
    "type": "Point",
    "coordinates": [
     17.307154340712245,
     56.959621329435976
    ]
   }
  },
  {
   "type": "Feature",
   "properties": {
    "timestamp": "2026-07-02T11:52:16.607438",
    "latitude": 59.72799559296695,
    "longitude": 9.29559558627736,
    "elevation": 521.0,
    "class_code": "COASTLINE",
    "class_name": "\u0421\u0443\u0448\u0430 \u0432\u0434\u0430\u043b\u0438 \u043e\u0442 \u043f\u043e\u0431\u0435\u0440\u0435\u0436\u044c\u044f",
    "source_session": 5,
    "noaa_depth": 500.4174041748047,
    "noaa_type": "height",
    "osm_piers": 0,
    "osm_lighthouses": 0,
    "osm_breakwaters": 0,
    "osm_harbors": 0,
    "osm_rivers": 0,
    "osm_lakes": 0,
    "osm_beaches": 0,
    "osm_cliffs": 0,
    "osm_industrial": 0
   },
   "geometry": {
    "type": "Point",
    "coordinates": [
     9.29559558627736,
     59.72799559296695
    ]
   }
  },
  {
   "type": "Feature",
   "properties": {
    "timestamp": "2026-07-04T15:16:47.354644",
    "latitude": 56.2950821959213,
    "longitude": 9.270030787878426,
    "elevation": 71.0,
    "class_code": "COASTLINE",
    "class_name": "\u0421\u0443\u0448\u0430 \u0432\u0434\u0430\u043b\u0438 \u043e\u0442 \u043f\u043e\u0431\u0435\u0440\u0435\u0436\u044c\u044f",
    "source_session": 3,
    "noaa_depth": 59.14004135131836,
    "noaa_type": "height",
    "osm_piers": 0,
    "osm_lighthouses": 0,
    "osm_breakwaters": 0,
    "osm_harbors": 0,
    "osm_rivers": 0,
    "osm_lakes": 0,
    "osm_beaches": 0,
    "osm_cliffs": 0,
    "osm_industrial": 0
   },
   "geometry": {
    "type": "Point",
    "coordinates": [
     9.270030787878426,
     56.2950821959213
    ]
   }
  },
  {
   "type": "Feature",
   "properties": {
    "timestamp": "2026-07-02T03:48:00.052437",
    "latitude": 54.06076277252348,
    "longitude": 10.937624379681667,
    "elevation": 0.0,
    "class_code": "COASTAL_SEA",
    "class_name": "\u041f\u0440\u0438\u0431\u0435\u0440\u0435\u0436\u044c\u0435 (\u043c\u043e\u0440\u0435)",
    "source_session": 9,
    "noaa_depth": -23.046497344970756,
    "noaa_type": "depth",
    "osm_piers": 0,
    "osm_lighthouses": 0,
    "osm_breakwaters": 0,
    "osm_harbors": 0,
    "osm_rivers": 0,
    "osm_lakes": 0,
    "osm_beaches": 0,
    "osm_cliffs": 0,
    "osm_industrial": 0
   },
   "geometry": {
    "type": "Point",
    "coordinates": [
     10.937624379681667,
     54.06076277252348
    ]
   }
  },
  {
   "type": "Feature",
   "properties": {
    "timestamp": "2026-07-02T07:21:11.005011",
    "latitude": 58.52707502132621,
    "longitude": 10.24827922197873,
    "elevation": 0.0,
    "class_code": "OPEN_SEA",
    "class_name": "\u041e\u0442\u043a\u0440\u044b\u0442\u043e\u0435 \u043c\u043e\u0440\u0435",
    "source_session": 12,
    "noaa_depth": -363.290283203125,
    "noaa_type": "depth",
    "osm_piers": 0,
    "osm_lighthouses": 0,
    "osm_breakwaters": 0,
    "osm_harbors": 0,
    "osm_rivers": 0,
    "osm_lakes": 0,
    "osm_beaches": 0,
    "osm_cliffs": 0,
    "osm_industrial": 0
   },
   "geometry": {
    "type": "Point",
    "coordinates": [
     10.24827922197873,
     58.52707502132621
    ]
   }
  },
  {
   "type": "Feature",
   "properties": {
    "timestamp": "2026-07-02T07:12:49.116811",
    "latitude": 58.52328446763653,
    "longitude": 9.93089014934618,
    "elevation": 0.0,
    "class_code": "OPEN_SEA",
    "class_name": "\u041e\u0442\u043a\u0440\u044b\u0442\u043e\u0435 \u043c\u043e\u0440\u0435",
    "source_session": 12,
    "noaa_depth": -522.6825561523438,
    "noaa_type": "depth",
    "osm_piers": 0,
    "osm_lighthouses": 0,
    "osm_breakwaters": 0,
    "osm_harbors": 0,
    "osm_rivers": 0,
    "osm_lakes": 0,
    "osm_beaches": 0,
    "osm_cliffs": 0,
    "osm_industrial": 0
   },
   "geometry": {
    "type": "Point",
    "coordinates": [
     9.93089014934618,
     58.52328446763653
    ]
   }
  },
  {
   "type": "Feature",
   "properties": {
    "timestamp": "2026-07-02T03:22:32.023944",
    "latitude": 54.07850095376529,
    "longitude": 11.467548082147573,
    "elevation": 0.0,
    "class_code": "COASTAL_SEA",
    "class_name": "\u041f\u0440\u0438\u0431\u0435\u0440\u0435\u0436\u044c\u0435 (\u043c\u043e\u0440\u0435)",
    "source_session": 9,
    "noaa_depth": -7.93399715423584,
    "noaa_type": "depth",
    "osm_piers": 0,
    "osm_lighthouses": 0,
    "osm_breakwaters": 0,
    "osm_harbors": 0,
    "osm_rivers": 0,
    "osm_lakes": 0,
    "osm_beaches": 0,
    "osm_cliffs": 0,
    "osm_industrial": 0
   },
   "geometry": {
    "type": "Point",
    "coordinates": [
     11.467548082147573,
     54.07850095376529
    ]
   }
  },
  {
   "type": "Feature",
   "properties": {
    "timestamp": "2026-07-02T07:33:49.535973",
    "latitude": 58.52852897443351,
    "longitude": 10.719863901088905,
    "elevation": 0.0,
    "class_code": "OPEN_SEA",
    "class_name": "\u041e\u0442\u043a\u0440\u044b\u0442\u043e\u0435 \u043c\u043e\u0440\u0435",
    "source_session": 12,
    "noaa_depth": -137.2163543701172,
    "noaa_type": "depth",
    "osm_piers": 0,
    "osm_lighthouses": 0,
    "osm_breakwaters": 0,
    "osm_harbors": 0,
    "osm_rivers": 0,
    "osm_lakes": 0,
    "osm_beaches": 0,
    "osm_cliffs": 0,
    "osm_industrial": 0
   },
   "geometry": {
    "type": "Point",
    "coordinates": [
     10.719863901088905,
     58.52852897443351
    ]
   }
  },
  {
   "type": "Feature",
   "properties": {
    "timestamp": "2026-07-02T07:43:34.021655",
    "latitude": 58.51826747202128,
    "longitude": 9.729139893486185,
    "elevation": 0.0,
    "class_code": "OPEN_SEA",
    "class_name": "\u041e\u0442\u043a\u0440\u044b\u0442\u043e\u0435 \u043c\u043e\u0440\u0435",
    "source_session": 12,
    "noaa_depth": -585.1779785156191,
    "noaa_type": "depth",
    "osm_piers": 0,
    "osm_lighthouses": 0,
    "osm_breakwaters": 0,
    "osm_harbors": 0,
    "osm_rivers": 0,
    "osm_lakes": 0,
    "osm_beaches": 0,
    "osm_cliffs": 0,
    "osm_industrial": 0
   },
   "geometry": {
    "type": "Point",
    "coordinates": [
     9.729139893486185,
     58.51826747202128
    ]
   }
  },
  {
   "type": "Feature",
   "properties": {
    "timestamp": "2026-07-02T03:05:18.133149",
    "latitude": 54.066768771244654,
    "longitude": 11.290155245969624,
    "elevation": 0.0,
    "class_code": "COASTAL_SEA",
    "class_name": "\u041f\u0440\u0438\u0431\u0435\u0440\u0435\u0436\u044c\u0435 (\u043c\u043e\u0440\u0435)",
    "source_session": 9,
    "noaa_depth": -13.53070878982095,
    "noaa_type": "depth",
    "osm_piers": 0,
    "osm_lighthouses": 0,
    "osm_breakwaters": 0,
    "osm_harbors": 0,
    "osm_rivers": 0,
    "osm_lakes": 0,
    "osm_beaches": 0,
    "osm_cliffs": 0,
    "osm_industrial": 0
   },
   "geometry": {
    "type": "Point",
    "coordinates": [
     11.290155245969624,
     54.066768771244654
    ]
   }
  },
  {
   "type": "Feature",
   "properties": {
    "timestamp": "2026-07-02T06:32:41.366351",
    "latitude": 56.96461628221851,
    "longitude": 17.172857862777285,
    "elevation": 0.0,
    "class_code": "COASTAL_SEA",
    "class_name": "\u041f\u0440\u0438\u0431\u0435\u0440\u0435\u0436\u044c\u0435 (\u043c\u043e\u0440\u0435)",
    "source_session": 10,
    "noaa_depth": -69.68981170654297,
    "noaa_type": "depth",
    "osm_piers": 0,
    "osm_lighthouses": 0,
    "osm_breakwaters": 0,
    "osm_harbors": 0,
    "osm_rivers": 0,
    "osm_lakes": 0,
    "osm_beaches": 0,
    "osm_cliffs": 0,
    "osm_industrial": 0
   },
   "geometry": {
    "type": "Point",
    "coordinates": [
     17.172857862777285,
     56.96461628221851
    ]
   }
  },
  {
   "type": "Feature",
   "properties": {
    "timestamp": "2026-07-02T07:32:26.266513",
    "latitude": 58.52824450303052,
    "longitude": 10.68175743384012,
    "elevation": 0.0,
    "class_code": "OPEN_SEA",
    "class_name": "\u041e\u0442\u043a\u0440\u044b\u0442\u043e\u0435 \u043c\u043e\u0440\u0435",
    "source_session": 12,
    "noaa_depth": -141.97764587402344,
    "noaa_type": "depth",
    "osm_piers": 0,
    "osm_lighthouses": 0,
    "osm_breakwaters": 0,
    "osm_harbors": 0,
    "osm_rivers": 0,
    "osm_lakes": 0,
    "osm_beaches": 0,
    "osm_cliffs": 0,
    "osm_industrial": 0
   },
   "geometry": {
    "type": "Point",
    "coordinates": [
     10.68175743384012,
     58.52824450303052
    ]
   }
  },
  {
   "type": "Feature",
   "properties": {
    "timestamp": "2026-07-02T06:00:19.006099",
    "latitude": 56.95118943159966,
    "longitude": 17.42528198251946,
    "elevation": 0.0,
    "class_code": "OPEN_SEA",
    "class_name": "\u041e\u0442\u043a\u0440\u044b\u0442\u043e\u0435 \u043c\u043e\u0440\u0435",
    "source_session": 10,
    "noaa_depth": -100.33517837524477,
    "noaa_type": "depth",
    "osm_piers": 0,
    "osm_lighthouses": 0,
    "osm_breakwaters": 0,
    "osm_harbors": 0,
    "osm_rivers": 0,
    "osm_lakes": 0,
    "osm_beaches": 0,
    "osm_cliffs": 0,
    "osm_industrial": 0
   },
   "geometry": {
    "type": "Point",
    "coordinates": [
     17.42528198251946,
     56.95118943159966
    ]
   }
  },
  {
   "type": "Feature",
   "properties": {
    "timestamp": "2026-07-02T07:31:27.865890",
    "latitude": 58.52812130603811,
    "longitude": 10.675724804377028,
    "elevation": 0.0,
    "class_code": "OPEN_SEA",
    "class_name": "\u041e\u0442\u043a\u0440\u044b\u0442\u043e\u0435 \u043c\u043e\u0440\u0435",
    "source_session": 12,
    "noaa_depth": -137.85763549804688,
    "noaa_type": "depth",
    "osm_piers": 0,
    "osm_lighthouses": 0,
    "osm_breakwaters": 0,
    "osm_harbors": 0,
    "osm_rivers": 0,
    "osm_lakes": 0,
    "osm_beaches": 0,
    "osm_cliffs": 0,
    "osm_industrial": 0
   },
   "geometry": {
    "type": "Point",
    "coordinates": [
     10.675724804377028,
     58.52812130603811
    ]
   }
  },
  {
   "type": "Feature",
   "properties": {
    "timestamp": "2026-07-04T15:08:20.149956",
    "latitude": 58.97733549007861,
    "longitude": 9.391467458930657,
    "elevation": 187.0,
    "class_code": "COASTLINE",
    "class_name": "\u0421\u0443\u0448\u0430 \u0432\u0434\u0430\u043b\u0438 \u043e\u0442 \u043f\u043e\u0431\u0435\u0440\u0435\u0436\u044c\u044f",
    "source_session": 3,
    "noaa_depth": 171.14259338378906,
    "noaa_type": "height",
    "osm_piers": 0,
    "osm_lighthouses": 0,
    "osm_breakwaters": 0,
    "osm_harbors": 0,
    "osm_rivers": 0,
    "osm_lakes": 0,
    "osm_beaches": 0,
    "osm_cliffs": 0,
    "osm_industrial": 0
   },
   "geometry": {
    "type": "Point",
    "coordinates": [
     9.391467458930657,
     58.97733549007861
    ]
   }
  },
  {
   "type": "Feature",
   "properties": {
    "timestamp": "2026-07-01T19:34:42.757990",
    "latitude": 54.3182320303306,
    "longitude": 8.563144217729183,
    "elevation": 0.0,
    "class_code": "COASTAL_SEA",
    "class_name": "\u041f\u0440\u0438\u0431\u0435\u0440\u0435\u0436\u044c\u0435 (\u043c\u043e\u0440\u0435)",
    "source_session": 5,
    "noaa_depth": -2.2445223331451416,
    "noaa_type": "depth",
    "osm_piers": 0,
    "osm_lighthouses": 0,
    "osm_breakwaters": 0,
    "osm_harbors": 0,
    "osm_rivers": 0,
    "osm_lakes": 0,
    "osm_beaches": 0,
    "osm_cliffs": 0,
    "osm_industrial": 0
   },
   "geometry": {
    "type": "Point",
    "coordinates": [
     8.563144217729183,
     54.3182320303306
    ]
   }
  },
  {
   "type": "Feature",
   "properties": {
    "timestamp": "2026-07-02T07:46:46.172249",
    "latitude": 58.51904494417036,
    "longitude": 9.858616008403121,
    "elevation": 0.0,
    "class_code": "OPEN_SEA",
    "class_name": "\u041e\u0442\u043a\u0440\u044b\u0442\u043e\u0435 \u043c\u043e\u0440\u0435",
    "source_session": 12,
    "noaa_depth": -565.9856872558594,
    "noaa_type": "depth",
    "osm_piers": 0,
    "osm_lighthouses": 0,
    "osm_breakwaters": 0,
    "osm_harbors": 0,
    "osm_rivers": 0,
    "osm_lakes": 0,
    "osm_beaches": 0,
    "osm_cliffs": 0,
    "osm_industrial": 0
   },
   "geometry": {
    "type": "Point",
    "coordinates": [
     9.858616008403121,
     58.51904494417036
    ]
   }
  },
  {
   "type": "Feature",
   "properties": {
    "timestamp": "2026-07-02T08:01:43.375379",
    "latitude": 58.52499779777017,
    "longitude": 10.392878250520724,
    "elevation": 0.0,
    "class_code": "OPEN_SEA",
    "class_name": "\u041e\u0442\u043a\u0440\u044b\u0442\u043e\u0435 \u043c\u043e\u0440\u0435",
    "source_session": 12,
    "noaa_depth": -287.426773071285,
    "noaa_type": "depth",
    "osm_piers": 0,
    "osm_lighthouses": 0,
    "osm_breakwaters": 0,
    "osm_harbors": 0,
    "osm_rivers": 0,
    "osm_lakes": 0,
    "osm_beaches": 0,
    "osm_cliffs": 0,
    "osm_industrial": 0
   },
   "geometry": {
    "type": "Point",
    "coordinates": [
     10.392878250520724,
     58.52499779777017
    ]
   }
  },
  {
   "type": "Feature",
   "properties": {
    "timestamp": "2026-07-02T07:27:29.140002",
    "latitude": 58.52821764096537,
    "longitude": 10.529804107077316,
    "elevation": 0.0,
    "class_code": "OPEN_SEA",
    "class_name": "\u041e\u0442\u043a\u0440\u044b\u0442\u043e\u0435 \u043c\u043e\u0440\u0435",
    "source_session": 12,
    "noaa_depth": -190.65701293945312,
    "noaa_type": "depth",
    "osm_piers": 0,
    "osm_lighthouses": 0,
    "osm_breakwaters": 0,
    "osm_harbors": 0,
    "osm_rivers": 0,
    "osm_lakes": 0,
    "osm_beaches": 0,
    "osm_cliffs": 0,
    "osm_industrial": 0
   },
   "geometry": {
    "type": "Point",
    "coordinates": [
     10.529804107077316,
     58.52821764096537
    ]
   }
  },
  {
   "type": "Feature",
   "properties": {
    "timestamp": "2026-07-02T06:07:06.128380",
    "latitude": 56.94768727548164,
    "longitude": 17.497972617170124,
    "elevation": 0.0,
    "class_code": "OPEN_SEA",
    "class_name": "\u041e\u0442\u043a\u0440\u044b\u0442\u043e\u0435 \u043c\u043e\u0440\u0435",
    "source_session": 10,
    "noaa_depth": -100.70686340332031,
    "noaa_type": "depth",
    "osm_piers": 0,
    "osm_lighthouses": 0,
    "osm_breakwaters": 0,
    "osm_harbors": 0,
    "osm_rivers": 0,
    "osm_lakes": 0,
    "osm_beaches": 0,
    "osm_cliffs": 0,
    "osm_industrial": 0
   },
   "geometry": {
    "type": "Point",
    "coordinates": [
     17.497972617170124,
     56.94768727548164
    ]
   }
  },
  {
   "type": "Feature",
   "properties": {
    "timestamp": "2026-07-02T03:37:51.218109",
    "latitude": 54.07053609429508,
    "longitude": 11.192385751866631,
    "elevation": 0.0,
    "class_code": "COASTAL_SEA",
    "class_name": "\u041f\u0440\u0438\u0431\u0435\u0440\u0435\u0436\u044c\u0435 (\u043c\u043e\u0440\u0435)",
    "source_session": 9,
    "noaa_depth": -22.094139099121094,
    "noaa_type": "depth",
    "osm_piers": 0,
    "osm_lighthouses": 0,
    "osm_breakwaters": 0,
    "osm_harbors": 0,
    "osm_rivers": 0,
    "osm_lakes": 0,
    "osm_beaches": 0,
    "osm_cliffs": 0,
    "osm_industrial": 0
   },
   "geometry": {
    "type": "Point",
    "coordinates": [
     11.192385751866631,
     54.07053609429508
    ]
   }
  },
  {
   "type": "Feature",
   "properties": {
    "timestamp": "2026-07-02T06:45:34.162851",
    "latitude": 56.96503821463062,
    "longitude": 16.918273471716674,
    "elevation": 0.0,
    "class_code": "COASTAL_SEA",
    "class_name": "\u041f\u0440\u0438\u0431\u0435\u0440\u0435\u0436\u044c\u0435 (\u043c\u043e\u0440\u0435)",
    "source_session": 10,
    "noaa_depth": -4.818141460418701,
    "noaa_type": "depth",
    "osm_piers": 0,
    "osm_lighthouses": 0,
    "osm_breakwaters": 0,
    "osm_harbors": 0,
    "osm_rivers": 0,
    "osm_lakes": 0,
    "osm_beaches": 0,
    "osm_cliffs": 0,
    "osm_industrial": 0
   },
   "geometry": {
    "type": "Point",
    "coordinates": [
     16.918273471716674,
     56.96503821463062
    ]
   }
  },
  {
   "type": "Feature",
   "properties": {
    "timestamp": "2026-07-02T06:37:09.943443",
    "latitude": 56.959243972170384,
    "longitude": 17.343094831723825,
    "elevation": 0.0,
    "class_code": "COASTAL_SEA",
    "class_name": "\u041f\u0440\u0438\u0431\u0435\u0440\u0435\u0436\u044c\u0435 (\u043c\u043e\u0440\u0435)",
    "source_session": 10,
    "noaa_depth": -78.1776123046875,
    "noaa_type": "depth",
    "osm_piers": 0,
    "osm_lighthouses": 0,
    "osm_breakwaters": 0,
    "osm_harbors": 0,
    "osm_rivers": 0,
    "osm_lakes": 0,
    "osm_beaches": 0,
    "osm_cliffs": 0,
    "osm_industrial": 0
   },
   "geometry": {
    "type": "Point",
    "coordinates": [
     17.343094831723825,
     56.959243972170384
    ]
   }
  },
  {
   "type": "Feature",
   "properties": {
    "timestamp": "2026-07-02T06:04:07.868521",
    "latitude": 56.959658180788594,
    "longitude": 17.550948166269528,
    "elevation": 0.0,
    "class_code": "COASTAL_SEA",
    "class_name": "\u041f\u0440\u0438\u0431\u0435\u0440\u0435\u0436\u044c\u0435 (\u043c\u043e\u0440\u0435)",
    "source_session": 10,
    "noaa_depth": -97.33338165283203,
    "noaa_type": "depth",
    "osm_piers": 0,
    "osm_lighthouses": 0,
    "osm_breakwaters": 0,
    "osm_harbors": 0,
    "osm_rivers": 0,
    "osm_lakes": 0,
    "osm_beaches": 0,
    "osm_cliffs": 0,
    "osm_industrial": 0
   },
   "geometry": {
    "type": "Point",
    "coordinates": [
     17.550948166269528,
     56.959658180788594
    ]
   }
  },
  {
   "type": "Feature",
   "properties": {
    "timestamp": "2026-07-02T07:18:48.135013",
    "latitude": 58.52534600250235,
    "longitude": 10.144613061388684,
    "elevation": 0.0,
    "class_code": "OPEN_SEA",
    "class_name": "\u041e\u0442\u043a\u0440\u044b\u0442\u043e\u0435 \u043c\u043e\u0440\u0435",
    "source_session": 12,
    "noaa_depth": -448.3764953613204,
    "noaa_type": "depth",
    "osm_piers": 0,
    "osm_lighthouses": 0,
    "osm_breakwaters": 0,
    "osm_harbors": 0,
    "osm_rivers": 0,
    "osm_lakes": 0,
    "osm_beaches": 0,
    "osm_cliffs": 0,
    "osm_industrial": 0
   },
   "geometry": {
    "type": "Point",
    "coordinates": [
     10.144613061388684,
     58.52534600250235
    ]
   }
  },
  {
   "type": "Feature",
   "properties": {
    "timestamp": "2026-07-02T06:29:06.184539",
    "latitude": 56.96765914160262,
    "longitude": 17.009143327842114,
    "elevation": 0.0,
    "class_code": "COASTAL_SEA",
    "class_name": "\u041f\u0440\u0438\u0431\u0435\u0440\u0435\u0436\u044c\u0435 (\u043c\u043e\u0440\u0435)",
    "source_session": 10,
    "noaa_depth": -16.933500289916992,
    "noaa_type": "depth",
    "osm_piers": 0,
    "osm_lighthouses": 0,
    "osm_breakwaters": 0,
    "osm_harbors": 0,
    "osm_rivers": 0,
    "osm_lakes": 0,
    "osm_beaches": 0,
    "osm_cliffs": 0,
    "osm_industrial": 0
   },
   "geometry": {
    "type": "Point",
    "coordinates": [
     17.009143327842114,
     56.96765914160262
    ]
   }
  },
  {
   "type": "Feature",
   "properties": {
    "timestamp": "2026-07-02T02:28:51.026036",
    "latitude": 54.04994399092629,
    "longitude": 10.778545166321512,
    "elevation": 0.0,
    "class_code": "COASTAL_SEA",
    "class_name": "\u041f\u0440\u0438\u0431\u0435\u0440\u0435\u0436\u044c\u0435 (\u043c\u043e\u0440\u0435)",
    "source_session": 9,
    "noaa_depth": -12.832603454589844,
    "noaa_type": "depth",
    "osm_piers": 0,
    "osm_lighthouses": 0,
    "osm_breakwaters": 0,
    "osm_harbors": 0,
    "osm_rivers": 0,
    "osm_lakes": 0,
    "osm_beaches": 0,
    "osm_cliffs": 0,
    "osm_industrial": 0
   },
   "geometry": {
    "type": "Point",
    "coordinates": [
     10.778545166321512,
     54.04994399092629
    ]
   }
  },
  {
   "type": "Feature",
   "properties": {
    "timestamp": "2026-07-02T07:21:35.142571",
    "latitude": 58.52708645145893,
    "longitude": 10.266257632741292,
    "elevation": 0.0,
    "class_code": "OPEN_SEA",
    "class_name": "\u041e\u0442\u043a\u0440\u044b\u0442\u043e\u0435 \u043c\u043e\u0440\u0435",
    "source_session": 12,
    "noaa_depth": -360.25454711913903,
    "noaa_type": "depth",
    "osm_piers": 0,
    "osm_lighthouses": 0,
    "osm_breakwaters": 0,
    "osm_harbors": 0,
    "osm_rivers": 0,
    "osm_lakes": 0,
    "osm_beaches": 0,
    "osm_cliffs": 0,
    "osm_industrial": 0
   },
   "geometry": {
    "type": "Point",
    "coordinates": [
     10.266257632741292,
     58.52708645145893
    ]
   }
  },
  {
   "type": "Feature",
   "properties": {
    "timestamp": "2026-07-02T02:42:09.009886",
    "latitude": 54.06044943518875,
    "longitude": 11.086728850643444,
    "elevation": 0.0,
    "class_code": "COASTAL_SEA",
    "class_name": "\u041f\u0440\u0438\u0431\u0435\u0440\u0435\u0436\u044c\u0435 (\u043c\u043e\u0440\u0435)",
    "source_session": 9,
    "noaa_depth": -23.85432624816895,
    "noaa_type": "depth",
    "osm_piers": 0,
    "osm_lighthouses": 0,
    "osm_breakwaters": 0,
    "osm_harbors": 0,
    "osm_rivers": 0,
    "osm_lakes": 0,
    "osm_beaches": 0,
    "osm_cliffs": 0,
    "osm_industrial": 0
   },
   "geometry": {
    "type": "Point",
    "coordinates": [
     11.086728850643444,
     54.06044943518875
    ]
   }
  },
  {
   "type": "Feature",
   "properties": {
    "timestamp": "2026-07-02T05:52:43.224779",
    "latitude": 56.95651083257928,
    "longitude": 17.513277049496292,
    "elevation": 0.0,
    "class_code": "OPEN_SEA",
    "class_name": "\u041e\u0442\u043a\u0440\u044b\u0442\u043e\u0435 \u043c\u043e\u0440\u0435",
    "source_session": 10,
    "noaa_depth": -101.75457000732422,
    "noaa_type": "depth",
    "osm_piers": 0,
    "osm_lighthouses": 0,
    "osm_breakwaters": 0,
    "osm_harbors": 0,
    "osm_rivers": 0,
    "osm_lakes": 0,
    "osm_beaches": 0,
    "osm_cliffs": 0,
    "osm_industrial": 0
   },
   "geometry": {
    "type": "Point",
    "coordinates": [
     17.513277049496292,
     56.95651083257928
    ]
   }
  },
  {
   "type": "Feature",
   "properties": {
    "timestamp": "2026-07-03T13:58:45.895716",
    "latitude": 56.780399009363634,
    "longitude": 10.430200349146059,
    "elevation": 0.0,
    "class_code": "COASTAL_SEA",
    "class_name": "\u041f\u0440\u0438\u0431\u0435\u0440\u0435\u0436\u044c\u0435 (\u043c\u043e\u0440\u0435)",
    "source_session": 3,
    "noaa_depth": -8.380066871643066,
    "noaa_type": "depth",
    "osm_piers": 0,
    "osm_lighthouses": 0,
    "osm_breakwaters": 0,
    "osm_harbors": 0,
    "osm_rivers": 0,
    "osm_lakes": 0,
    "osm_beaches": 0,
    "osm_cliffs": 0,
    "osm_industrial": 0
   },
   "geometry": {
    "type": "Point",
    "coordinates": [
     10.430200349146059,
     56.780399009363634
    ]
   }
  },
  {
   "type": "Feature",
   "properties": {
    "timestamp": "2026-07-02T07:10:05.282349",
    "latitude": 58.521998809101675,
    "longitude": 9.824429119175765,
    "elevation": 0.0,
    "class_code": "OPEN_SEA",
    "class_name": "\u041e\u0442\u043a\u0440\u044b\u0442\u043e\u0435 \u043c\u043e\u0440\u0435",
    "source_session": 12,
    "noaa_depth": -661.8697509765625,
    "noaa_type": "depth",
    "osm_piers": 0,
    "osm_lighthouses": 0,
    "osm_breakwaters": 0,
    "osm_harbors": 0,
    "osm_rivers": 0,
    "osm_lakes": 0,
    "osm_beaches": 0,
    "osm_cliffs": 0,
    "osm_industrial": 0
   },
   "geometry": {
    "type": "Point",
    "coordinates": [
     9.824429119175765,
     58.521998809101675
    ]
   }
  },
  {
   "type": "Feature",
   "properties": {
    "timestamp": "2026-07-02T06:11:07.167105",
    "latitude": 56.964711881769595,
    "longitude": 17.34127405162505,
    "elevation": 0.0,
    "class_code": "COASTAL_SEA",
    "class_name": "\u041f\u0440\u0438\u0431\u0435\u0440\u0435\u0436\u044c\u0435 (\u043c\u043e\u0440\u0435)",
    "source_session": 10,
    "noaa_depth": -76.7626113891611,
    "noaa_type": "depth",
    "osm_piers": 0,
    "osm_lighthouses": 0,
    "osm_breakwaters": 0,
    "osm_harbors": 0,
    "osm_rivers": 0,
    "osm_lakes": 0,
    "osm_beaches": 0,
    "osm_cliffs": 0,
    "osm_industrial": 0
   },
   "geometry": {
    "type": "Point",
    "coordinates": [
     17.34127405162505,
     56.964711881769595
    ]
   }
  },
  {
   "type": "Feature",
   "properties": {
    "timestamp": "2026-07-02T03:13:42.889596",
    "latitude": 54.06873544392687,
    "longitude": 11.369682726173577,
    "elevation": 0.0,
    "class_code": "COASTAL_SEA",
    "class_name": "\u041f\u0440\u0438\u0431\u0435\u0440\u0435\u0436\u044c\u0435 (\u043c\u043e\u0440\u0435)",
    "source_session": 9,
    "noaa_depth": -9.716438293457031,
    "noaa_type": "depth",
    "osm_piers": 0,
    "osm_lighthouses": 0,
    "osm_breakwaters": 0,
    "osm_harbors": 0,
    "osm_rivers": 0,
    "osm_lakes": 0,
    "osm_beaches": 0,
    "osm_cliffs": 0,
    "osm_industrial": 0
   },
   "geometry": {
    "type": "Point",
    "coordinates": [
     11.369682726173577,
     54.06873544392687
    ]
   }
  },
  {
   "type": "Feature",
   "properties": {
    "timestamp": "2026-07-02T07:52:42.029130",
    "latitude": 58.520729991416275,
    "longitude": 10.088049972419705,
    "elevation": 0.0,
    "class_code": "OPEN_SEA",
    "class_name": "\u041e\u0442\u043a\u0440\u044b\u0442\u043e\u0435 \u043c\u043e\u0440\u0435",
    "source_session": 12,
    "noaa_depth": -502.205810546875,
    "noaa_type": "depth",
    "osm_piers": 0,
    "osm_lighthouses": 0,
    "osm_breakwaters": 0,
    "osm_harbors": 0,
    "osm_rivers": 0,
    "osm_lakes": 0,
    "osm_beaches": 0,
    "osm_cliffs": 0,
    "osm_industrial": 0
   },
   "geometry": {
    "type": "Point",
    "coordinates": [
     10.088049972419705,
     58.520729991416275
    ]
   }
  },
  {
   "type": "Feature",
   "properties": {
    "timestamp": "2026-07-02T03:57:29.044867",
    "latitude": 54.06251463234146,
    "longitude": 10.873681486479857,
    "elevation": 0.0,
    "class_code": "COASTAL_SEA",
    "class_name": "\u041f\u0440\u0438\u0431\u0435\u0440\u0435\u0436\u044c\u0435 (\u043c\u043e\u0440\u0435)",
    "source_session": 9,
    "noaa_depth": -20.820432662964222,
    "noaa_type": "depth",
    "osm_piers": 0,
    "osm_lighthouses": 0,
    "osm_breakwaters": 0,
    "osm_harbors": 0,
    "osm_rivers": 0,
    "osm_lakes": 0,
    "osm_beaches": 0,
    "osm_cliffs": 0,
    "osm_industrial": 0
   },
   "geometry": {
    "type": "Point",
    "coordinates": [
     10.873681486479857,
     54.06251463234146
    ]
   }
  },
  {
   "type": "Feature",
   "properties": {
    "timestamp": "2026-07-02T06:31:57.414895",
    "latitude": 56.96521317038312,
    "longitude": 17.149430229157936,
    "elevation": 0.0,
    "class_code": "COASTAL_SEA",
    "class_name": "\u041f\u0440\u0438\u0431\u0435\u0440\u0435\u0436\u044c\u0435 (\u043c\u043e\u0440\u0435)",
    "source_session": 10,
    "noaa_depth": -66.2174072265625,
    "noaa_type": "depth",
    "osm_piers": 0,
    "osm_lighthouses": 0,
    "osm_breakwaters": 0,
    "osm_harbors": 0,
    "osm_rivers": 0,
    "osm_lakes": 0,
    "osm_beaches": 0,
    "osm_cliffs": 0,
    "osm_industrial": 0
   },
   "geometry": {
    "type": "Point",
    "coordinates": [
     17.149430229157936,
     56.96521317038312
    ]
   }
  },
  {
   "type": "Feature",
   "properties": {
    "timestamp": "2026-07-02T03:48:54.632286",
    "latitude": 54.05992673144876,
    "longitude": 10.904069220070488,
    "elevation": 0.0,
    "class_code": "COASTAL_SEA",
    "class_name": "\u041f\u0440\u0438\u0431\u0435\u0440\u0435\u0436\u044c\u0435 (\u043c\u043e\u0440\u0435)",
    "source_session": 9,
    "noaa_depth": -21.994073867797905,
    "noaa_type": "depth",
    "osm_piers": 0,
    "osm_lighthouses": 0,
    "osm_breakwaters": 0,
    "osm_harbors": 0,
    "osm_rivers": 0,
    "osm_lakes": 0,
    "osm_beaches": 0,
    "osm_cliffs": 0,
    "osm_industrial": 0
   },
   "geometry": {
    "type": "Point",
    "coordinates": [
     10.904069220070488,
     54.05992673144876
    ]
   }
  },
  {
   "type": "Feature",
   "properties": {
    "timestamp": "2026-07-02T08:03:00.476227",
    "latitude": 58.52476258136959,
    "longitude": 10.43967943283196,
    "elevation": 0.0,
    "class_code": "OPEN_SEA",
    "class_name": "\u041e\u0442\u043a\u0440\u044b\u0442\u043e\u0435 \u043c\u043e\u0440\u0435",
    "source_session": 12,
    "noaa_depth": -250.42150115966797,
    "noaa_type": "depth",
    "osm_piers": 0,
    "osm_lighthouses": 0,
    "osm_breakwaters": 0,
    "osm_harbors": 0,
    "osm_rivers": 0,
    "osm_lakes": 0,
    "osm_beaches": 0,
    "osm_cliffs": 0,
    "osm_industrial": 0
   },
   "geometry": {
    "type": "Point",
    "coordinates": [
     10.43967943283196,
     58.52476258136959
    ]
   }
  },
  {
   "type": "Feature",
   "properties": {
    "timestamp": "2026-07-02T07:12:17.443227",
    "latitude": 58.52307164246607,
    "longitude": 9.908155079590411,
    "elevation": 0.0,
    "class_code": "OPEN_SEA",
    "class_name": "\u041e\u0442\u043a\u0440\u044b\u0442\u043e\u0435 \u043c\u043e\u0440\u0435",
    "source_session": 12,
    "noaa_depth": -509.66757202148494,
    "noaa_type": "depth",
    "osm_piers": 0,
    "osm_lighthouses": 0,
    "osm_breakwaters": 0,
    "osm_harbors": 0,
    "osm_rivers": 0,
    "osm_lakes": 0,
    "osm_beaches": 0,
    "osm_cliffs": 0,
    "osm_industrial": 0
   },
   "geometry": {
    "type": "Point",
    "coordinates": [
     9.908155079590411,
     58.52307164246607
    ]
   }
  },
  {
   "type": "Feature",
   "properties": {
    "timestamp": "2026-07-02T06:24:52.205878",
    "latitude": 56.97375558255557,
    "longitude": 16.86614542535542,
    "elevation": 4.0,
    "class_code": "NEAR_COAST",
    "class_name": "\u041f\u043e\u0431\u0435\u0440\u0435\u0436\u044c\u0435 (\u0441\u0443\u0448\u0430)",
    "source_session": 10,
    "noaa_depth": 3.6876444816589355,
    "noaa_type": "height",
    "osm_piers": 0,
    "osm_lighthouses": 0,
    "osm_breakwaters": 0,
    "osm_harbors": 0,
    "osm_rivers": 0,
    "osm_lakes": 0,
    "osm_beaches": 0,
    "osm_cliffs": 0,
    "osm_industrial": 0
   },
   "geometry": {
    "type": "Point",
    "coordinates": [
     16.86614542535542,
     56.97375558255557
    ]
   }
  },
  {
   "type": "Feature",
   "properties": {
    "timestamp": "2026-07-01T19:11:33.162019",
    "latitude": 58.86020938764017,
    "longitude": 9.611748813312092,
    "elevation": 0.0,
    "class_code": "COASTAL_SEA",
    "class_name": "\u041f\u0440\u0438\u0431\u0435\u0440\u0435\u0436\u044c\u0435 (\u043c\u043e\u0440\u0435)",
    "source_session": 5,
    "noaa_depth": -44.9990348815918,
    "noaa_type": "depth",
    "osm_piers": 0,
    "osm_lighthouses": 0,
    "osm_breakwaters": 0,
    "osm_harbors": 0,
    "osm_rivers": 0,
    "osm_lakes": 0,
    "osm_beaches": 0,
    "osm_cliffs": 0,
    "osm_industrial": 0
   },
   "geometry": {
    "type": "Point",
    "coordinates": [
     9.611748813312092,
     58.86020938764017
    ]
   }
  },
  {
   "type": "Feature",
   "properties": {
    "timestamp": "2026-07-02T06:27:55.876303",
    "latitude": 56.96751623536633,
    "longitude": 16.952059646575385,
    "elevation": 0.0,
    "class_code": "COASTAL_SEA",
    "class_name": "\u041f\u0440\u0438\u0431\u0435\u0440\u0435\u0436\u044c\u0435 (\u043c\u043e\u0440\u0435)",
    "source_session": 10,
    "noaa_depth": -9.873132705688477,
    "noaa_type": "depth",
    "osm_piers": 0,
    "osm_lighthouses": 0,
    "osm_breakwaters": 0,
    "osm_harbors": 0,
    "osm_rivers": 0,
    "osm_lakes": 0,
    "osm_beaches": 0,
    "osm_cliffs": 0,
    "osm_industrial": 0
   },
   "geometry": {
    "type": "Point",
    "coordinates": [
     16.952059646575385,
     56.96751623536633
    ]
   }
  },
  {
   "type": "Feature",
   "properties": {
    "timestamp": "2026-07-02T06:13:54.446038",
    "latitude": 56.96663358847449,
    "longitude": 17.23445519833686,
    "elevation": 0.0,
    "class_code": "COASTAL_SEA",
    "class_name": "\u041f\u0440\u0438\u0431\u0435\u0440\u0435\u0436\u044c\u0435 (\u043c\u043e\u0440\u0435)",
    "source_session": 10,
    "noaa_depth": -71.52563476562574,
    "noaa_type": "depth",
    "osm_piers": 0,
    "osm_lighthouses": 0,
    "osm_breakwaters": 0,
    "osm_harbors": 0,
    "osm_rivers": 0,
    "osm_lakes": 0,
    "osm_beaches": 0,
    "osm_cliffs": 0,
    "osm_industrial": 0
   },
   "geometry": {
    "type": "Point",
    "coordinates": [
     17.23445519833686,
     56.96663358847449
    ]
   }
  },
  {
   "type": "Feature",
   "properties": {
    "timestamp": "2026-07-02T07:45:02.029541",
    "latitude": 58.5183346893134,
    "longitude": 9.793824279864014,
    "elevation": 0.0,
    "class_code": "OPEN_SEA",
    "class_name": "\u041e\u0442\u043a\u0440\u044b\u0442\u043e\u0435 \u043c\u043e\u0440\u0435",
    "source_session": 12,
    "noaa_depth": -658.6822509765625,
    "noaa_type": "depth",
    "osm_piers": 0,
    "osm_lighthouses": 0,
    "osm_breakwaters": 0,
    "osm_harbors": 0,
    "osm_rivers": 0,
    "osm_lakes": 0,
    "osm_beaches": 0,
    "osm_cliffs": 0,
    "osm_industrial": 0
   },
   "geometry": {
    "type": "Point",
    "coordinates": [
     9.793824279864014,
     58.5183346893134
    ]
   }
  },
  {
   "type": "Feature",
   "properties": {
    "timestamp": "2026-07-02T02:40:44.781307",
    "latitude": 54.05879160908795,
    "longitude": 11.048382270173594,
    "elevation": 0.0,
    "class_code": "COASTAL_SEA",
    "class_name": "\u041f\u0440\u0438\u0431\u0435\u0440\u0435\u0436\u044c\u0435 (\u043c\u043e\u0440\u0435)",
    "source_session": 9,
    "noaa_depth": -23.41154193878181,
    "noaa_type": "depth",
    "osm_piers": 0,
    "osm_lighthouses": 0,
    "osm_breakwaters": 0,
    "osm_harbors": 0,
    "osm_rivers": 0,
    "osm_lakes": 0,
    "osm_beaches": 0,
    "osm_cliffs": 0,
    "osm_industrial": 0
   },
   "geometry": {
    "type": "Point",
    "coordinates": [
     11.048382270173594,
     54.05879160908795
    ]
   }
  },
  {
   "type": "Feature",
   "properties": {
    "timestamp": "2026-07-02T05:48:30.487741",
    "latitude": 56.95938640723907,
    "longitude": 17.50798768005329,
    "elevation": 0.0,
    "class_code": "OPEN_SEA",
    "class_name": "\u041e\u0442\u043a\u0440\u044b\u0442\u043e\u0435 \u043c\u043e\u0440\u0435",
    "source_session": 10,
    "noaa_depth": -102.5695686340332,
    "noaa_type": "depth",
    "osm_piers": 0,
    "osm_lighthouses": 0,
    "osm_breakwaters": 0,
    "osm_harbors": 0,
    "osm_rivers": 0,
    "osm_lakes": 0,
    "osm_beaches": 0,
    "osm_cliffs": 0,
    "osm_industrial": 0
   },
   "geometry": {
    "type": "Point",
    "coordinates": [
     17.50798768005329,
     56.95938640723907
    ]
   }
  },
  {
   "type": "Feature",
   "properties": {
    "timestamp": "2026-07-10T20:57:01.254227",
    "latitude": 56.71227511377055,
    "longitude": 14.104732652563213,
    "elevation": 158.0,
    "class_code": "COASTLINE",
    "class_name": "\u0421\u0443\u0448\u0430 \u0432\u0434\u0430\u043b\u0438 \u043e\u0442 \u043f\u043e\u0431\u0435\u0440\u0435\u0436\u044c\u044f",
    "source_session": 15,
    "noaa_depth": 142.99644470214844,
    "noaa_type": "height",
    "osm_piers": 0,
    "osm_lighthouses": 0,
    "osm_breakwaters": 0,
    "osm_harbors": 0,
    "osm_rivers": 0,
    "osm_lakes": 0,
    "osm_beaches": 0,
    "osm_cliffs": 0,
    "osm_industrial": 0
   },
   "geometry": {
    "type": "Point",
    "coordinates": [
     14.104732652563213,
     56.71227511377055
    ]
   }
  },
  {
   "type": "Feature",
   "properties": {
    "timestamp": "2026-07-02T12:19:39.354509",
    "latitude": 58.421814450463515,
    "longitude": 10.102202624283546,
    "elevation": 0.0,
    "class_code": "OPEN_SEA",
    "class_name": "\u041e\u0442\u043a\u0440\u044b\u0442\u043e\u0435 \u043c\u043e\u0440\u0435",
    "source_session": 5,
    "noaa_depth": -510.6443176269531,
    "noaa_type": "depth",
    "osm_piers": 0,
    "osm_lighthouses": 0,
    "osm_breakwaters": 0,
    "osm_harbors": 0,
    "osm_rivers": 0,
    "osm_lakes": 0,
    "osm_beaches": 0,
    "osm_cliffs": 0,
    "osm_industrial": 0
   },
   "geometry": {
    "type": "Point",
    "coordinates": [
     10.102202624283546,
     58.421814450463515
    ]
   }
  },
  {
   "type": "Feature",
   "properties": {
    "timestamp": "2026-07-02T05:51:57.119509",
    "latitude": 56.95669540316121,
    "longitude": 17.49037001660551,
    "elevation": 0.0,
    "class_code": "OPEN_SEA",
    "class_name": "\u041e\u0442\u043a\u0440\u044b\u0442\u043e\u0435 \u043c\u043e\u0440\u0435",
    "source_session": 10,
    "noaa_depth": -102.6368637084961,
    "noaa_type": "depth",
    "osm_piers": 0,
    "osm_lighthouses": 0,
    "osm_breakwaters": 0,
    "osm_harbors": 0,
    "osm_rivers": 0,
    "osm_lakes": 0,
    "osm_beaches": 0,
    "osm_cliffs": 0,
    "osm_industrial": 0
   },
   "geometry": {
    "type": "Point",
    "coordinates": [
     17.49037001660551,
     56.95669540316121
    ]
   }
  },
  {
   "type": "Feature",
   "properties": {
    "timestamp": "2026-07-02T07:56:59.177811",
    "latitude": 58.52339829510827,
    "longitude": 10.241525803138094,
    "elevation": 0.0,
    "class_code": "OPEN_SEA",
    "class_name": "\u041e\u0442\u043a\u0440\u044b\u0442\u043e\u0435 \u043c\u043e\u0440\u0435",
    "source_session": 12,
    "noaa_depth": -373.875289916994,
    "noaa_type": "depth",
    "osm_piers": 0,
    "osm_lighthouses": 0,
    "osm_breakwaters": 0,
    "osm_harbors": 0,
    "osm_rivers": 0,
    "osm_lakes": 0,
    "osm_beaches": 0,
    "osm_cliffs": 0,
    "osm_industrial": 0
   },
   "geometry": {
    "type": "Point",
    "coordinates": [
     10.241525803138094,
     58.52339829510827
    ]
   }
  },
  {
   "type": "Feature",
   "properties": {
    "timestamp": "2026-07-02T07:44:55.013229",
    "latitude": 58.51833692989614,
    "longitude": 9.787534029213939,
    "elevation": 0.0,
    "class_code": "OPEN_SEA",
    "class_name": "\u041e\u0442\u043a\u0440\u044b\u0442\u043e\u0435 \u043c\u043e\u0440\u0435",
    "source_session": 12,
    "noaa_depth": -651.96728515625,
    "noaa_type": "depth",
    "osm_piers": 0,
    "osm_lighthouses": 0,
    "osm_breakwaters": 0,
    "osm_harbors": 0,
    "osm_rivers": 0,
    "osm_lakes": 0,
    "osm_beaches": 0,
    "osm_cliffs": 0,
    "osm_industrial": 0
   },
   "geometry": {
    "type": "Point",
    "coordinates": [
     9.787534029213939,
     58.51833692989614
    ]
   }
  },
  {
   "type": "Feature",
   "properties": {
    "timestamp": "2026-07-02T08:00:18.202291",
    "latitude": 58.52392699032048,
    "longitude": 10.335579004837877,
    "elevation": 0.0,
    "class_code": "OPEN_SEA",
    "class_name": "\u041e\u0442\u043a\u0440\u044b\u0442\u043e\u0435 \u043c\u043e\u0440\u0435",
    "source_session": 12,
    "noaa_depth": -306.59283447265625,
    "noaa_type": "depth",
    "osm_piers": 0,
    "osm_lighthouses": 0,
    "osm_breakwaters": 0,
    "osm_harbors": 0,
    "osm_rivers": 0,
    "osm_lakes": 0,
    "osm_beaches": 0,
    "osm_cliffs": 0,
    "osm_industrial": 0
   },
   "geometry": {
    "type": "Point",
    "coordinates": [
     10.335579004837877,
     58.52392699032048
    ]
   }
  },
  {
   "type": "Feature",
   "properties": {
    "timestamp": "2026-07-02T03:27:13.417745",
    "latitude": 54.076818511466506,
    "longitude": 11.363064844606987,
    "elevation": 0.0,
    "class_code": "COASTAL_SEA",
    "class_name": "\u041f\u0440\u0438\u0431\u0435\u0440\u0435\u0436\u044c\u0435 (\u043c\u043e\u0440\u0435)",
    "source_session": 9,
    "noaa_depth": -9.97647476196289,
    "noaa_type": "depth",
    "osm_piers": 0,
    "osm_lighthouses": 0,
    "osm_breakwaters": 0,
    "osm_harbors": 0,
    "osm_rivers": 0,
    "osm_lakes": 0,
    "osm_beaches": 0,
    "osm_cliffs": 0,
    "osm_industrial": 0
   },
   "geometry": {
    "type": "Point",
    "coordinates": [
     11.363064844606987,
     54.076818511466506
    ]
   }
  },
  {
   "type": "Feature",
   "properties": {
    "timestamp": "2026-07-02T07:27:00.189396",
    "latitude": 58.52842595505913,
    "longitude": 10.505201283715573,
    "elevation": 0.0,
    "class_code": "OPEN_SEA",
    "class_name": "\u041e\u0442\u043a\u0440\u044b\u0442\u043e\u0435 \u043c\u043e\u0440\u0435",
    "source_session": 12,
    "noaa_depth": -190.49700927734375,
    "noaa_type": "depth",
    "osm_piers": 0,
    "osm_lighthouses": 0,
    "osm_breakwaters": 0,
    "osm_harbors": 0,
    "osm_rivers": 0,
    "osm_lakes": 0,
    "osm_beaches": 0,
    "osm_cliffs": 0,
    "osm_industrial": 0
   },
   "geometry": {
    "type": "Point",
    "coordinates": [
     10.505201283715573,
     58.52842595505913
    ]
   }
  },
  {
   "type": "Feature",
   "properties": {
    "timestamp": "2026-07-02T07:57:37.987623",
    "latitude": 58.52385530330362,
    "longitude": 10.269069801718537,
    "elevation": 0.0,
    "class_code": "OPEN_SEA",
    "class_name": "\u041e\u0442\u043a\u0440\u044b\u0442\u043e\u0435 \u043c\u043e\u0440\u0435",
    "source_session": 12,
    "noaa_depth": -360.9288024902344,
    "noaa_type": "depth",
    "osm_piers": 0,
    "osm_lighthouses": 0,
    "osm_breakwaters": 0,
    "osm_harbors": 0,
    "osm_rivers": 0,
    "osm_lakes": 0,
    "osm_beaches": 0,
    "osm_cliffs": 0,
    "osm_industrial": 0
   },
   "geometry": {
    "type": "Point",
    "coordinates": [
     10.269069801718537,
     58.52385530330362
    ]
   }
  },
  {
   "type": "Feature",
   "properties": {
    "timestamp": "2026-07-02T06:43:30.366503",
    "latitude": 56.959333136553276,
    "longitude": 17.365901093107865,
    "elevation": 0.0,
    "class_code": "COASTAL_SEA",
    "class_name": "\u041f\u0440\u0438\u0431\u0435\u0440\u0435\u0436\u044c\u0435 (\u043c\u043e\u0440\u0435)",
    "source_session": 10,
    "noaa_depth": -83.57760620117188,
    "noaa_type": "depth",
    "osm_piers": 0,
    "osm_lighthouses": 0,
    "osm_breakwaters": 0,
    "osm_harbors": 0,
    "osm_rivers": 0,
    "osm_lakes": 0,
    "osm_beaches": 0,
    "osm_cliffs": 0,
    "osm_industrial": 0
   },
   "geometry": {
    "type": "Point",
    "coordinates": [
     17.365901093107865,
     56.959333136553276
    ]
   }
  },
  {
   "type": "Feature",
   "properties": {
    "timestamp": "2026-07-02T08:01:37.676488",
    "latitude": 58.524840987008126,
    "longitude": 10.387017368515687,
    "elevation": 0.0,
    "class_code": "OPEN_SEA",
    "class_name": "\u041e\u0442\u043a\u0440\u044b\u0442\u043e\u0435 \u043c\u043e\u0440\u0435",
    "source_session": 12,
    "noaa_depth": -286.2292785644481,
    "noaa_type": "depth",
    "osm_piers": 0,
    "osm_lighthouses": 0,
    "osm_breakwaters": 0,
    "osm_harbors": 0,
    "osm_rivers": 0,
    "osm_lakes": 0,
    "osm_beaches": 0,
    "osm_cliffs": 0,
    "osm_industrial": 0
   },
   "geometry": {
    "type": "Point",
    "coordinates": [
     10.387017368515687,
     58.524840987008126
    ]
   }
  },
  {
   "type": "Feature",
   "properties": {
    "timestamp": "2026-07-02T07:17:01.130119",
    "latitude": 58.52469635980202,
    "longitude": 10.095042451316852,
    "elevation": 0.0,
    "class_code": "OPEN_SEA",
    "class_name": "\u041e\u0442\u043a\u0440\u044b\u0442\u043e\u0435 \u043c\u043e\u0440\u0435",
    "source_session": 12,
    "noaa_depth": -498.83081054690285,
    "noaa_type": "depth",
    "osm_piers": 0,
    "osm_lighthouses": 0,
    "osm_breakwaters": 0,
    "osm_harbors": 0,
    "osm_rivers": 0,
    "osm_lakes": 0,
    "osm_beaches": 0,
    "osm_cliffs": 0,
    "osm_industrial": 0
   },
   "geometry": {
    "type": "Point",
    "coordinates": [
     10.095042451316852,
     58.52469635980202
    ]
   }
  },
  {
   "type": "Feature",
   "properties": {
    "timestamp": "2026-07-02T08:13:35.305372",
    "latitude": 58.52234554258144,
    "longitude": 10.795491409455545,
    "elevation": 0.0,
    "class_code": "OPEN_SEA",
    "class_name": "\u041e\u0442\u043a\u0440\u044b\u0442\u043e\u0435 \u043c\u043e\u0440\u0435",
    "source_session": 12,
    "noaa_depth": -109.83339691162165,
    "noaa_type": "depth",
    "osm_piers": 0,
    "osm_lighthouses": 0,
    "osm_breakwaters": 0,
    "osm_harbors": 0,
    "osm_rivers": 0,
    "osm_lakes": 0,
    "osm_beaches": 0,
    "osm_cliffs": 0,
    "osm_industrial": 0
   },
   "geometry": {
    "type": "Point",
    "coordinates": [
     10.795491409455545,
     58.52234554258144
    ]
   }
  },
  {
   "type": "Feature",
   "properties": {
    "timestamp": "2026-07-02T03:46:24.451987",
    "latitude": 54.06235170780268,
    "longitude": 10.977512726807504,
    "elevation": 0.0,
    "class_code": "COASTAL_SEA",
    "class_name": "\u041f\u0440\u0438\u0431\u0435\u0440\u0435\u0436\u044c\u0435 (\u043c\u043e\u0440\u0435)",
    "source_session": 9,
    "noaa_depth": -22.403015136720725,
    "noaa_type": "depth",
    "osm_piers": 0,
    "osm_lighthouses": 0,
    "osm_breakwaters": 0,
    "osm_harbors": 0,
    "osm_rivers": 0,
    "osm_lakes": 0,
    "osm_beaches": 0,
    "osm_cliffs": 0,
    "osm_industrial": 0
   },
   "geometry": {
    "type": "Point",
    "coordinates": [
     10.977512726807504,
     54.06235170780268
    ]
   }
  },
  {
   "type": "Feature",
   "properties": {
    "timestamp": "2026-07-02T03:57:21.025999",
    "latitude": 54.06238872892817,
    "longitude": 10.868507594306923,
    "elevation": 0.0,
    "class_code": "COASTAL_SEA",
    "class_name": "\u041f\u0440\u0438\u0431\u0435\u0440\u0435\u0436\u044c\u0435 (\u043c\u043e\u0440\u0435)",
    "source_session": 9,
    "noaa_depth": -20.56543254852295,
    "noaa_type": "depth",
    "osm_piers": 0,
    "osm_lighthouses": 0,
    "osm_breakwaters": 0,
    "osm_harbors": 0,
    "osm_rivers": 0,
    "osm_lakes": 0,
    "osm_beaches": 0,
    "osm_cliffs": 0,
    "osm_industrial": 0
   },
   "geometry": {
    "type": "Point",
    "coordinates": [
     10.868507594306923,
     54.06238872892817
    ]
   }
  },
  {
   "type": "Feature",
   "properties": {
    "timestamp": "2026-07-03T13:58:59.052796",
    "latitude": 55.57298682582965,
    "longitude": 9.8431052362626,
    "elevation": 0.0,
    "class_code": "COASTAL_SEA",
    "class_name": "\u041f\u0440\u0438\u0431\u0435\u0440\u0435\u0436\u044c\u0435 (\u043c\u043e\u0440\u0435)",
    "source_session": 3,
    "noaa_depth": -14.513446807861328,
    "noaa_type": "depth",
    "osm_piers": 0,
    "osm_lighthouses": 0,
    "osm_breakwaters": 0,
    "osm_harbors": 0,
    "osm_rivers": 0,
    "osm_lakes": 0,
    "osm_beaches": 0,
    "osm_cliffs": 0,
    "osm_industrial": 0
   },
   "geometry": {
    "type": "Point",
    "coordinates": [
     9.8431052362626,
     55.57298682582965
    ]
   }
  },
  {
   "type": "Feature",
   "properties": {
    "timestamp": "2026-07-02T02:59:19.850624",
    "latitude": 54.066516989829545,
    "longitude": 11.280795009507385,
    "elevation": 0.0,
    "class_code": "COASTAL_SEA",
    "class_name": "\u041f\u0440\u0438\u0431\u0435\u0440\u0435\u0436\u044c\u0435 (\u043c\u043e\u0440\u0435)",
    "source_session": 9,
    "noaa_depth": -13.875708580012867,
    "noaa_type": "depth",
    "osm_piers": 0,
    "osm_lighthouses": 0,
    "osm_breakwaters": 0,
    "osm_harbors": 0,
    "osm_rivers": 0,
    "osm_lakes": 0,
    "osm_beaches": 0,
    "osm_cliffs": 0,
    "osm_industrial": 0
   },
   "geometry": {
    "type": "Point",
    "coordinates": [
     11.280795009507385,
     54.066516989829545
    ]
   }
  },
  {
   "type": "Feature",
   "properties": {
    "timestamp": "2026-07-02T03:42:25.810100",
    "latitude": 54.06747754764891,
    "longitude": 11.113462402481169,
    "elevation": 0.0,
    "class_code": "COASTAL_SEA",
    "class_name": "\u041f\u0440\u0438\u0431\u0435\u0440\u0435\u0436\u044c\u0435 (\u043c\u043e\u0440\u0435)",
    "source_session": 9,
    "noaa_depth": -23.5916748046875,
    "noaa_type": "depth",
    "osm_piers": 0,
    "osm_lighthouses": 0,
    "osm_breakwaters": 0,
    "osm_harbors": 0,
    "osm_rivers": 0,
    "osm_lakes": 0,
    "osm_beaches": 0,
    "osm_cliffs": 0,
    "osm_industrial": 0
   },
   "geometry": {
    "type": "Point",
    "coordinates": [
     11.113462402481169,
     54.06747754764891
    ]
   }
  },
  {
   "type": "Feature",
   "properties": {
    "timestamp": "2026-07-02T05:50:19.302051",
    "latitude": 56.95706063702174,
    "longitude": 17.449114211248343,
    "elevation": 0.0,
    "class_code": "OPEN_SEA",
    "class_name": "\u041e\u0442\u043a\u0440\u044b\u0442\u043e\u0435 \u043c\u043e\u0440\u0435",
    "source_session": 10,
    "noaa_depth": -101.99333953857422,
    "noaa_type": "depth",
    "osm_piers": 0,
    "osm_lighthouses": 0,
    "osm_breakwaters": 0,
    "osm_harbors": 0,
    "osm_rivers": 0,
    "osm_lakes": 0,
    "osm_beaches": 0,
    "osm_cliffs": 0,
    "osm_industrial": 0
   },
   "geometry": {
    "type": "Point",
    "coordinates": [
     17.449114211248343,
     56.95706063702174
    ]
   }
  },
  {
   "type": "Feature",
   "properties": {
    "timestamp": "2026-07-02T07:48:01.757377",
    "latitude": 58.51985609255192,
    "longitude": 9.909196592442774,
    "elevation": 0.0,
    "class_code": "OPEN_SEA",
    "class_name": "\u041e\u0442\u043a\u0440\u044b\u0442\u043e\u0435 \u043c\u043e\u0440\u0435",
    "source_session": 12,
    "noaa_depth": -520.9225463867188,
    "noaa_type": "depth",
    "osm_piers": 0,
    "osm_lighthouses": 0,
    "osm_breakwaters": 0,
    "osm_harbors": 0,
    "osm_rivers": 0,
    "osm_lakes": 0,
    "osm_beaches": 0,
    "osm_cliffs": 0,
    "osm_industrial": 0
   },
   "geometry": {
    "type": "Point",
    "coordinates": [
     9.909196592442774,
     58.51985609255192
    ]
   }
  },
  {
   "type": "Feature",
   "properties": {
    "timestamp": "2026-07-02T02:37:44.572993",
    "latitude": 54.054761174443904,
    "longitude": 10.942879184829842,
    "elevation": 0.0,
    "class_code": "COASTAL_SEA",
    "class_name": "\u041f\u0440\u0438\u0431\u0435\u0440\u0435\u0436\u044c\u0435 (\u043c\u043e\u0440\u0435)",
    "source_session": 9,
    "noaa_depth": -23.91649627685547,
    "noaa_type": "depth",
    "osm_piers": 0,
    "osm_lighthouses": 0,
    "osm_breakwaters": 0,
    "osm_harbors": 0,
    "osm_rivers": 0,
    "osm_lakes": 0,
    "osm_beaches": 0,
    "osm_cliffs": 0,
    "osm_industrial": 0
   },
   "geometry": {
    "type": "Point",
    "coordinates": [
     10.942879184829842,
     54.054761174443904
    ]
   }
  },
  {
   "type": "Feature",
   "properties": {
    "timestamp": "2026-07-02T07:36:12.317768",
    "latitude": 58.52921438422668,
    "longitude": 10.816965620168581,
    "elevation": 0.0,
    "class_code": "OPEN_SEA",
    "class_name": "\u041e\u0442\u043a\u0440\u044b\u0442\u043e\u0435 \u043c\u043e\u0440\u0435",
    "source_session": 12,
    "noaa_depth": -101.0949897766119,
    "noaa_type": "depth",
    "osm_piers": 0,
    "osm_lighthouses": 0,
    "osm_breakwaters": 0,
    "osm_harbors": 0,
    "osm_rivers": 0,
    "osm_lakes": 0,
    "osm_beaches": 0,
    "osm_cliffs": 0,
    "osm_industrial": 0
   },
   "geometry": {
    "type": "Point",
    "coordinates": [
     10.816965620168581,
     58.52921438422668
    ]
   }
  },
  {
   "type": "Feature",
   "properties": {
    "timestamp": "2026-07-02T06:25:19.319101",
    "latitude": 56.970769491808795,
    "longitude": 16.888684894092325,
    "elevation": 0.0,
    "class_code": "COASTAL_SEA",
    "class_name": "\u041f\u0440\u0438\u0431\u0435\u0440\u0435\u0436\u044c\u0435 (\u043c\u043e\u0440\u0435)",
    "source_session": 10,
    "noaa_depth": -1.0,
    "noaa_type": "depth",
    "osm_piers": 0,
    "osm_lighthouses": 0,
    "osm_breakwaters": 0,
    "osm_harbors": 0,
    "osm_rivers": 0,
    "osm_lakes": 0,
    "osm_beaches": 0,
    "osm_cliffs": 0,
    "osm_industrial": 0
   },
   "geometry": {
    "type": "Point",
    "coordinates": [
     16.888684894092325,
     56.970769491808795
    ]
   }
  },
  {
   "type": "Feature",
   "properties": {
    "timestamp": "2026-07-02T03:17:10.201140",
    "latitude": 54.071495761765725,
    "longitude": 11.471045328946406,
    "elevation": 0.0,
    "class_code": "COASTAL_SEA",
    "class_name": "\u041f\u0440\u0438\u0431\u0435\u0440\u0435\u0436\u044c\u0435 (\u043c\u043e\u0440\u0435)",
    "source_session": 9,
    "noaa_depth": -6.90399694442749,
    "noaa_type": "depth",
    "osm_piers": 0,
    "osm_lighthouses": 0,
    "osm_breakwaters": 0,
    "osm_harbors": 0,
    "osm_rivers": 0,
    "osm_lakes": 0,
    "osm_beaches": 0,
    "osm_cliffs": 0,
    "osm_industrial": 0
   },
   "geometry": {
    "type": "Point",
    "coordinates": [
     11.471045328946406,
     54.071495761765725
    ]
   }
  },
  {
   "type": "Feature",
   "properties": {
    "timestamp": "2026-07-02T06:11:58.635879",
    "latitude": 56.965533476184774,
    "longitude": 17.301005124607215,
    "elevation": 0.0,
    "class_code": "COASTAL_SEA",
    "class_name": "\u041f\u0440\u0438\u0431\u0435\u0440\u0435\u0436\u044c\u0435 (\u043c\u043e\u0440\u0435)",
    "source_session": 10,
    "noaa_depth": -71.1554946899414,
    "noaa_type": "depth",
    "osm_piers": 0,
    "osm_lighthouses": 0,
    "osm_breakwaters": 0,
    "osm_harbors": 0,
    "osm_rivers": 0,
    "osm_lakes": 0,
    "osm_beaches": 0,
    "osm_cliffs": 0,
    "osm_industrial": 0
   },
   "geometry": {
    "type": "Point",
    "coordinates": [
     17.301005124607215,
     56.965533476184774
    ]
   }
  },
  {
   "type": "Feature",
   "properties": {
    "timestamp": "2026-07-02T05:55:32.800039",
    "latitude": 56.953718405682054,
    "longitude": 17.45321314276739,
    "elevation": 0.0,
    "class_code": "OPEN_SEA",
    "class_name": "\u041e\u0442\u043a\u0440\u044b\u0442\u043e\u0435 \u043c\u043e\u0440\u0435",
    "source_session": 10,
    "noaa_depth": -101.4083404541029,
    "noaa_type": "depth",
    "osm_piers": 0,
    "osm_lighthouses": 0,
    "osm_breakwaters": 0,
    "osm_harbors": 0,
    "osm_rivers": 0,
    "osm_lakes": 0,
    "osm_beaches": 0,
    "osm_cliffs": 0,
    "osm_industrial": 0
   },
   "geometry": {
    "type": "Point",
    "coordinates": [
     17.45321314276739,
     56.953718405682054
    ]
   }
  },
  {
   "type": "Feature",
   "properties": {
    "timestamp": "2026-07-02T07:46:54.999819",
    "latitude": 58.51907407102759,
    "longitude": 9.864133395492127,
    "elevation": 0.0,
    "class_code": "OPEN_SEA",
    "class_name": "\u041e\u0442\u043a\u0440\u044b\u0442\u043e\u0435 \u043c\u043e\u0440\u0435",
    "source_session": 12,
    "noaa_depth": -556.355712890625,
    "noaa_type": "depth",
    "osm_piers": 0,
    "osm_lighthouses": 0,
    "osm_breakwaters": 0,
    "osm_harbors": 0,
    "osm_rivers": 0,
    "osm_lakes": 0,
    "osm_beaches": 0,
    "osm_cliffs": 0,
    "osm_industrial": 0
   },
   "geometry": {
    "type": "Point",
    "coordinates": [
     9.864133395492127,
     58.51907407102759
    ]
   }
  },
  {
   "type": "Feature",
   "properties": {
    "timestamp": "2026-07-01T17:18:33.322344",
    "latitude": 53.40556689269937,
    "longitude": 8.265869210322709,
    "elevation": 0.0,
    "class_code": "NEAR_COAST",
    "class_name": "\u041f\u043e\u0431\u0435\u0440\u0435\u0436\u044c\u0435 (\u0441\u0443\u0448\u0430)",
    "source_session": 5,
    "noaa_depth": 4.0028204917907715,
    "noaa_type": "height",
    "osm_piers": 0,
    "osm_lighthouses": 0,
    "osm_breakwaters": 0,
    "osm_harbors": 0,
    "osm_rivers": 0,
    "osm_lakes": 0,
    "osm_beaches": 0,
    "osm_cliffs": 0,
    "osm_industrial": 0
   },
   "geometry": {
    "type": "Point",
    "coordinates": [
     8.265869210322709,
     53.40556689269937
    ]
   }
  },
  {
   "type": "Feature",
   "properties": {
    "timestamp": "2026-07-02T03:39:35.499148",
    "latitude": 54.070558752494115,
    "longitude": 11.177679875773443,
    "elevation": 0.0,
    "class_code": "COASTAL_SEA",
    "class_name": "\u041f\u0440\u0438\u0431\u0435\u0440\u0435\u0436\u044c\u0435 (\u043c\u043e\u0440\u0435)",
    "source_session": 9,
    "noaa_depth": -22.234139442443848,
    "noaa_type": "depth",
    "osm_piers": 0,
    "osm_lighthouses": 0,
    "osm_breakwaters": 0,
    "osm_harbors": 0,
    "osm_rivers": 0,
    "osm_lakes": 0,
    "osm_beaches": 0,
    "osm_cliffs": 0,
    "osm_industrial": 0
   },
   "geometry": {
    "type": "Point",
    "coordinates": [
     11.177679875773443,
     54.070558752494115
    ]
   }
  },
  {
   "type": "Feature",
   "properties": {
    "timestamp": "2026-07-02T03:42:06.891165",
    "latitude": 54.06810393597323,
    "longitude": 11.123054347394476,
    "elevation": 0.0,
    "class_code": "COASTAL_SEA",
    "class_name": "\u041f\u0440\u0438\u0431\u0435\u0440\u0435\u0436\u044c\u0435 (\u043c\u043e\u0440\u0435)",
    "source_session": 9,
    "noaa_depth": -23.50167465209961,
    "noaa_type": "depth",
    "osm_piers": 0,
    "osm_lighthouses": 0,
    "osm_breakwaters": 0,
    "osm_harbors": 0,
    "osm_rivers": 0,
    "osm_lakes": 0,
    "osm_beaches": 0,
    "osm_cliffs": 0,
    "osm_industrial": 0
   },
   "geometry": {
    "type": "Point",
    "coordinates": [
     11.123054347394476,
     54.06810393597323
    ]
   }
  },
  {
   "type": "Feature",
   "properties": {
    "timestamp": "2026-07-02T02:30:27.980767",
    "latitude": 54.05118184162035,
    "longitude": 10.830439223459411,
    "elevation": 0.0,
    "class_code": "COASTAL_SEA",
    "class_name": "\u041f\u0440\u0438\u0431\u0435\u0440\u0435\u0436\u044c\u0435 (\u043c\u043e\u0440\u0435)",
    "source_session": 9,
    "noaa_depth": -19.00617218017578,
    "noaa_type": "depth",
    "osm_piers": 0,
    "osm_lighthouses": 0,
    "osm_breakwaters": 0,
    "osm_harbors": 0,
    "osm_rivers": 0,
    "osm_lakes": 0,
    "osm_beaches": 0,
    "osm_cliffs": 0,
    "osm_industrial": 0
   },
   "geometry": {
    "type": "Point",
    "coordinates": [
     10.830439223459411,
     54.05118184162035
    ]
   }
  },
  {
   "type": "Feature",
   "properties": {
    "timestamp": "2026-07-02T06:45:09.611512",
    "latitude": 56.965096732838234,
    "longitude": 16.905229514536657,
    "elevation": 0.0,
    "class_code": "COASTAL_SEA",
    "class_name": "\u041f\u0440\u0438\u0431\u0435\u0440\u0435\u0436\u044c\u0435 (\u043c\u043e\u0440\u0435)",
    "source_session": 10,
    "noaa_depth": -2.998141288757324,
    "noaa_type": "depth",
    "osm_piers": 0,
    "osm_lighthouses": 0,
    "osm_breakwaters": 0,
    "osm_harbors": 0,
    "osm_rivers": 0,
    "osm_lakes": 0,
    "osm_beaches": 0,
    "osm_cliffs": 0,
    "osm_industrial": 0
   },
   "geometry": {
    "type": "Point",
    "coordinates": [
     16.905229514536657,
     56.965096732838234
    ]
   }
  },
  {
   "type": "Feature",
   "properties": {
    "timestamp": "2026-07-02T07:57:59.191891",
    "latitude": 58.52335573030279,
    "longitude": 10.280877439457573,
    "elevation": 0.0,
    "class_code": "OPEN_SEA",
    "class_name": "\u041e\u0442\u043a\u0440\u044b\u0442\u043e\u0435 \u043c\u043e\u0440\u0435",
    "source_session": 12,
    "noaa_depth": -353.0088195800781,
    "noaa_type": "depth",
    "osm_piers": 0,
    "osm_lighthouses": 0,
    "osm_breakwaters": 0,
    "osm_harbors": 0,
    "osm_rivers": 0,
    "osm_lakes": 0,
    "osm_beaches": 0,
    "osm_cliffs": 0,
    "osm_industrial": 0
   },
   "geometry": {
    "type": "Point",
    "coordinates": [
     10.280877439457573,
     58.52335573030279
    ]
   }
  },
  {
   "type": "Feature",
   "properties": {
    "timestamp": "2026-07-02T07:44:05.708718",
    "latitude": 58.518352613917834,
    "longitude": 9.752604889938556,
    "elevation": 0.0,
    "class_code": "OPEN_SEA",
    "class_name": "\u041e\u0442\u043a\u0440\u044b\u0442\u043e\u0435 \u043c\u043e\u0440\u0435",
    "source_session": 12,
    "noaa_depth": -631.5756225585938,
    "noaa_type": "depth",
    "osm_piers": 0,
    "osm_lighthouses": 0,
    "osm_breakwaters": 0,
    "osm_harbors": 0,
    "osm_rivers": 0,
    "osm_lakes": 0,
    "osm_beaches": 0,
    "osm_cliffs": 0,
    "osm_industrial": 0
   },
   "geometry": {
    "type": "Point",
    "coordinates": [
     9.752604889938556,
     58.518352613917834
    ]
   }
  },
  {
   "type": "Feature",
   "properties": {
    "timestamp": "2026-07-02T11:53:48.860359",
    "latitude": 60.53807875808,
    "longitude": 8.724407566605825,
    "elevation": 0.0,
    "class_code": "COASTLINE",
    "class_name": "\u0421\u0443\u0448\u0430 \u0432\u0434\u0430\u043b\u0438 \u043e\u0442 \u043f\u043e\u0431\u0435\u0440\u0435\u0436\u044c\u044f",
    "source_session": 5,
    "noaa_depth": 1029.2978515625,
    "noaa_type": "height",
    "osm_piers": 0,
    "osm_lighthouses": 0,
    "osm_breakwaters": 0,
    "osm_harbors": 0,
    "osm_rivers": 0,
    "osm_lakes": 0,
    "osm_beaches": 0,
    "osm_cliffs": 0,
    "osm_industrial": 0
   },
   "geometry": {
    "type": "Point",
    "coordinates": [
     8.724407566605825,
     60.53807875808
    ]
   }
  },
  {
   "type": "Feature",
   "properties": {
    "timestamp": "2026-07-10T20:41:56.094737",
    "latitude": 55.606920152766584,
    "longitude": 13.281780187162992,
    "elevation": 9.0,
    "class_code": "NEAR_COAST",
    "class_name": "\u041f\u043e\u0431\u0435\u0440\u0435\u0436\u044c\u0435 (\u0441\u0443\u0448\u0430)",
    "source_session": 13,
    "noaa_depth": 10.254622459411621,
    "noaa_type": "height",
    "osm_piers": 0,
    "osm_lighthouses": 0,
    "osm_breakwaters": 0,
    "osm_harbors": 0,
    "osm_rivers": 0,
    "osm_lakes": 0,
    "osm_beaches": 0,
    "osm_cliffs": 0,
    "osm_industrial": 0
   },
   "geometry": {
    "type": "Point",
    "coordinates": [
     13.281780187162992,
     55.606920152766584
    ]
   }
  },
  {
   "type": "Feature",
   "properties": {
    "timestamp": "2026-07-02T07:58:20.789149",
    "latitude": 58.523465502570495,
    "longitude": 10.293436472325489,
    "elevation": 0.0,
    "class_code": "OPEN_SEA",
    "class_name": "\u041e\u0442\u043a\u0440\u044b\u0442\u043e\u0435 \u043c\u043e\u0440\u0435",
    "source_session": 12,
    "noaa_depth": -346.08880615234375,
    "noaa_type": "depth",
    "osm_piers": 0,
    "osm_lighthouses": 0,
    "osm_breakwaters": 0,
    "osm_harbors": 0,
    "osm_rivers": 0,
    "osm_lakes": 0,
    "osm_beaches": 0,
    "osm_cliffs": 0,
    "osm_industrial": 0
   },
   "geometry": {
    "type": "Point",
    "coordinates": [
     10.293436472325489,
     58.523465502570495
    ]
   }
  },
  {
   "type": "Feature",
   "properties": {
    "timestamp": "2026-07-02T06:18:32.023283",
    "latitude": 56.969628564543086,
    "longitude": 17.081908846220156,
    "elevation": 0.0,
    "class_code": "COASTAL_SEA",
    "class_name": "\u041f\u0440\u0438\u0431\u0435\u0440\u0435\u0436\u044c\u0435 (\u043c\u043e\u0440\u0435)",
    "source_session": 10,
    "noaa_depth": -45.13318634033203,
    "noaa_type": "depth",
    "osm_piers": 0,
    "osm_lighthouses": 0,
    "osm_breakwaters": 0,
    "osm_harbors": 0,
    "osm_rivers": 0,
    "osm_lakes": 0,
    "osm_beaches": 0,
    "osm_cliffs": 0,
    "osm_industrial": 0
   },
   "geometry": {
    "type": "Point",
    "coordinates": [
     17.081908846220156,
     56.969628564543086
    ]
   }
  },
  {
   "type": "Feature",
   "properties": {
    "timestamp": "2026-07-02T07:13:04.374518",
    "latitude": 58.523306870210945,
    "longitude": 9.941774644498365,
    "elevation": 0.0,
    "class_code": "OPEN_SEA",
    "class_name": "\u041e\u0442\u043a\u0440\u044b\u0442\u043e\u0435 \u043c\u043e\u0440\u0435",
    "source_session": 12,
    "noaa_depth": -526.0984802246094,
    "noaa_type": "depth",
    "osm_piers": 0,
    "osm_lighthouses": 0,
    "osm_breakwaters": 0,
    "osm_harbors": 0,
    "osm_rivers": 0,
    "osm_lakes": 0,
    "osm_beaches": 0,
    "osm_cliffs": 0,
    "osm_industrial": 0
   },
   "geometry": {
    "type": "Point",
    "coordinates": [
     9.941774644498365,
     58.523306870210945
    ]
   }
  },
  {
   "type": "Feature",
   "properties": {
    "timestamp": "2026-07-02T02:40:24.400974",
    "latitude": 54.05798472679549,
    "longitude": 11.032652138221238,
    "elevation": 0.0,
    "class_code": "COASTAL_SEA",
    "class_name": "\u041f\u0440\u0438\u0431\u0435\u0440\u0435\u0436\u044c\u0435 (\u043c\u043e\u0440\u0435)",
    "source_session": 9,
    "noaa_depth": -23.149693489074707,
    "noaa_type": "depth",
    "osm_piers": 0,
    "osm_lighthouses": 0,
    "osm_breakwaters": 0,
    "osm_harbors": 0,
    "osm_rivers": 0,
    "osm_lakes": 0,
    "osm_beaches": 0,
    "osm_cliffs": 0,
    "osm_industrial": 0
   },
   "geometry": {
    "type": "Point",
    "coordinates": [
     11.032652138221238,
     54.05798472679549
    ]
   }
  },
  {
   "type": "Feature",
   "properties": {
    "timestamp": "2026-07-02T02:43:31.431838",
    "latitude": 54.06161697639604,
    "longitude": 11.14221010544058,
    "elevation": 0.0,
    "class_code": "COASTAL_SEA",
    "class_name": "\u041f\u0440\u0438\u0431\u0435\u0440\u0435\u0436\u044c\u0435 (\u043c\u043e\u0440\u0435)",
    "source_session": 9,
    "noaa_depth": -23.160446166992188,
    "noaa_type": "depth",
    "osm_piers": 0,
    "osm_lighthouses": 0,
    "osm_breakwaters": 0,
    "osm_harbors": 0,
    "osm_rivers": 0,
    "osm_lakes": 0,
    "osm_beaches": 0,
    "osm_cliffs": 0,
    "osm_industrial": 0
   },
   "geometry": {
    "type": "Point",
    "coordinates": [
     11.14221010544058,
     54.06161697639604
    ]
   }
  },
  {
   "type": "Feature",
   "properties": {
    "timestamp": "2026-07-02T03:17:41.272661",
    "latitude": 54.072033993907176,
    "longitude": 11.485655439822919,
    "elevation": 0.0,
    "class_code": "COASTAL_SEA",
    "class_name": "\u041f\u0440\u0438\u0431\u0435\u0440\u0435\u0436\u044c\u0435 (\u043c\u043e\u0440\u0435)",
    "source_session": 9,
    "noaa_depth": -5.783997058868408,
    "noaa_type": "depth",
    "osm_piers": 0,
    "osm_lighthouses": 0,
    "osm_breakwaters": 0,
    "osm_harbors": 0,
    "osm_rivers": 0,
    "osm_lakes": 0,
    "osm_beaches": 0,
    "osm_cliffs": 0,
    "osm_industrial": 0
   },
   "geometry": {
    "type": "Point",
    "coordinates": [
     11.485655439822919,
     54.072033993907176
    ]
   }
  },
  {
   "type": "Feature",
   "properties": {
    "timestamp": "2026-07-02T06:01:58.982444",
    "latitude": 56.950945904394935,
    "longitude": 17.485545922846132,
    "elevation": 0.0,
    "class_code": "OPEN_SEA",
    "class_name": "\u041e\u0442\u043a\u0440\u044b\u0442\u043e\u0435 \u043c\u043e\u0440\u0435",
    "source_session": 10,
    "noaa_depth": -102.22686004638672,
    "noaa_type": "depth",
    "osm_piers": 0,
    "osm_lighthouses": 0,
    "osm_breakwaters": 0,
    "osm_harbors": 0,
    "osm_rivers": 0,
    "osm_lakes": 0,
    "osm_beaches": 0,
    "osm_cliffs": 0,
    "osm_industrial": 0
   },
   "geometry": {
    "type": "Point",
    "coordinates": [
     17.485545922846132,
     56.950945904394935
    ]
   }
  },
  {
   "type": "Feature",
   "properties": {
    "timestamp": "2026-07-02T02:43:37.301928",
    "latitude": 54.062115560942,
    "longitude": 11.150453983425678,
    "elevation": 0.0,
    "class_code": "COASTAL_SEA",
    "class_name": "\u041f\u0440\u0438\u0431\u0435\u0440\u0435\u0436\u044c\u0435 (\u043c\u043e\u0440\u0435)",
    "source_session": 9,
    "noaa_depth": -22.895445823669508,
    "noaa_type": "depth",
    "osm_piers": 0,
    "osm_lighthouses": 0,
    "osm_breakwaters": 0,
    "osm_harbors": 0,
    "osm_rivers": 0,
    "osm_lakes": 0,
    "osm_beaches": 0,
    "osm_cliffs": 0,
    "osm_industrial": 0
   },
   "geometry": {
    "type": "Point",
    "coordinates": [
     11.150453983425678,
     54.062115560942
    ]
   }
  },
  {
   "type": "Feature",
   "properties": {
    "timestamp": "2026-07-02T02:36:52.684004",
    "latitude": 54.054379457903856,
    "longitude": 10.92937796655447,
    "elevation": 0.0,
    "class_code": "COASTAL_SEA",
    "class_name": "\u041f\u0440\u0438\u0431\u0435\u0440\u0435\u0436\u044c\u0435 (\u043c\u043e\u0440\u0435)",
    "source_session": 9,
    "noaa_depth": -23.621573925019547,
    "noaa_type": "depth",
    "osm_piers": 0,
    "osm_lighthouses": 0,
    "osm_breakwaters": 0,
    "osm_harbors": 0,
    "osm_rivers": 0,
    "osm_lakes": 0,
    "osm_beaches": 0,
    "osm_cliffs": 0,
    "osm_industrial": 0
   },
   "geometry": {
    "type": "Point",
    "coordinates": [
     10.92937796655447,
     54.054379457903856
    ]
   }
  },
  {
   "type": "Feature",
   "properties": {
    "timestamp": "2026-07-02T06:35:59.556926",
    "latitude": 56.96312998583618,
    "longitude": 17.295917756331047,
    "elevation": 0.0,
    "class_code": "COASTAL_SEA",
    "class_name": "\u041f\u0440\u0438\u0431\u0435\u0440\u0435\u0436\u044c\u0435 (\u043c\u043e\u0440\u0435)",
    "source_session": 10,
    "noaa_depth": -68.82361602782949,
    "noaa_type": "depth",
    "osm_piers": 0,
    "osm_lighthouses": 0,
    "osm_breakwaters": 0,
    "osm_harbors": 0,
    "osm_rivers": 0,
    "osm_lakes": 0,
    "osm_beaches": 0,
    "osm_cliffs": 0,
    "osm_industrial": 0
   },
   "geometry": {
    "type": "Point",
    "coordinates": [
     17.295917756331047,
     56.96312998583618
    ]
   }
  },
  {
   "type": "Feature",
   "properties": {
    "timestamp": "2026-07-02T07:57:22.223445",
    "latitude": 58.52363576088567,
    "longitude": 10.258077964405068,
    "elevation": 0.0,
    "class_code": "OPEN_SEA",
    "class_name": "\u041e\u0442\u043a\u0440\u044b\u0442\u043e\u0435 \u043c\u043e\u0440\u0435",
    "source_session": 12,
    "noaa_depth": -366.6252746582037,
    "noaa_type": "depth",
    "osm_piers": 0,
    "osm_lighthouses": 0,
    "osm_breakwaters": 0,
    "osm_harbors": 0,
    "osm_rivers": 0,
    "osm_lakes": 0,
    "osm_beaches": 0,
    "osm_cliffs": 0,
    "osm_industrial": 0
   },
   "geometry": {
    "type": "Point",
    "coordinates": [
     10.258077964405068,
     58.52363576088567
    ]
   }
  },
  {
   "type": "Feature",
   "properties": {
    "timestamp": "2026-07-02T06:15:21.269457",
    "latitude": 56.96731157486521,
    "longitude": 17.190918841340043,
    "elevation": 0.0,
    "class_code": "COASTAL_SEA",
    "class_name": "\u041f\u0440\u0438\u0431\u0435\u0440\u0435\u0436\u044c\u0435 (\u043c\u043e\u0440\u0435)",
    "source_session": 10,
    "noaa_depth": -71.36085510253906,
    "noaa_type": "depth",
    "osm_piers": 0,
    "osm_lighthouses": 0,
    "osm_breakwaters": 0,
    "osm_harbors": 0,
    "osm_rivers": 0,
    "osm_lakes": 0,
    "osm_beaches": 0,
    "osm_cliffs": 0,
    "osm_industrial": 0
   },
   "geometry": {
    "type": "Point",
    "coordinates": [
     17.190918841340043,
     56.96731157486521
    ]
   }
  },
  {
   "type": "Feature",
   "properties": {
    "timestamp": "2026-07-10T20:28:51.232710",
    "latitude": 55.6072470870252,
    "longitude": 13.505910556059021,
    "elevation": 112.0,
    "class_code": "COASTLINE",
    "class_name": "\u0421\u0443\u0448\u0430 \u0432\u0434\u0430\u043b\u0438 \u043e\u0442 \u043f\u043e\u0431\u0435\u0440\u0435\u0436\u044c\u044f",
    "source_session": 13,
    "noaa_depth": 109.92729187011719,
    "noaa_type": "height",
    "osm_piers": 0,
    "osm_lighthouses": 0,
    "osm_breakwaters": 0,
    "osm_harbors": 0,
    "osm_rivers": 0,
    "osm_lakes": 0,
    "osm_beaches": 0,
    "osm_cliffs": 0,
    "osm_industrial": 0
   },
   "geometry": {
    "type": "Point",
    "coordinates": [
     13.505910556059021,
     55.6072470870252
    ]
   }
  },
  {
   "type": "Feature",
   "properties": {
    "timestamp": "2026-07-02T05:58:31.261736",
    "latitude": 56.96272834476146,
    "longitude": 17.535569828841243,
    "elevation": 0.0,
    "class_code": "COASTAL_SEA",
    "class_name": "\u041f\u0440\u0438\u0431\u0435\u0440\u0435\u0436\u044c\u0435 (\u043c\u043e\u0440\u0435)",
    "source_session": 10,
    "noaa_depth": -98.77338027954102,
    "noaa_type": "depth",
    "osm_piers": 0,
    "osm_lighthouses": 0,
    "osm_breakwaters": 0,
    "osm_harbors": 0,
    "osm_rivers": 0,
    "osm_lakes": 0,
    "osm_beaches": 0,
    "osm_cliffs": 0,
    "osm_industrial": 0
   },
   "geometry": {
    "type": "Point",
    "coordinates": [
     17.535569828841243,
     56.96272834476146
    ]
   }
  },
  {
   "type": "Feature",
   "properties": {
    "timestamp": "2026-07-02T03:20:34.024577",
    "latitude": 54.07880548236636,
    "longitude": 11.506496993878569,
    "elevation": 0.0,
    "class_code": "COASTAL_SEA",
    "class_name": "\u041f\u0440\u0438\u0431\u0435\u0440\u0435\u0436\u044c\u0435 (\u043c\u043e\u0440\u0435)",
    "source_session": 9,
    "noaa_depth": -6.3010818958298636,
    "noaa_type": "depth",
    "osm_piers": 0,
    "osm_lighthouses": 0,
    "osm_breakwaters": 0,
    "osm_harbors": 0,
    "osm_rivers": 0,
    "osm_lakes": 0,
    "osm_beaches": 0,
    "osm_cliffs": 0,
    "osm_industrial": 0
   },
   "geometry": {
    "type": "Point",
    "coordinates": [
     11.506496993878569,
     54.07880548236636
    ]
   }
  },
  {
   "type": "Feature",
   "properties": {
    "timestamp": "2026-07-02T03:58:31.801374",
    "latitude": 54.064591983557534,
    "longitude": 10.900688774253979,
    "elevation": 0.0,
    "class_code": "COASTAL_SEA",
    "class_name": "\u041f\u0440\u0438\u0431\u0435\u0440\u0435\u0436\u044c\u0435 (\u043c\u043e\u0440\u0435)",
    "source_session": 9,
    "noaa_depth": -21.734073638916016,
    "noaa_type": "depth",
    "osm_piers": 0,
    "osm_lighthouses": 0,
    "osm_breakwaters": 0,
    "osm_harbors": 0,
    "osm_rivers": 0,
    "osm_lakes": 0,
    "osm_beaches": 0,
    "osm_cliffs": 0,
    "osm_industrial": 0
   },
   "geometry": {
    "type": "Point",
    "coordinates": [
     10.900688774253979,
     54.064591983557534
    ]
   }
  },
  {
   "type": "Feature",
   "properties": {
    "timestamp": "2026-07-02T06:28:46.652045",
    "latitude": 56.9678791540992,
    "longitude": 16.991894410781722,
    "elevation": 0.0,
    "class_code": "COASTAL_SEA",
    "class_name": "\u041f\u0440\u0438\u0431\u0435\u0440\u0435\u0436\u044c\u0435 (\u043c\u043e\u0440\u0435)",
    "source_session": 10,
    "noaa_depth": -15.050776958466757,
    "noaa_type": "depth",
    "osm_piers": 0,
    "osm_lighthouses": 0,
    "osm_breakwaters": 0,
    "osm_harbors": 0,
    "osm_rivers": 0,
    "osm_lakes": 0,
    "osm_beaches": 0,
    "osm_cliffs": 0,
    "osm_industrial": 0
   },
   "geometry": {
    "type": "Point",
    "coordinates": [
     16.991894410781722,
     56.9678791540992
    ]
   }
  },
  {
   "type": "Feature",
   "properties": {
    "timestamp": "2026-07-02T03:44:17.185448",
    "latitude": 54.06549673145208,
    "longitude": 11.050850709845859,
    "elevation": 0.0,
    "class_code": "COASTAL_SEA",
    "class_name": "\u041f\u0440\u0438\u0431\u0435\u0440\u0435\u0436\u044c\u0435 (\u043c\u043e\u0440\u0435)",
    "source_session": 9,
    "noaa_depth": -23.40154266357422,
    "noaa_type": "depth",
    "osm_piers": 0,
    "osm_lighthouses": 0,
    "osm_breakwaters": 0,
    "osm_harbors": 0,
    "osm_rivers": 0,
    "osm_lakes": 0,
    "osm_beaches": 0,
    "osm_cliffs": 0,
    "osm_industrial": 0
   },
   "geometry": {
    "type": "Point",
    "coordinates": [
     11.050850709845859,
     54.06549673145208
    ]
   }
  },
  {
   "type": "Feature",
   "properties": {
    "timestamp": "2026-07-02T08:13:11.536843",
    "latitude": 58.52280480478948,
    "longitude": 10.811807417967726,
    "elevation": 0.0,
    "class_code": "OPEN_SEA",
    "class_name": "\u041e\u0442\u043a\u0440\u044b\u0442\u043e\u0435 \u043c\u043e\u0440\u0435",
    "source_session": 12,
    "noaa_depth": -105.54248809814453,
    "noaa_type": "depth",
    "osm_piers": 0,
    "osm_lighthouses": 0,
    "osm_breakwaters": 0,
    "osm_harbors": 0,
    "osm_rivers": 0,
    "osm_lakes": 0,
    "osm_beaches": 0,
    "osm_cliffs": 0,
    "osm_industrial": 0
   },
   "geometry": {
    "type": "Point",
    "coordinates": [
     10.811807417967726,
     58.52280480478948
    ]
   }
  },
  {
   "type": "Feature",
   "properties": {
    "timestamp": "2026-07-02T07:20:14.643545",
    "latitude": 58.52634700854694,
    "longitude": 10.204955925692465,
    "elevation": 0.0,
    "class_code": "OPEN_SEA",
    "class_name": "\u041e\u0442\u043a\u0440\u044b\u0442\u043e\u0435 \u043c\u043e\u0440\u0435",
    "source_session": 12,
    "noaa_depth": -402.80389404296875,
    "noaa_type": "depth",
    "osm_piers": 0,
    "osm_lighthouses": 0,
    "osm_breakwaters": 0,
    "osm_harbors": 0,
    "osm_rivers": 0,
    "osm_lakes": 0,
    "osm_beaches": 0,
    "osm_cliffs": 0,
    "osm_industrial": 0
   },
   "geometry": {
    "type": "Point",
    "coordinates": [
     10.204955925692465,
     58.52634700854694
    ]
   }
  },
  {
   "type": "Feature",
   "properties": {
    "timestamp": "2026-07-02T03:18:04.409734",
    "latitude": 54.07222280502277,
    "longitude": 11.495316234336725,
    "elevation": 0.0,
    "class_code": "COASTAL_SEA",
    "class_name": "\u041f\u0440\u0438\u0431\u0435\u0440\u0435\u0436\u044c\u0435 (\u043c\u043e\u0440\u0435)",
    "source_session": 9,
    "noaa_depth": -5.753996849060059,
    "noaa_type": "depth",
    "osm_piers": 0,
    "osm_lighthouses": 0,
    "osm_breakwaters": 0,
    "osm_harbors": 0,
    "osm_rivers": 0,
    "osm_lakes": 0,
    "osm_beaches": 0,
    "osm_cliffs": 0,
    "osm_industrial": 0
   },
   "geometry": {
    "type": "Point",
    "coordinates": [
     11.495316234336725,
     54.07222280502277
    ]
   }
  },
  {
   "type": "Feature",
   "properties": {
    "timestamp": "2026-07-02T06:32:09.923237",
    "latitude": 56.96502591238047,
    "longitude": 17.16135858473702,
    "elevation": 0.0,
    "class_code": "COASTAL_SEA",
    "class_name": "\u041f\u0440\u0438\u0431\u0435\u0440\u0435\u0436\u044c\u0435 (\u043c\u043e\u0440\u0435)",
    "source_session": 10,
    "noaa_depth": -67.77741241455078,
    "noaa_type": "depth",
    "osm_piers": 0,
    "osm_lighthouses": 0,
    "osm_breakwaters": 0,
    "osm_harbors": 0,
    "osm_rivers": 0,
    "osm_lakes": 0,
    "osm_beaches": 0,
    "osm_cliffs": 0,
    "osm_industrial": 0
   },
   "geometry": {
    "type": "Point",
    "coordinates": [
     17.16135858473702,
     56.96502591238047
    ]
   }
  },
  {
   "type": "Feature",
   "properties": {
    "timestamp": "2026-07-02T03:37:32.285588",
    "latitude": 54.070852299698686,
    "longitude": 11.201686908365629,
    "elevation": 0.0,
    "class_code": "COASTAL_SEA",
    "class_name": "\u041f\u0440\u0438\u0431\u0435\u0440\u0435\u0436\u044c\u0435 (\u043c\u043e\u0440\u0435)",
    "source_session": 9,
    "noaa_depth": -22.32264995574951,
    "noaa_type": "depth",
    "osm_piers": 0,
    "osm_lighthouses": 0,
    "osm_breakwaters": 0,
    "osm_harbors": 0,
    "osm_rivers": 0,
    "osm_lakes": 0,
    "osm_beaches": 0,
    "osm_cliffs": 0,
    "osm_industrial": 0
   },
   "geometry": {
    "type": "Point",
    "coordinates": [
     11.201686908365629,
     54.070852299698686
    ]
   }
  },
  {
   "type": "Feature",
   "properties": {
    "timestamp": "2026-07-02T07:26:01.916780",
    "latitude": 58.528385636295404,
    "longitude": 10.454922215379364,
    "elevation": 0.0,
    "class_code": "OPEN_SEA",
    "class_name": "\u041e\u0442\u043a\u0440\u044b\u0442\u043e\u0435 \u043c\u043e\u0440\u0435",
    "source_session": 12,
    "noaa_depth": -228.9915008544922,
    "noaa_type": "depth",
    "osm_piers": 0,
    "osm_lighthouses": 0,
    "osm_breakwaters": 0,
    "osm_harbors": 0,
    "osm_rivers": 0,
    "osm_lakes": 0,
    "osm_beaches": 0,
    "osm_cliffs": 0,
    "osm_industrial": 0
   },
   "geometry": {
    "type": "Point",
    "coordinates": [
     10.454922215379364,
     58.528385636295404
    ]
   }
  },
  {
   "type": "Feature",
   "properties": {
    "timestamp": "2026-07-02T06:28:11.113970",
    "latitude": 56.96764496673918,
    "longitude": 16.962850946676618,
    "elevation": 0.0,
    "class_code": "COASTAL_SEA",
    "class_name": "\u041f\u0440\u0438\u0431\u0435\u0440\u0435\u0436\u044c\u0435 (\u043c\u043e\u0440\u0435)",
    "source_session": 10,
    "noaa_depth": -8.813132286071777,
    "noaa_type": "depth",
    "osm_piers": 0,
    "osm_lighthouses": 0,
    "osm_breakwaters": 0,
    "osm_harbors": 0,
    "osm_rivers": 0,
    "osm_lakes": 0,
    "osm_beaches": 0,
    "osm_cliffs": 0,
    "osm_industrial": 0
   },
   "geometry": {
    "type": "Point",
    "coordinates": [
     16.962850946676618,
     56.96764496673918
    ]
   }
  },
  {
   "type": "Feature",
   "properties": {
    "timestamp": "2026-07-02T02:48:57.820189",
    "latitude": 54.06540923367147,
    "longitude": 11.241658369554337,
    "elevation": 0.0,
    "class_code": "COASTAL_SEA",
    "class_name": "\u041f\u0440\u0438\u0431\u0435\u0440\u0435\u0436\u044c\u0435 (\u043c\u043e\u0440\u0435)",
    "source_session": 9,
    "noaa_depth": -16.85876750946067,
    "noaa_type": "depth",
    "osm_piers": 0,
    "osm_lighthouses": 0,
    "osm_breakwaters": 0,
    "osm_harbors": 0,
    "osm_rivers": 0,
    "osm_lakes": 0,
    "osm_beaches": 0,
    "osm_cliffs": 0,
    "osm_industrial": 0
   },
   "geometry": {
    "type": "Point",
    "coordinates": [
     11.241658369554337,
     54.06540923367147
    ]
   }
  },
  {
   "type": "Feature",
   "properties": {
    "timestamp": "2026-07-02T07:17:15.214281",
    "latitude": 58.524886773564084,
    "longitude": 10.105991351765812,
    "elevation": 0.0,
    "class_code": "OPEN_SEA",
    "class_name": "\u041e\u0442\u043a\u0440\u044b\u0442\u043e\u0435 \u043c\u043e\u0440\u0435",
    "source_session": 12,
    "noaa_depth": -480.75059509277344,
    "noaa_type": "depth",
    "osm_piers": 0,
    "osm_lighthouses": 0,
    "osm_breakwaters": 0,
    "osm_harbors": 0,
    "osm_rivers": 0,
    "osm_lakes": 0,
    "osm_beaches": 0,
    "osm_cliffs": 0,
    "osm_industrial": 0
   },
   "geometry": {
    "type": "Point",
    "coordinates": [
     10.105991351765812,
     58.524886773564084
    ]
   }
  },
  {
   "type": "Feature",
   "properties": {
    "timestamp": "2026-07-02T07:41:03.994316",
    "latitude": 58.51647496339401,
    "longitude": 9.650028720634422,
    "elevation": 0.0,
    "class_code": "OPEN_SEA",
    "class_name": "\u041e\u0442\u043a\u0440\u044b\u0442\u043e\u0435 \u043c\u043e\u0440\u0435",
    "source_session": 12,
    "noaa_depth": -523.8102035521988,
    "noaa_type": "depth",
    "osm_piers": 0,
    "osm_lighthouses": 0,
    "osm_breakwaters": 0,
    "osm_harbors": 0,
    "osm_rivers": 0,
    "osm_lakes": 0,
    "osm_beaches": 0,
    "osm_cliffs": 0,
    "osm_industrial": 0
   },
   "geometry": {
    "type": "Point",
    "coordinates": [
     9.650028720634422,
     58.51647496339401
    ]
   }
  },
  {
   "type": "Feature",
   "properties": {
    "timestamp": "2026-07-02T07:49:58.593516",
    "latitude": 58.52019440295005,
    "longitude": 9.98656882228203,
    "elevation": 0.0,
    "class_code": "OPEN_SEA",
    "class_name": "\u041e\u0442\u043a\u0440\u044b\u0442\u043e\u0435 \u043c\u043e\u0440\u0435",
    "source_session": 12,
    "noaa_depth": -501.2629089355469,
    "noaa_type": "depth",
    "osm_piers": 0,
    "osm_lighthouses": 0,
    "osm_breakwaters": 0,
    "osm_harbors": 0,
    "osm_rivers": 0,
    "osm_lakes": 0,
    "osm_beaches": 0,
    "osm_cliffs": 0,
    "osm_industrial": 0
   },
   "geometry": {
    "type": "Point",
    "coordinates": [
     9.98656882228203,
     58.52019440295005
    ]
   }
  },
  {
   "type": "Feature",
   "properties": {
    "timestamp": "2026-07-02T06:23:43.607097",
    "latitude": 56.97292714876479,
    "longitude": 16.903775525509555,
    "elevation": 0.0,
    "class_code": "COASTAL_SEA",
    "class_name": "\u041f\u0440\u0438\u0431\u0435\u0440\u0435\u0436\u044c\u0435 (\u043c\u043e\u0440\u0435)",
    "source_session": 10,
    "noaa_depth": -2.502579927445346,
    "noaa_type": "depth",
    "osm_piers": 0,
    "osm_lighthouses": 0,
    "osm_breakwaters": 0,
    "osm_harbors": 0,
    "osm_rivers": 0,
    "osm_lakes": 0,
    "osm_beaches": 0,
    "osm_cliffs": 0,
    "osm_industrial": 0
   },
   "geometry": {
    "type": "Point",
    "coordinates": [
     16.903775525509555,
     56.97292714876479
    ]
   }
  },
  {
   "type": "Feature",
   "properties": {
    "timestamp": "2026-07-02T07:33:55.742289",
    "latitude": 58.52842817774402,
    "longitude": 10.72583212525522,
    "elevation": 0.0,
    "class_code": "OPEN_SEA",
    "class_name": "\u041e\u0442\u043a\u0440\u044b\u0442\u043e\u0435 \u043c\u043e\u0440\u0435",
    "source_session": 12,
    "noaa_depth": -134.81634521484375,
    "noaa_type": "depth",
    "osm_piers": 0,
    "osm_lighthouses": 0,
    "osm_breakwaters": 0,
    "osm_harbors": 0,
    "osm_rivers": 0,
    "osm_lakes": 0,
    "osm_beaches": 0,
    "osm_cliffs": 0,
    "osm_industrial": 0
   },
   "geometry": {
    "type": "Point",
    "coordinates": [
     10.72583212525522,
     58.52842817774402
    ]
   }
  },
  {
   "type": "Feature",
   "properties": {
    "timestamp": "2026-07-02T07:34:34.426314",
    "latitude": 58.52841249823321,
    "longitude": 10.754342203287015,
    "elevation": 0.0,
    "class_code": "OPEN_SEA",
    "class_name": "\u041e\u0442\u043a\u0440\u044b\u0442\u043e\u0435 \u043c\u043e\u0440\u0435",
    "source_session": 12,
    "noaa_depth": -120.26033401489316,
    "noaa_type": "depth",
    "osm_piers": 0,
    "osm_lighthouses": 0,
    "osm_breakwaters": 0,
    "osm_harbors": 0,
    "osm_rivers": 0,
    "osm_lakes": 0,
    "osm_beaches": 0,
    "osm_cliffs": 0,
    "osm_industrial": 0
   },
   "geometry": {
    "type": "Point",
    "coordinates": [
     10.754342203287015,
     58.52841249823321
    ]
   }
  },
  {
   "type": "Feature",
   "properties": {
    "timestamp": "2026-07-02T03:50:01.859757",
    "latitude": 54.05696016077046,
    "longitude": 10.860982076538974,
    "elevation": 0.0,
    "class_code": "COASTAL_SEA",
    "class_name": "\u041f\u0440\u0438\u0431\u0435\u0440\u0435\u0436\u044c\u0435 (\u043c\u043e\u0440\u0435)",
    "source_session": 9,
    "noaa_depth": -20.577363967895508,
    "noaa_type": "depth",
    "osm_piers": 0,
    "osm_lighthouses": 0,
    "osm_breakwaters": 0,
    "osm_harbors": 0,
    "osm_rivers": 0,
    "osm_lakes": 0,
    "osm_beaches": 0,
    "osm_cliffs": 0,
    "osm_industrial": 0
   },
   "geometry": {
    "type": "Point",
    "coordinates": [
     10.860982076538974,
     54.05696016077046
    ]
   }
  },
  {
   "type": "Feature",
   "properties": {
    "timestamp": "2026-07-02T07:55:54.793268",
    "latitude": 58.52271534827979,
    "longitude": 10.201589219265541,
    "elevation": 0.0,
    "class_code": "OPEN_SEA",
    "class_name": "\u041e\u0442\u043a\u0440\u044b\u0442\u043e\u0435 \u043c\u043e\u0440\u0435",
    "source_session": 12,
    "noaa_depth": -402.2239074707031,
    "noaa_type": "depth",
    "osm_piers": 0,
    "osm_lighthouses": 0,
    "osm_breakwaters": 0,
    "osm_harbors": 0,
    "osm_rivers": 0,
    "osm_lakes": 0,
    "osm_beaches": 0,
    "osm_cliffs": 0,
    "osm_industrial": 0
   },
   "geometry": {
    "type": "Point",
    "coordinates": [
     10.201589219265541,
     58.52271534827979
    ]
   }
  },
  {
   "type": "Feature",
   "properties": {
    "timestamp": "2026-07-02T06:03:50.007014",
    "latitude": 56.95023220785563,
    "longitude": 17.554413216982486,
    "elevation": 0.0,
    "class_code": "COASTAL_SEA",
    "class_name": "\u041f\u0440\u0438\u0431\u0435\u0440\u0435\u0436\u044c\u0435 (\u043c\u043e\u0440\u0435)",
    "source_session": 10,
    "noaa_depth": -96.65088081359916,
    "noaa_type": "depth",
    "osm_piers": 0,
    "osm_lighthouses": 0,
    "osm_breakwaters": 0,
    "osm_harbors": 0,
    "osm_rivers": 0,
    "osm_lakes": 0,
    "osm_beaches": 0,
    "osm_cliffs": 0,
    "osm_industrial": 0
   },
   "geometry": {
    "type": "Point",
    "coordinates": [
     17.554413216982486,
     56.95023220785563
    ]
   }
  },
  {
   "type": "Feature",
   "properties": {
    "timestamp": "2026-07-02T05:44:20.652704",
    "latitude": 56.963342631218,
    "longitude": 17.436777971735992,
    "elevation": 0.0,
    "class_code": "OPEN_SEA",
    "class_name": "\u041e\u0442\u043a\u0440\u044b\u0442\u043e\u0435 \u043c\u043e\u0440\u0435",
    "source_session": 10,
    "noaa_depth": -102.11334228515625,
    "noaa_type": "depth",
    "osm_piers": 0,
    "osm_lighthouses": 0,
    "osm_breakwaters": 0,
    "osm_harbors": 0,
    "osm_rivers": 0,
    "osm_lakes": 0,
    "osm_beaches": 0,
    "osm_cliffs": 0,
    "osm_industrial": 0
   },
   "geometry": {
    "type": "Point",
    "coordinates": [
     17.436777971735992,
     56.963342631218
    ]
   }
  },
  {
   "type": "Feature",
   "properties": {
    "timestamp": "2026-07-02T06:37:29.390037",
    "latitude": 56.95902156756221,
    "longitude": 17.33118363927086,
    "elevation": 0.0,
    "class_code": "COASTAL_SEA",
    "class_name": "\u041f\u0440\u0438\u0431\u0435\u0440\u0435\u0436\u044c\u0435 (\u043c\u043e\u0440\u0435)",
    "source_session": 10,
    "noaa_depth": -75.27549743652344,
    "noaa_type": "depth",
    "osm_piers": 0,
    "osm_lighthouses": 0,
    "osm_breakwaters": 0,
    "osm_harbors": 0,
    "osm_rivers": 0,
    "osm_lakes": 0,
    "osm_beaches": 0,
    "osm_cliffs": 0,
    "osm_industrial": 0
   },
   "geometry": {
    "type": "Point",
    "coordinates": [
     17.33118363927086,
     56.95902156756221
    ]
   }
  },
  {
   "type": "Feature",
   "properties": {
    "timestamp": "2026-07-02T05:55:10.046408",
    "latitude": 56.95404620601734,
    "longitude": 17.437015465677064,
    "elevation": 0.0,
    "class_code": "OPEN_SEA",
    "class_name": "\u041e\u0442\u043a\u0440\u044b\u0442\u043e\u0435 \u043c\u043e\u0440\u0435",
    "source_session": 10,
    "noaa_depth": -101.58334159850976,
    "noaa_type": "depth",
    "osm_piers": 0,
    "osm_lighthouses": 0,
    "osm_breakwaters": 0,
    "osm_harbors": 0,
    "osm_rivers": 0,
    "osm_lakes": 0,
    "osm_beaches": 0,
    "osm_cliffs": 0,
    "osm_industrial": 0
   },
   "geometry": {
    "type": "Point",
    "coordinates": [
     17.437015465677064,
     56.95404620601734
    ]
   }
  },
  {
   "type": "Feature",
   "properties": {
    "timestamp": "2026-07-03T13:59:08.922457",
    "latitude": 54.79542299686903,
    "longitude": 9.8431052362626,
    "elevation": 0.0,
    "class_code": "COASTAL_SEA",
    "class_name": "\u041f\u0440\u0438\u0431\u0435\u0440\u0435\u0436\u044c\u0435 (\u043c\u043e\u0440\u0435)",
    "source_session": 3,
    "noaa_depth": -22.275521278381348,
    "noaa_type": "depth",
    "osm_piers": 0,
    "osm_lighthouses": 0,
    "osm_breakwaters": 0,
    "osm_harbors": 0,
    "osm_rivers": 0,
    "osm_lakes": 0,
    "osm_beaches": 0,
    "osm_cliffs": 0,
    "osm_industrial": 0
   },
   "geometry": {
    "type": "Point",
    "coordinates": [
     9.8431052362626,
     54.79542299686903
    ]
   }
  },
  {
   "type": "Feature",
   "properties": {
    "timestamp": "2026-07-02T06:18:03.478555",
    "latitude": 56.969523244515585,
    "longitude": 17.103834708453654,
    "elevation": 0.0,
    "class_code": "COASTAL_SEA",
    "class_name": "\u041f\u0440\u0438\u0431\u0435\u0440\u0435\u0436\u044c\u0435 (\u043c\u043e\u0440\u0435)",
    "source_session": 10,
    "noaa_depth": -50.07023048400722,
    "noaa_type": "depth",
    "osm_piers": 0,
    "osm_lighthouses": 0,
    "osm_breakwaters": 0,
    "osm_harbors": 0,
    "osm_rivers": 0,
    "osm_lakes": 0,
    "osm_beaches": 0,
    "osm_cliffs": 0,
    "osm_industrial": 0
   },
   "geometry": {
    "type": "Point",
    "coordinates": [
     17.103834708453654,
     56.969523244515585
    ]
   }
  },
  {
   "type": "Feature",
   "properties": {
    "timestamp": "2026-07-02T08:02:53.362076",
    "latitude": 58.524867868893224,
    "longitude": 10.433797082394651,
    "elevation": 0.0,
    "class_code": "OPEN_SEA",
    "class_name": "\u041e\u0442\u043a\u0440\u044b\u0442\u043e\u0435 \u043c\u043e\u0440\u0435",
    "source_session": 12,
    "noaa_depth": -252.02380752563477,
    "noaa_type": "depth",
    "osm_piers": 0,
    "osm_lighthouses": 0,
    "osm_breakwaters": 0,
    "osm_harbors": 0,
    "osm_rivers": 0,
    "osm_lakes": 0,
    "osm_beaches": 0,
    "osm_cliffs": 0,
    "osm_industrial": 0
   },
   "geometry": {
    "type": "Point",
    "coordinates": [
     10.433797082394651,
     58.524867868893224
    ]
   }
  },
  {
   "type": "Feature",
   "properties": {
    "timestamp": "2026-07-10T20:55:07.110676",
    "latitude": 56.56985240528207,
    "longitude": 14.062478205765427,
    "elevation": 158.0,
    "class_code": "COASTLINE",
    "class_name": "\u0421\u0443\u0448\u0430 \u0432\u0434\u0430\u043b\u0438 \u043e\u0442 \u043f\u043e\u0431\u0435\u0440\u0435\u0436\u044c\u044f",
    "source_session": 15,
    "noaa_depth": 155.51103973388624,
    "noaa_type": "height",
    "osm_piers": 0,
    "osm_lighthouses": 0,
    "osm_breakwaters": 0,
    "osm_harbors": 0,
    "osm_rivers": 0,
    "osm_lakes": 0,
    "osm_beaches": 0,
    "osm_cliffs": 0,
    "osm_industrial": 0
   },
   "geometry": {
    "type": "Point",
    "coordinates": [
     14.062478205765427,
     56.56985240528207
    ]
   }
  },
  {
   "type": "Feature",
   "properties": {
    "timestamp": "2026-07-10T20:42:04.657220",
    "latitude": 55.60750179454799,
    "longitude": 13.266279979076423,
    "elevation": 11.0,
    "class_code": "NEAR_COAST",
    "class_name": "\u041f\u043e\u0431\u0435\u0440\u0435\u0436\u044c\u0435 (\u0441\u0443\u0448\u0430)",
    "source_session": 13,
    "noaa_depth": 14.666421890258789,
    "noaa_type": "height",
    "osm_piers": 0,
    "osm_lighthouses": 0,
    "osm_breakwaters": 0,
    "osm_harbors": 0,
    "osm_rivers": 0,
    "osm_lakes": 0,
    "osm_beaches": 0,
    "osm_cliffs": 0,
    "osm_industrial": 0
   },
   "geometry": {
    "type": "Point",
    "coordinates": [
     13.266279979076423,
     55.60750179454799
    ]
   }
  },
  {
   "type": "Feature",
   "properties": {
    "timestamp": "2026-07-02T04:01:40.403064",
    "latitude": 54.06942576916925,
    "longitude": 11.016941281794937,
    "elevation": 0.0,
    "class_code": "COASTAL_SEA",
    "class_name": "\u041f\u0440\u0438\u0431\u0435\u0440\u0435\u0436\u044c\u0435 (\u043c\u043e\u0440\u0435)",
    "source_session": 9,
    "noaa_depth": -22.725830078125,
    "noaa_type": "depth",
    "osm_piers": 0,
    "osm_lighthouses": 0,
    "osm_breakwaters": 0,
    "osm_harbors": 0,
    "osm_rivers": 0,
    "osm_lakes": 0,
    "osm_beaches": 0,
    "osm_cliffs": 0,
    "osm_industrial": 0
   },
   "geometry": {
    "type": "Point",
    "coordinates": [
     11.016941281794937,
     54.06942576916925
    ]
   }
  },
  {
   "type": "Feature",
   "properties": {
    "timestamp": "2026-07-02T07:41:35.476589",
    "latitude": 58.51701272559756,
    "longitude": 9.66739668232697,
    "elevation": 0.0,
    "class_code": "OPEN_SEA",
    "class_name": "\u041e\u0442\u043a\u0440\u044b\u0442\u043e\u0435 \u043c\u043e\u0440\u0435",
    "source_session": 12,
    "noaa_depth": -562.9955749511719,
    "noaa_type": "depth",
    "osm_piers": 0,
    "osm_lighthouses": 0,
    "osm_breakwaters": 0,
    "osm_harbors": 0,
    "osm_rivers": 0,
    "osm_lakes": 0,
    "osm_beaches": 0,
    "osm_cliffs": 0,
    "osm_industrial": 0
   },
   "geometry": {
    "type": "Point",
    "coordinates": [
     9.66739668232697,
     58.51701272559756
    ]
   }
  },
  {
   "type": "Feature",
   "properties": {
    "timestamp": "2026-07-02T07:59:07.820289",
    "latitude": 58.523971794634335,
    "longitude": 10.323943114556814,
    "elevation": 0.0,
    "class_code": "OPEN_SEA",
    "class_name": "\u041e\u0442\u043a\u0440\u044b\u0442\u043e\u0435 \u043c\u043e\u0440\u0435",
    "source_session": 12,
    "noaa_depth": -318.8997802734375,
    "noaa_type": "depth",
    "osm_piers": 0,
    "osm_lighthouses": 0,
    "osm_breakwaters": 0,
    "osm_harbors": 0,
    "osm_rivers": 0,
    "osm_lakes": 0,
    "osm_beaches": 0,
    "osm_cliffs": 0,
    "osm_industrial": 0
   },
   "geometry": {
    "type": "Point",
    "coordinates": [
     10.323943114556814,
     58.523971794634335
    ]
   }
  },
  {
   "type": "Feature",
   "properties": {
    "timestamp": "2026-07-02T06:14:09.031020",
    "latitude": 56.966680401043334,
    "longitude": 17.223856983128105,
    "elevation": 0.0,
    "class_code": "COASTAL_SEA",
    "class_name": "\u041f\u0440\u0438\u0431\u0435\u0440\u0435\u0436\u044c\u0435 (\u043c\u043e\u0440\u0435)",
    "source_session": 10,
    "noaa_depth": -74.20883941650405,
    "noaa_type": "depth",
    "osm_piers": 0,
    "osm_lighthouses": 0,
    "osm_breakwaters": 0,
    "osm_harbors": 0,
    "osm_rivers": 0,
    "osm_lakes": 0,
    "osm_beaches": 0,
    "osm_cliffs": 0,
    "osm_industrial": 0
   },
   "geometry": {
    "type": "Point",
    "coordinates": [
     17.223856983128105,
     56.966680401043334
    ]
   }
  },
  {
   "type": "Feature",
   "properties": {
    "timestamp": "2026-07-02T07:54:09.216323",
    "latitude": 58.52117400619891,
    "longitude": 10.132009707530012,
    "elevation": 0.0,
    "class_code": "OPEN_SEA",
    "class_name": "\u041e\u0442\u043a\u0440\u044b\u0442\u043e\u0435 \u043c\u043e\u0440\u0435",
    "source_session": 12,
    "noaa_depth": -479.0455932617191,
    "noaa_type": "depth",
    "osm_piers": 0,
    "osm_lighthouses": 0,
    "osm_breakwaters": 0,
    "osm_harbors": 0,
    "osm_rivers": 0,
    "osm_lakes": 0,
    "osm_beaches": 0,
    "osm_cliffs": 0,
    "osm_industrial": 0
   },
   "geometry": {
    "type": "Point",
    "coordinates": [
     10.132009707530012,
     58.52117400619891
    ]
   }
  },
  {
   "type": "Feature",
   "properties": {
    "timestamp": "2026-07-02T08:07:08.945892",
    "latitude": 58.524890270456424,
    "longitude": 10.5911606908081,
    "elevation": 0.0,
    "class_code": "OPEN_SEA",
    "class_name": "\u041e\u0442\u043a\u0440\u044b\u0442\u043e\u0435 \u043c\u043e\u0440\u0435",
    "source_session": 12,
    "noaa_depth": -167.6780776977539,
    "noaa_type": "depth",
    "osm_piers": 0,
    "osm_lighthouses": 0,
    "osm_breakwaters": 0,
    "osm_harbors": 0,
    "osm_rivers": 0,
    "osm_lakes": 0,
    "osm_beaches": 0,
    "osm_cliffs": 0,
    "osm_industrial": 0
   },
   "geometry": {
    "type": "Point",
    "coordinates": [
     10.5911606908081,
     58.524890270456424
    ]
   }
  },
  {
   "type": "Feature",
   "properties": {
    "timestamp": "2026-07-02T06:31:16.125847",
    "latitude": 56.96571642160173,
    "longitude": 17.11986678673355,
    "elevation": 0.0,
    "class_code": "COASTAL_SEA",
    "class_name": "\u041f\u0440\u0438\u0431\u0435\u0440\u0435\u0436\u044c\u0435 (\u043c\u043e\u0440\u0435)",
    "source_session": 10,
    "noaa_depth": -54.04533004760742,
    "noaa_type": "depth",
    "osm_piers": 0,
    "osm_lighthouses": 0,
    "osm_breakwaters": 0,
    "osm_harbors": 0,
    "osm_rivers": 0,
    "osm_lakes": 0,
    "osm_beaches": 0,
    "osm_cliffs": 0,
    "osm_industrial": 0
   },
   "geometry": {
    "type": "Point",
    "coordinates": [
     17.11986678673355,
     56.96571642160173
    ]
   }
  },
  {
   "type": "Feature",
   "properties": {
    "timestamp": "2026-07-02T03:43:03.342829",
    "latitude": 54.06689845800816,
    "longitude": 11.094759104327055,
    "elevation": 0.0,
    "class_code": "COASTAL_SEA",
    "class_name": "\u041f\u0440\u0438\u0431\u0435\u0440\u0435\u0436\u044c\u0435 (\u043c\u043e\u0440\u0435)",
    "source_session": 9,
    "noaa_depth": -23.723395347595105,
    "noaa_type": "depth",
    "osm_piers": 0,
    "osm_lighthouses": 0,
    "osm_breakwaters": 0,
    "osm_harbors": 0,
    "osm_rivers": 0,
    "osm_lakes": 0,
    "osm_beaches": 0,
    "osm_cliffs": 0,
    "osm_industrial": 0
   },
   "geometry": {
    "type": "Point",
    "coordinates": [
     11.094759104327055,
     54.06689845800816
    ]
   }
  },
  {
   "type": "Feature",
   "properties": {
    "timestamp": "2026-07-02T03:39:43.842893",
    "latitude": 54.070520988826196,
    "longitude": 11.172999757542321,
    "elevation": 0.0,
    "class_code": "COASTAL_SEA",
    "class_name": "\u041f\u0440\u0438\u0431\u0435\u0440\u0435\u0436\u044c\u0435 (\u043c\u043e\u0440\u0435)",
    "source_session": 9,
    "noaa_depth": -22.344138145446475,
    "noaa_type": "depth",
    "osm_piers": 0,
    "osm_lighthouses": 0,
    "osm_breakwaters": 0,
    "osm_harbors": 0,
    "osm_rivers": 0,
    "osm_lakes": 0,
    "osm_beaches": 0,
    "osm_cliffs": 0,
    "osm_industrial": 0
   },
   "geometry": {
    "type": "Point",
    "coordinates": [
     11.172999757542321,
     54.070520988826196
    ]
   }
  },
  {
   "type": "Feature",
   "properties": {
    "timestamp": "2026-07-02T07:46:31.350201",
    "latitude": 58.518932917546486,
    "longitude": 9.847559765792921,
    "elevation": 0.0,
    "class_code": "OPEN_SEA",
    "class_name": "\u041e\u0442\u043a\u0440\u044b\u0442\u043e\u0435 \u043c\u043e\u0440\u0435",
    "source_session": 12,
    "noaa_depth": -589.9257202148438,
    "noaa_type": "depth",
    "osm_piers": 0,
    "osm_lighthouses": 0,
    "osm_breakwaters": 0,
    "osm_harbors": 0,
    "osm_rivers": 0,
    "osm_lakes": 0,
    "osm_beaches": 0,
    "osm_cliffs": 0,
    "osm_industrial": 0
   },
   "geometry": {
    "type": "Point",
    "coordinates": [
     9.847559765792921,
     58.518932917546486
    ]
   }
  },
  {
   "type": "Feature",
   "properties": {
    "timestamp": "2026-07-02T03:44:38.394770",
    "latitude": 54.06453992464511,
    "longitude": 11.036660076126717,
    "elevation": 0.0,
    "class_code": "COASTAL_SEA",
    "class_name": "\u041f\u0440\u0438\u0431\u0435\u0440\u0435\u0436\u044c\u0435 (\u043c\u043e\u0440\u0435)",
    "source_session": 9,
    "noaa_depth": -23.15154266357422,
    "noaa_type": "depth",
    "osm_piers": 0,
    "osm_lighthouses": 0,
    "osm_breakwaters": 0,
    "osm_harbors": 0,
    "osm_rivers": 0,
    "osm_lakes": 0,
    "osm_beaches": 0,
    "osm_cliffs": 0,
    "osm_industrial": 0
   },
   "geometry": {
    "type": "Point",
    "coordinates": [
     11.036660076126717,
     54.06453992464511
    ]
   }
  },
  {
   "type": "Feature",
   "properties": {
    "timestamp": "2026-07-02T06:22:19.291334",
    "latitude": 56.971920630627665,
    "longitude": 16.955269232574363,
    "elevation": 0.0,
    "class_code": "COASTAL_SEA",
    "class_name": "\u041f\u0440\u0438\u0431\u0435\u0440\u0435\u0436\u044c\u0435 (\u043c\u043e\u0440\u0435)",
    "source_session": 10,
    "noaa_depth": -7.013132572174072,
    "noaa_type": "depth",
    "osm_piers": 0,
    "osm_lighthouses": 0,
    "osm_breakwaters": 0,
    "osm_harbors": 0,
    "osm_rivers": 0,
    "osm_lakes": 0,
    "osm_beaches": 0,
    "osm_cliffs": 0,
    "osm_industrial": 0
   },
   "geometry": {
    "type": "Point",
    "coordinates": [
     16.955269232574363,
     56.971920630627665
    ]
   }
  },
  {
   "type": "Feature",
   "properties": {
    "timestamp": "2026-07-02T07:09:00.398678",
    "latitude": 58.52166354163386,
    "longitude": 9.787901561336037,
    "elevation": 0.0,
    "class_code": "OPEN_SEA",
    "class_name": "\u041e\u0442\u043a\u0440\u044b\u0442\u043e\u0435 \u043c\u043e\u0440\u0435",
    "source_session": 12,
    "noaa_depth": -639.8172912597659,
    "noaa_type": "depth",
    "osm_piers": 0,
    "osm_lighthouses": 0,
    "osm_breakwaters": 0,
    "osm_harbors": 0,
    "osm_rivers": 0,
    "osm_lakes": 0,
    "osm_beaches": 0,
    "osm_cliffs": 0,
    "osm_industrial": 0
   },
   "geometry": {
    "type": "Point",
    "coordinates": [
     9.787901561336037,
     58.52166354163386
    ]
   }
  },
  {
   "type": "Feature",
   "properties": {
    "timestamp": "2026-07-02T06:12:16.717895",
    "latitude": 56.9658728759867,
    "longitude": 17.289570208197777,
    "elevation": 0.0,
    "class_code": "COASTAL_SEA",
    "class_name": "\u041f\u0440\u0438\u0431\u0435\u0440\u0435\u0436\u044c\u0435 (\u043c\u043e\u0440\u0435)",
    "source_session": 10,
    "noaa_depth": -63.97361755371094,
    "noaa_type": "depth",
    "osm_piers": 0,
    "osm_lighthouses": 0,
    "osm_breakwaters": 0,
    "osm_harbors": 0,
    "osm_rivers": 0,
    "osm_lakes": 0,
    "osm_beaches": 0,
    "osm_cliffs": 0,
    "osm_industrial": 0
   },
   "geometry": {
    "type": "Point",
    "coordinates": [
     17.289570208197777,
     56.9658728759867
    ]
   }
  },
  {
   "type": "Feature",
   "properties": {
    "timestamp": "2026-07-02T07:06:23.806075",
    "latitude": 58.52051082060907,
    "longitude": 9.680233072432623,
    "elevation": 0.0,
    "class_code": "OPEN_SEA",
    "class_name": "\u041e\u0442\u043a\u0440\u044b\u0442\u043e\u0435 \u043c\u043e\u0440\u0435",
    "source_session": 12,
    "noaa_depth": -520.2455444336194,
    "noaa_type": "depth",
    "osm_piers": 0,
    "osm_lighthouses": 0,
    "osm_breakwaters": 0,
    "osm_harbors": 0,
    "osm_rivers": 0,
    "osm_lakes": 0,
    "osm_beaches": 0,
    "osm_cliffs": 0,
    "osm_industrial": 0
   },
   "geometry": {
    "type": "Point",
    "coordinates": [
     9.680233072432623,
     58.52051082060907
    ]
   }
  },
  {
   "type": "Feature",
   "properties": {
    "timestamp": "2026-07-02T07:14:39.645253",
    "latitude": 58.52371235433254,
    "longitude": 10.003410513496302,
    "elevation": 0.0,
    "class_code": "OPEN_SEA",
    "class_name": "\u041e\u0442\u043a\u0440\u044b\u0442\u043e\u0435 \u043c\u043e\u0440\u0435",
    "source_session": 12,
    "noaa_depth": -560.3739624023438,
    "noaa_type": "depth",
    "osm_piers": 0,
    "osm_lighthouses": 0,
    "osm_breakwaters": 0,
    "osm_harbors": 0,
    "osm_rivers": 0,
    "osm_lakes": 0,
    "osm_beaches": 0,
    "osm_cliffs": 0,
    "osm_industrial": 0
   },
   "geometry": {
    "type": "Point",
    "coordinates": [
     10.003410513496302,
     58.52371235433254
    ]
   }
  },
  {
   "type": "Feature",
   "properties": {
    "timestamp": "2026-07-02T03:57:14.042473",
    "latitude": 54.06226282513322,
    "longitude": 10.862968738785687,
    "elevation": 0.0,
    "class_code": "COASTAL_SEA",
    "class_name": "\u041f\u0440\u0438\u0431\u0435\u0440\u0435\u0436\u044c\u0435 (\u043c\u043e\u0440\u0435)",
    "source_session": 9,
    "noaa_depth": -20.027363777161945,
    "noaa_type": "depth",
    "osm_piers": 0,
    "osm_lighthouses": 0,
    "osm_breakwaters": 0,
    "osm_harbors": 0,
    "osm_rivers": 0,
    "osm_lakes": 0,
    "osm_beaches": 0,
    "osm_cliffs": 0,
    "osm_industrial": 0
   },
   "geometry": {
    "type": "Point",
    "coordinates": [
     10.862968738785687,
     54.06226282513322
    ]
   }
  },
  {
   "type": "Feature",
   "properties": {
    "timestamp": "2026-07-10T20:35:59.454744",
    "latitude": 55.7198733658145,
    "longitude": 13.724581307650078,
    "elevation": 105.0,
    "class_code": "COASTLINE",
    "class_name": "\u0421\u0443\u0448\u0430 \u0432\u0434\u0430\u043b\u0438 \u043e\u0442 \u043f\u043e\u0431\u0435\u0440\u0435\u0436\u044c\u044f",
    "source_session": 13,
    "noaa_depth": 106.53351211547873,
    "noaa_type": "height",
    "osm_piers": 0,
    "osm_lighthouses": 0,
    "osm_breakwaters": 0,
    "osm_harbors": 0,
    "osm_rivers": 0,
    "osm_lakes": 0,
    "osm_beaches": 0,
    "osm_cliffs": 0,
    "osm_industrial": 0
   },
   "geometry": {
    "type": "Point",
    "coordinates": [
     13.724581307650078,
     55.7198733658145
    ]
   }
  },
  {
   "type": "Feature",
   "properties": {
    "timestamp": "2026-07-02T03:57:45.059173",
    "latitude": 54.062753847775184,
    "longitude": 10.884544513199812,
    "elevation": 0.0,
    "class_code": "COASTAL_SEA",
    "class_name": "\u041f\u0440\u0438\u0431\u0435\u0440\u0435\u0436\u044c\u0435 (\u043c\u043e\u0440\u0435)",
    "source_session": 9,
    "noaa_depth": -21.070432662963867,
    "noaa_type": "depth",
    "osm_piers": 0,
    "osm_lighthouses": 0,
    "osm_breakwaters": 0,
    "osm_harbors": 0,
    "osm_rivers": 0,
    "osm_lakes": 0,
    "osm_beaches": 0,
    "osm_cliffs": 0,
    "osm_industrial": 0
   },
   "geometry": {
    "type": "Point",
    "coordinates": [
     10.884544513199812,
     54.062753847775184
    ]
   }
  },
  {
   "type": "Feature",
   "properties": {
    "timestamp": "2026-07-02T06:20:43.734959",
    "latitude": 56.97092997128764,
    "longitude": 16.995379553628794,
    "elevation": 0.0,
    "class_code": "COASTAL_SEA",
    "class_name": "\u041f\u0440\u0438\u0431\u0435\u0440\u0435\u0436\u044c\u0435 (\u043c\u043e\u0440\u0435)",
    "source_session": 10,
    "noaa_depth": -15.793277263643777,
    "noaa_type": "depth",
    "osm_piers": 0,
    "osm_lighthouses": 0,
    "osm_breakwaters": 0,
    "osm_harbors": 0,
    "osm_rivers": 0,
    "osm_lakes": 0,
    "osm_beaches": 0,
    "osm_cliffs": 0,
    "osm_industrial": 0
   },
   "geometry": {
    "type": "Point",
    "coordinates": [
     16.995379553628794,
     56.97092997128764
    ]
   }
  },
  {
   "type": "Feature",
   "properties": {
    "timestamp": "2026-07-02T06:18:25.349645",
    "latitude": 56.969616862332494,
    "longitude": 17.087272315455337,
    "elevation": 0.0,
    "class_code": "COASTAL_SEA",
    "class_name": "\u041f\u0440\u0438\u0431\u0435\u0440\u0435\u0436\u044c\u0435 (\u043c\u043e\u0440\u0435)",
    "source_session": 10,
    "noaa_depth": -45.84318542480469,
    "noaa_type": "depth",
    "osm_piers": 0,
    "osm_lighthouses": 0,
    "osm_breakwaters": 0,
    "osm_harbors": 0,
    "osm_rivers": 0,
    "osm_lakes": 0,
    "osm_beaches": 0,
    "osm_cliffs": 0,
    "osm_industrial": 0
   },
   "geometry": {
    "type": "Point",
    "coordinates": [
     17.087272315455337,
     56.969616862332494
    ]
   }
  },
  {
   "type": "Feature",
   "properties": {
    "timestamp": "2026-07-02T02:29:39.041834",
    "latitude": 54.05078843595546,
    "longitude": 10.808395671955063,
    "elevation": 0.0,
    "class_code": "COASTAL_SEA",
    "class_name": "\u041f\u0440\u0438\u0431\u0435\u0440\u0435\u0436\u044c\u0435 (\u043c\u043e\u0440\u0435)",
    "source_session": 9,
    "noaa_depth": -18.631172180176105,
    "noaa_type": "depth",
    "osm_piers": 0,
    "osm_lighthouses": 0,
    "osm_breakwaters": 0,
    "osm_harbors": 0,
    "osm_rivers": 0,
    "osm_lakes": 0,
    "osm_beaches": 0,
    "osm_cliffs": 0,
    "osm_industrial": 0
   },
   "geometry": {
    "type": "Point",
    "coordinates": [
     10.808395671955063,
     54.05078843595546
    ]
   }
  },
  {
   "type": "Feature",
   "properties": {
    "timestamp": "2026-07-02T03:29:19.779392",
    "latitude": 54.075371072023316,
    "longitude": 11.32049321245294,
    "elevation": 0.0,
    "class_code": "COASTAL_SEA",
    "class_name": "\u041f\u0440\u0438\u0431\u0435\u0440\u0435\u0436\u044c\u0435 (\u043c\u043e\u0440\u0435)",
    "source_session": 9,
    "noaa_depth": -11.217550277710037,
    "noaa_type": "depth",
    "osm_piers": 0,
    "osm_lighthouses": 0,
    "osm_breakwaters": 0,
    "osm_harbors": 0,
    "osm_rivers": 0,
    "osm_lakes": 0,
    "osm_beaches": 0,
    "osm_cliffs": 0,
    "osm_industrial": 0
   },
   "geometry": {
    "type": "Point",
    "coordinates": [
     11.32049321245294,
     54.075371072023316
    ]
   }
  },
  {
   "type": "Feature",
   "properties": {
    "timestamp": "2026-07-02T05:57:37.837810",
    "latitude": 56.95334377319751,
    "longitude": 17.539329004807716,
    "elevation": 0.0,
    "class_code": "COASTAL_SEA",
    "class_name": "\u041f\u0440\u0438\u0431\u0435\u0440\u0435\u0436\u044c\u0435 (\u043c\u043e\u0440\u0435)",
    "source_session": 10,
    "noaa_depth": -96.32337951660156,
    "noaa_type": "depth",
    "osm_piers": 0,
    "osm_lighthouses": 0,
    "osm_breakwaters": 0,
    "osm_harbors": 0,
    "osm_rivers": 0,
    "osm_lakes": 0,
    "osm_beaches": 0,
    "osm_cliffs": 0,
    "osm_industrial": 0
   },
   "geometry": {
    "type": "Point",
    "coordinates": [
     17.539329004807716,
     56.95334377319751
    ]
   }
  },
  {
   "type": "Feature",
   "properties": {
    "timestamp": "2026-07-02T03:21:30.835712",
    "latitude": 54.07850347084594,
    "longitude": 11.486440302530106,
    "elevation": 0.0,
    "class_code": "COASTAL_SEA",
    "class_name": "\u041f\u0440\u0438\u0431\u0435\u0440\u0435\u0436\u044c\u0435 (\u043c\u043e\u0440\u0435)",
    "source_session": 9,
    "noaa_depth": -6.5139970779418945,
    "noaa_type": "depth",
    "osm_piers": 0,
    "osm_lighthouses": 0,
    "osm_breakwaters": 0,
    "osm_harbors": 0,
    "osm_rivers": 0,
    "osm_lakes": 0,
    "osm_beaches": 0,
    "osm_cliffs": 0,
    "osm_industrial": 0
   },
   "geometry": {
    "type": "Point",
    "coordinates": [
     11.486440302530106,
     54.07850347084594
    ]
   }
  },
  {
   "type": "Feature",
   "properties": {
    "timestamp": "2026-07-02T02:48:40.281422",
    "latitude": 54.065034066509014,
    "longitude": 11.231735660191601,
    "elevation": 0.0,
    "class_code": "COASTAL_SEA",
    "class_name": "\u041f\u0440\u0438\u0431\u0435\u0440\u0435\u0436\u044c\u0435 (\u043c\u043e\u0440\u0435)",
    "source_session": 9,
    "noaa_depth": -19.24260902404785,
    "noaa_type": "depth",
    "osm_piers": 0,
    "osm_lighthouses": 0,
    "osm_breakwaters": 0,
    "osm_harbors": 0,
    "osm_rivers": 0,
    "osm_lakes": 0,
    "osm_beaches": 0,
    "osm_cliffs": 0,
    "osm_industrial": 0
   },
   "geometry": {
    "type": "Point",
    "coordinates": [
     11.231735660191601,
     54.065034066509014
    ]
   }
  },
  {
   "type": "Feature",
   "properties": {
    "timestamp": "2026-07-02T07:49:06.471414",
    "latitude": 58.52021232659368,
    "longitude": 9.953850931528697,
    "elevation": 0.0,
    "class_code": "OPEN_SEA",
    "class_name": "\u041e\u0442\u043a\u0440\u044b\u0442\u043e\u0435 \u043c\u043e\u0440\u0435",
    "source_session": 12,
    "noaa_depth": -527.3884582519562,
    "noaa_type": "depth",
    "osm_piers": 0,
    "osm_lighthouses": 0,
    "osm_breakwaters": 0,
    "osm_harbors": 0,
    "osm_rivers": 0,
    "osm_lakes": 0,
    "osm_beaches": 0,
    "osm_cliffs": 0,
    "osm_industrial": 0
   },
   "geometry": {
    "type": "Point",
    "coordinates": [
     9.953850931528697,
     58.52021232659368
    ]
   }
  },
  {
   "type": "Feature",
   "properties": {
    "timestamp": "2026-07-02T06:16:01.702962",
    "latitude": 56.96786160882431,
    "longitude": 17.163693871502186,
    "elevation": 0.0,
    "class_code": "COASTAL_SEA",
    "class_name": "\u041f\u0440\u0438\u0431\u0435\u0440\u0435\u0436\u044c\u0435 (\u043c\u043e\u0440\u0435)",
    "source_session": 10,
    "noaa_depth": -67.03961181640625,
    "noaa_type": "depth",
    "osm_piers": 0,
    "osm_lighthouses": 0,
    "osm_breakwaters": 0,
    "osm_harbors": 0,
    "osm_rivers": 0,
    "osm_lakes": 0,
    "osm_beaches": 0,
    "osm_cliffs": 0,
    "osm_industrial": 0
   },
   "geometry": {
    "type": "Point",
    "coordinates": [
     17.163693871502186,
     56.96786160882431
    ]
   }
  },
  {
   "type": "Feature",
   "properties": {
    "timestamp": "2026-07-02T06:33:34.461385",
    "latitude": 56.96445711042739,
    "longitude": 17.213255513056772,
    "elevation": 0.0,
    "class_code": "COASTAL_SEA",
    "class_name": "\u041f\u0440\u0438\u0431\u0435\u0440\u0435\u0436\u044c\u0435 (\u043c\u043e\u0440\u0435)",
    "source_session": 10,
    "noaa_depth": -74.07633972167969,
    "noaa_type": "depth",
    "osm_piers": 0,
    "osm_lighthouses": 0,
    "osm_breakwaters": 0,
    "osm_harbors": 0,
    "osm_rivers": 0,
    "osm_lakes": 0,
    "osm_beaches": 0,
    "osm_cliffs": 0,
    "osm_industrial": 0
   },
   "geometry": {
    "type": "Point",
    "coordinates": [
     17.213255513056772,
     56.96445711042739
    ]
   }
  },
  {
   "type": "Feature",
   "properties": {
    "timestamp": "2026-07-02T07:47:53.653423",
    "latitude": 58.51987849731575,
    "longitude": 9.903722142218273,
    "elevation": 0.0,
    "class_code": "OPEN_SEA",
    "class_name": "\u041e\u0442\u043a\u0440\u044b\u0442\u043e\u0435 \u043c\u043e\u0440\u0435",
    "source_session": 12,
    "noaa_depth": -517.7375793457031,
    "noaa_type": "depth",
    "osm_piers": 0,
    "osm_lighthouses": 0,
    "osm_breakwaters": 0,
    "osm_harbors": 0,
    "osm_rivers": 0,
    "osm_lakes": 0,
    "osm_beaches": 0,
    "osm_cliffs": 0,
    "osm_industrial": 0
   },
   "geometry": {
    "type": "Point",
    "coordinates": [
     9.903722142218273,
     58.51987849731575
    ]
   }
  },
  {
   "type": "Feature",
   "properties": {
    "timestamp": "2026-07-02T03:42:13.330551",
    "latitude": 54.06790755291011,
    "longitude": 11.118138076408561,
    "elevation": 0.0,
    "class_code": "COASTAL_SEA",
    "class_name": "\u041f\u0440\u0438\u0431\u0435\u0440\u0435\u0436\u044c\u0435 (\u043c\u043e\u0440\u0435)",
    "source_session": 9,
    "noaa_depth": -23.511674880981445,
    "noaa_type": "depth",
    "osm_piers": 0,
    "osm_lighthouses": 0,
    "osm_breakwaters": 0,
    "osm_harbors": 0,
    "osm_rivers": 0,
    "osm_lakes": 0,
    "osm_beaches": 0,
    "osm_cliffs": 0,
    "osm_industrial": 0
   },
   "geometry": {
    "type": "Point",
    "coordinates": [
     11.118138076408561,
     54.06790755291011
    ]
   }
  },
  {
   "type": "Feature",
   "properties": {
    "timestamp": "2026-07-02T03:16:32.875721",
    "latitude": 54.07122787951826,
    "longitude": 11.46118118443524,
    "elevation": 0.0,
    "class_code": "COASTAL_SEA",
    "class_name": "\u041f\u0440\u0438\u0431\u0435\u0440\u0435\u0436\u044c\u0435 (\u043c\u043e\u0440\u0435)",
    "source_session": 9,
    "noaa_depth": -9.242639541625977,
    "noaa_type": "depth",
    "osm_piers": 0,
    "osm_lighthouses": 0,
    "osm_breakwaters": 0,
    "osm_harbors": 0,
    "osm_rivers": 0,
    "osm_lakes": 0,
    "osm_beaches": 0,
    "osm_cliffs": 0,
    "osm_industrial": 0
   },
   "geometry": {
    "type": "Point",
    "coordinates": [
     11.46118118443524,
     54.07122787951826
    ]
   }
  },
  {
   "type": "Feature",
   "properties": {
    "timestamp": "2026-07-02T03:42:38.386855",
    "latitude": 54.06674487200858,
    "longitude": 11.104441367273095,
    "elevation": 0.0,
    "class_code": "COASTAL_SEA",
    "class_name": "\u041f\u0440\u0438\u0431\u0435\u0440\u0435\u0436\u044c\u0435 (\u043c\u043e\u0440\u0435)",
    "source_session": 9,
    "noaa_depth": -23.700741291046334,
    "noaa_type": "depth",
    "osm_piers": 0,
    "osm_lighthouses": 0,
    "osm_breakwaters": 0,
    "osm_harbors": 0,
    "osm_rivers": 0,
    "osm_lakes": 0,
    "osm_beaches": 0,
    "osm_cliffs": 0,
    "osm_industrial": 0
   },
   "geometry": {
    "type": "Point",
    "coordinates": [
     11.104441367273095,
     54.06674487200858
    ]
   }
  },
  {
   "type": "Feature",
   "properties": {
    "timestamp": "2026-07-02T06:46:16.054195",
    "latitude": 56.9644483459587,
    "longitude": 16.9534792837765,
    "elevation": 0.0,
    "class_code": "COASTAL_SEA",
    "class_name": "\u041f\u0440\u0438\u0431\u0435\u0440\u0435\u0436\u044c\u0435 (\u043c\u043e\u0440\u0435)",
    "source_session": 10,
    "noaa_depth": -11.826408386230469,
    "noaa_type": "depth",
    "osm_piers": 0,
    "osm_lighthouses": 0,
    "osm_breakwaters": 0,
    "osm_harbors": 0,
    "osm_rivers": 0,
    "osm_lakes": 0,
    "osm_beaches": 0,
    "osm_cliffs": 0,
    "osm_industrial": 0
   },
   "geometry": {
    "type": "Point",
    "coordinates": [
     16.9534792837765,
     56.9644483459587
    ]
   }
  },
  {
   "type": "Feature",
   "properties": {
    "timestamp": "2026-07-02T06:39:35.342522",
    "latitude": 56.960094222678045,
    "longitude": 17.252961847559792,
    "elevation": 0.0,
    "class_code": "COASTAL_SEA",
    "class_name": "\u041f\u0440\u0438\u0431\u0435\u0440\u0435\u0436\u044c\u0435 (\u043c\u043e\u0440\u0435)",
    "source_session": 10,
    "noaa_depth": -62.39310073852539,
    "noaa_type": "depth",
    "osm_piers": 0,
    "osm_lighthouses": 0,
    "osm_breakwaters": 0,
    "osm_harbors": 0,
    "osm_rivers": 0,
    "osm_lakes": 0,
    "osm_beaches": 0,
    "osm_cliffs": 0,
    "osm_industrial": 0
   },
   "geometry": {
    "type": "Point",
    "coordinates": [
     17.252961847559792,
     56.960094222678045
    ]
   }
  },
  {
   "type": "Feature",
   "properties": {
    "timestamp": "2026-07-02T03:51:00.666281",
    "latitude": 54.05636833227292,
    "longitude": 10.836894495551276,
    "elevation": 0.0,
    "class_code": "COASTAL_SEA",
    "class_name": "\u041f\u0440\u0438\u0431\u0435\u0440\u0435\u0436\u044c\u0435 (\u043c\u043e\u0440\u0435)",
    "source_session": 9,
    "noaa_depth": -19.027362823486328,
    "noaa_type": "depth",
    "osm_piers": 0,
    "osm_lighthouses": 0,
    "osm_breakwaters": 0,
    "osm_harbors": 0,
    "osm_rivers": 0,
    "osm_lakes": 0,
    "osm_beaches": 0,
    "osm_cliffs": 0,
    "osm_industrial": 0
   },
   "geometry": {
    "type": "Point",
    "coordinates": [
     10.836894495551276,
     54.05636833227292
    ]
   }
  },
  {
   "type": "Feature",
   "properties": {
    "timestamp": "2026-07-02T06:03:21.677366",
    "latitude": 56.95089723344801,
    "longitude": 17.531067108120084,
    "elevation": 0.0,
    "class_code": "COASTAL_SEA",
    "class_name": "\u041f\u0440\u0438\u0431\u0435\u0440\u0435\u0436\u044c\u0435 (\u043c\u043e\u0440\u0435)",
    "source_session": 10,
    "noaa_depth": -96.25457000732422,
    "noaa_type": "depth",
    "osm_piers": 0,
    "osm_lighthouses": 0,
    "osm_breakwaters": 0,
    "osm_harbors": 0,
    "osm_rivers": 0,
    "osm_lakes": 0,
    "osm_beaches": 0,
    "osm_cliffs": 0,
    "osm_industrial": 0
   },
   "geometry": {
    "type": "Point",
    "coordinates": [
     17.531067108120084,
     56.95089723344801
    ]
   }
  },
  {
   "type": "Feature",
   "properties": {
    "timestamp": "2026-07-02T07:39:38.909240",
    "latitude": 58.516508573773166,
    "longitude": 9.603764249129505,
    "elevation": 0.0,
    "class_code": "OPEN_SEA",
    "class_name": "\u041e\u0442\u043a\u0440\u044b\u0442\u043e\u0435 \u043c\u043e\u0440\u0435",
    "source_session": 12,
    "noaa_depth": -546.0886383056611,
    "noaa_type": "depth",
    "osm_piers": 0,
    "osm_lighthouses": 0,
    "osm_breakwaters": 0,
    "osm_harbors": 0,
    "osm_rivers": 0,
    "osm_lakes": 0,
    "osm_beaches": 0,
    "osm_cliffs": 0,
    "osm_industrial": 0
   },
   "geometry": {
    "type": "Point",
    "coordinates": [
     9.603764249129505,
     58.516508573773166
    ]
   }
  },
  {
   "type": "Feature",
   "properties": {
    "timestamp": "2026-07-02T06:34:33.991218",
    "latitude": 56.96374551056268,
    "longitude": 17.247560262285084,
    "elevation": 0.0,
    "class_code": "COASTAL_SEA",
    "class_name": "\u041f\u0440\u0438\u0431\u0435\u0440\u0435\u0436\u044c\u0435 (\u043c\u043e\u0440\u0435)",
    "source_session": 10,
    "noaa_depth": -59.25310134887695,
    "noaa_type": "depth",
    "osm_piers": 0,
    "osm_lighthouses": 0,
    "osm_breakwaters": 0,
    "osm_harbors": 0,
    "osm_rivers": 0,
    "osm_lakes": 0,
    "osm_beaches": 0,
    "osm_cliffs": 0,
    "osm_industrial": 0
   },
   "geometry": {
    "type": "Point",
    "coordinates": [
     17.247560262285084,
     56.96374551056268
    ]
   }
  },
  {
   "type": "Feature",
   "properties": {
    "timestamp": "2026-07-02T07:45:10.559866",
    "latitude": 58.51840190647675,
    "longitude": 9.799749567165824,
    "elevation": 0.0,
    "class_code": "OPEN_SEA",
    "class_name": "\u041e\u0442\u043a\u0440\u044b\u0442\u043e\u0435 \u043c\u043e\u0440\u0435",
    "source_session": 12,
    "noaa_depth": -659.0560302734391,
    "noaa_type": "depth",
    "osm_piers": 0,
    "osm_lighthouses": 0,
    "osm_breakwaters": 0,
    "osm_harbors": 0,
    "osm_rivers": 0,
    "osm_lakes": 0,
    "osm_beaches": 0,
    "osm_cliffs": 0,
    "osm_industrial": 0
   },
   "geometry": {
    "type": "Point",
    "coordinates": [
     9.799749567165824,
     58.51840190647675
    ]
   }
  },
  {
   "type": "Feature",
   "properties": {
    "timestamp": "2026-07-02T03:36:31.806004",
    "latitude": 54.07183161857054,
    "longitude": 11.235113257383334,
    "elevation": 0.0,
    "class_code": "COASTAL_SEA",
    "class_name": "\u041f\u0440\u0438\u0431\u0435\u0440\u0435\u0436\u044c\u0435 (\u043c\u043e\u0440\u0435)",
    "source_session": 9,
    "noaa_depth": -15.392827033996582,
    "noaa_type": "depth",
    "osm_piers": 0,
    "osm_lighthouses": 0,
    "osm_breakwaters": 0,
    "osm_harbors": 0,
    "osm_rivers": 0,
    "osm_lakes": 0,
    "osm_beaches": 0,
    "osm_cliffs": 0,
    "osm_industrial": 0
   },
   "geometry": {
    "type": "Point",
    "coordinates": [
     11.235113257383334,
     54.07183161857054
    ]
   }
  },
  {
   "type": "Feature",
   "properties": {
    "timestamp": "2026-07-02T07:09:06.549740",
    "latitude": 58.52180916484036,
    "longitude": 9.794191811986108,
    "elevation": 0.0,
    "class_code": "OPEN_SEA",
    "class_name": "\u041e\u0442\u043a\u0440\u044b\u0442\u043e\u0435 \u043c\u043e\u0440\u0435",
    "source_session": 12,
    "noaa_depth": -644.9422607421875,
    "noaa_type": "depth",
    "osm_piers": 0,
    "osm_lighthouses": 0,
    "osm_breakwaters": 0,
    "osm_harbors": 0,
    "osm_rivers": 0,
    "osm_lakes": 0,
    "osm_beaches": 0,
    "osm_cliffs": 0,
    "osm_industrial": 0
   },
   "geometry": {
    "type": "Point",
    "coordinates": [
     9.794191811986108,
     58.52180916484036
    ]
   }
  },
  {
   "type": "Feature",
   "properties": {
    "timestamp": "2026-07-02T07:07:53.773523",
    "latitude": 58.521316283866526,
    "longitude": 9.739898146818652,
    "elevation": 0.0,
    "class_code": "OPEN_SEA",
    "class_name": "\u041e\u0442\u043a\u0440\u044b\u0442\u043e\u0435 \u043c\u043e\u0440\u0435",
    "source_session": 12,
    "noaa_depth": -584.2355957031376,
    "noaa_type": "depth",
    "osm_piers": 0,
    "osm_lighthouses": 0,
    "osm_breakwaters": 0,
    "osm_harbors": 0,
    "osm_rivers": 0,
    "osm_lakes": 0,
    "osm_beaches": 0,
    "osm_cliffs": 0,
    "osm_industrial": 0
   },
   "geometry": {
    "type": "Point",
    "coordinates": [
     9.739898146818652,
     58.521316283866526
    ]
   }
  },
  {
   "type": "Feature",
   "properties": {
    "timestamp": "2026-07-02T06:15:28.287033",
    "latitude": 56.967510524255935,
    "longitude": 17.185448102720166,
    "elevation": 0.0,
    "class_code": "COASTAL_SEA",
    "class_name": "\u041f\u0440\u0438\u0431\u0435\u0440\u0435\u0436\u044c\u0435 (\u043c\u043e\u0440\u0435)",
    "source_session": 10,
    "noaa_depth": -70.74085235595703,
    "noaa_type": "depth",
    "osm_piers": 0,
    "osm_lighthouses": 0,
    "osm_breakwaters": 0,
    "osm_harbors": 0,
    "osm_rivers": 0,
    "osm_lakes": 0,
    "osm_beaches": 0,
    "osm_cliffs": 0,
    "osm_industrial": 0
   },
   "geometry": {
    "type": "Point",
    "coordinates": [
     17.185448102720166,
     56.967510524255935
    ]
   }
  },
  {
   "type": "Feature",
   "properties": {
    "timestamp": "2026-07-02T07:35:11.133015",
    "latitude": 58.5286544098964,
    "longitude": 10.776841120287992,
    "elevation": 0.0,
    "class_code": "OPEN_SEA",
    "class_name": "\u041e\u0442\u043a\u0440\u044b\u0442\u043e\u0435 \u043c\u043e\u0440\u0435",
    "source_session": 12,
    "noaa_depth": -113.74839782714844,
    "noaa_type": "depth",
    "osm_piers": 0,
    "osm_lighthouses": 0,
    "osm_breakwaters": 0,
    "osm_harbors": 0,
    "osm_rivers": 0,
    "osm_lakes": 0,
    "osm_beaches": 0,
    "osm_cliffs": 0,
    "osm_industrial": 0
   },
   "geometry": {
    "type": "Point",
    "coordinates": [
     10.776841120287992,
     58.5286544098964
    ]
   }
  },
  {
   "type": "Feature",
   "properties": {
    "timestamp": "2026-07-02T06:17:48.685973",
    "latitude": 56.969336008175894,
    "longitude": 17.10947707808905,
    "elevation": 0.0,
    "class_code": "COASTAL_SEA",
    "class_name": "\u041f\u0440\u0438\u0431\u0435\u0440\u0435\u0436\u044c\u0435 (\u043c\u043e\u0440\u0435)",
    "source_session": 10,
    "noaa_depth": -51.64522933959961,
    "noaa_type": "depth",
    "osm_piers": 0,
    "osm_lighthouses": 0,
    "osm_breakwaters": 0,
    "osm_harbors": 0,
    "osm_rivers": 0,
    "osm_lakes": 0,
    "osm_beaches": 0,
    "osm_cliffs": 0,
    "osm_industrial": 0
   },
   "geometry": {
    "type": "Point",
    "coordinates": [
     17.10947707808905,
     56.969336008175894
    ]
   }
  },
  {
   "type": "Feature",
   "properties": {
    "timestamp": "2026-07-02T07:49:14.285581",
    "latitude": 58.51999948278473,
    "longitude": 9.959389787049934,
    "elevation": 0.0,
    "class_code": "OPEN_SEA",
    "class_name": "\u041e\u0442\u043a\u0440\u044b\u0442\u043e\u0435 \u043c\u043e\u0440\u0435",
    "source_session": 12,
    "noaa_depth": -529.4934692382812,
    "noaa_type": "depth",
    "osm_piers": 0,
    "osm_lighthouses": 0,
    "osm_breakwaters": 0,
    "osm_harbors": 0,
    "osm_rivers": 0,
    "osm_lakes": 0,
    "osm_beaches": 0,
    "osm_cliffs": 0,
    "osm_industrial": 0
   },
   "geometry": {
    "type": "Point",
    "coordinates": [
     9.959389787049934,
     58.51999948278473
    ]
   }
  },
  {
   "type": "Feature",
   "properties": {
    "timestamp": "2026-07-02T06:47:27.982367",
    "latitude": 56.96483925203727,
    "longitude": 17.014408294288334,
    "elevation": 0.0,
    "class_code": "COASTAL_SEA",
    "class_name": "\u041f\u0440\u0438\u0431\u0435\u0440\u0435\u0436\u044c\u0435 (\u043c\u043e\u0440\u0435)",
    "source_session": 10,
    "noaa_depth": -17.539995193481445,
    "noaa_type": "depth",
    "osm_piers": 0,
    "osm_lighthouses": 0,
    "osm_breakwaters": 0,
    "osm_harbors": 0,
    "osm_rivers": 0,
    "osm_lakes": 0,
    "osm_beaches": 0,
    "osm_cliffs": 0,
    "osm_industrial": 0
   },
   "geometry": {
    "type": "Point",
    "coordinates": [
     17.014408294288334,
     56.96483925203727
    ]
   }
  },
  {
   "type": "Feature",
   "properties": {
    "timestamp": "2026-07-02T07:51:56.940843",
    "latitude": 58.52078824230868,
    "longitude": 10.050909584622236,
    "elevation": 0.0,
    "class_code": "OPEN_SEA",
    "class_name": "\u041e\u0442\u043a\u0440\u044b\u0442\u043e\u0435 \u043c\u043e\u0440\u0435",
    "source_session": 12,
    "noaa_depth": -517.6332092285102,
    "noaa_type": "depth",
    "osm_piers": 0,
    "osm_lighthouses": 0,
    "osm_breakwaters": 0,
    "osm_harbors": 0,
    "osm_rivers": 0,
    "osm_lakes": 0,
    "osm_beaches": 0,
    "osm_cliffs": 0,
    "osm_industrial": 0
   },
   "geometry": {
    "type": "Point",
    "coordinates": [
     10.050909584622236,
     58.52078824230868
    ]
   }
  },
  {
   "type": "Feature",
   "properties": {
    "timestamp": "2026-07-02T06:09:38.714910",
    "latitude": 56.96397908749065,
    "longitude": 17.3975218246171,
    "elevation": 0.0,
    "class_code": "COASTAL_SEA",
    "class_name": "\u041f\u0440\u0438\u0431\u0435\u0440\u0435\u0436\u044c\u0435 (\u043c\u043e\u0440\u0435)",
    "source_session": 10,
    "noaa_depth": -91.69114685058594,
    "noaa_type": "depth",
    "osm_piers": 0,
    "osm_lighthouses": 0,
    "osm_breakwaters": 0,
    "osm_harbors": 0,
    "osm_rivers": 0,
    "osm_lakes": 0,
    "osm_beaches": 0,
    "osm_cliffs": 0,
    "osm_industrial": 0
   },
   "geometry": {
    "type": "Point",
    "coordinates": [
     17.3975218246171,
     56.96397908749065
    ]
   }
  },
  {
   "type": "Feature",
   "properties": {
    "timestamp": "2026-07-03T01:02:27.136528",
    "latitude": 53.01396039660608,
    "longitude": 8.037964970734654,
    "elevation": 11.0,
    "class_code": "COASTLINE",
    "class_name": "\u0421\u0443\u0448\u0430 \u0432\u0434\u0430\u043b\u0438 \u043e\u0442 \u043f\u043e\u0431\u0435\u0440\u0435\u0436\u044c\u044f",
    "source_session": 11,
    "noaa_depth": 13.828933238983154,
    "noaa_type": "height",
    "osm_piers": 0,
    "osm_lighthouses": 0,
    "osm_breakwaters": 0,
    "osm_harbors": 0,
    "osm_rivers": 0,
    "osm_lakes": 0,
    "osm_beaches": 0,
    "osm_cliffs": 0,
    "osm_industrial": 0
   },
   "geometry": {
    "type": "Point",
    "coordinates": [
     8.037964970734654,
     53.01396039660608
    ]
   }
  },
  {
   "type": "Feature",
   "properties": {
    "timestamp": "2026-07-02T03:47:31.633681",
    "latitude": 54.06137971975342,
    "longitude": 10.952437597936173,
    "elevation": 0.0,
    "class_code": "COASTAL_SEA",
    "class_name": "\u041f\u0440\u0438\u0431\u0435\u0440\u0435\u0436\u044c\u0435 (\u043c\u043e\u0440\u0435)",
    "source_session": 9,
    "noaa_depth": -23.336496353149414,
    "noaa_type": "depth",
    "osm_piers": 0,
    "osm_lighthouses": 0,
    "osm_breakwaters": 0,
    "osm_harbors": 0,
    "osm_rivers": 0,
    "osm_lakes": 0,
    "osm_beaches": 0,
    "osm_cliffs": 0,
    "osm_industrial": 0
   },
   "geometry": {
    "type": "Point",
    "coordinates": [
     10.952437597936173,
     54.06137971975342
    ]
   }
  },
  {
   "type": "Feature",
   "properties": {
    "timestamp": "2026-07-02T07:10:14.194120",
    "latitude": 58.52203241418951,
    "longitude": 9.830461748638815,
    "elevation": 0.0,
    "class_code": "OPEN_SEA",
    "class_name": "\u041e\u0442\u043a\u0440\u044b\u0442\u043e\u0435 \u043c\u043e\u0440\u0435",
    "source_session": 12,
    "noaa_depth": -697.5797729492188,
    "noaa_type": "depth",
    "osm_piers": 0,
    "osm_lighthouses": 0,
    "osm_breakwaters": 0,
    "osm_harbors": 0,
    "osm_rivers": 0,
    "osm_lakes": 0,
    "osm_beaches": 0,
    "osm_cliffs": 0,
    "osm_industrial": 0
   },
   "geometry": {
    "type": "Point",
    "coordinates": [
     9.830461748638815,
     58.52203241418951
    ]
   }
  },
  {
   "type": "Feature",
   "properties": {
    "timestamp": "2026-07-02T07:23:47.644886",
    "latitude": 58.52722309213724,
    "longitude": 10.354278204977982,
    "elevation": 0.0,
    "class_code": "OPEN_SEA",
    "class_name": "\u041e\u0442\u043a\u0440\u044b\u0442\u043e\u0435 \u043c\u043e\u0440\u0435",
    "source_session": 12,
    "noaa_depth": -298.04785156249915,
    "noaa_type": "depth",
    "osm_piers": 0,
    "osm_lighthouses": 0,
    "osm_breakwaters": 0,
    "osm_harbors": 0,
    "osm_rivers": 0,
    "osm_lakes": 0,
    "osm_beaches": 0,
    "osm_cliffs": 0,
    "osm_industrial": 0
   },
   "geometry": {
    "type": "Point",
    "coordinates": [
     10.354278204977982,
     58.52722309213724
    ]
   }
  },
  {
   "type": "Feature",
   "properties": {
    "timestamp": "2026-07-02T02:45:27.385504",
    "latitude": 54.06489499167594,
    "longitude": 11.226897985065829,
    "elevation": 0.0,
    "class_code": "COASTAL_SEA",
    "class_name": "\u041f\u0440\u0438\u0431\u0435\u0440\u0435\u0436\u044c\u0435 (\u043c\u043e\u0440\u0435)",
    "source_session": 9,
    "noaa_depth": -20.402610778808594,
    "noaa_type": "depth",
    "osm_piers": 0,
    "osm_lighthouses": 0,
    "osm_breakwaters": 0,
    "osm_harbors": 0,
    "osm_rivers": 0,
    "osm_lakes": 0,
    "osm_beaches": 0,
    "osm_cliffs": 0,
    "osm_industrial": 0
   },
   "geometry": {
    "type": "Point",
    "coordinates": [
     11.226897985065829,
     54.06489499167594
    ]
   }
  },
  {
   "type": "Feature",
   "properties": {
    "timestamp": "2026-07-02T07:51:14.213067",
    "latitude": 58.52020336478368,
    "longitude": 10.026650385298115,
    "elevation": 0.0,
    "class_code": "OPEN_SEA",
    "class_name": "\u041e\u0442\u043a\u0440\u044b\u0442\u043e\u0435 \u043c\u043e\u0440\u0435",
    "source_session": 12,
    "noaa_depth": -545.3739624023438,
    "noaa_type": "depth",
    "osm_piers": 0,
    "osm_lighthouses": 0,
    "osm_breakwaters": 0,
    "osm_harbors": 0,
    "osm_rivers": 0,
    "osm_lakes": 0,
    "osm_beaches": 0,
    "osm_cliffs": 0,
    "osm_industrial": 0
   },
   "geometry": {
    "type": "Point",
    "coordinates": [
     10.026650385298115,
     58.52020336478368
    ]
   }
  },
  {
   "type": "Feature",
   "properties": {
    "timestamp": "2026-07-02T03:56:37.674681",
    "latitude": 54.062386201172515,
    "longitude": 10.842079577598996,
    "elevation": 0.0,
    "class_code": "COASTAL_SEA",
    "class_name": "\u041f\u0440\u0438\u0431\u0435\u0440\u0435\u0436\u044c\u0435 (\u043c\u043e\u0440\u0435)",
    "source_session": 9,
    "noaa_depth": -18.189863204955916,
    "noaa_type": "depth",
    "osm_piers": 0,
    "osm_lighthouses": 0,
    "osm_breakwaters": 0,
    "osm_harbors": 0,
    "osm_rivers": 0,
    "osm_lakes": 0,
    "osm_beaches": 0,
    "osm_cliffs": 0,
    "osm_industrial": 0
   },
   "geometry": {
    "type": "Point",
    "coordinates": [
     10.842079577598996,
     54.062386201172515
    ]
   }
  },
  {
   "type": "Feature",
   "properties": {
    "timestamp": "2026-07-02T07:56:39.541595",
    "latitude": 58.523230275889375,
    "longitude": 10.229911381289305,
    "elevation": 0.0,
    "class_code": "OPEN_SEA",
    "class_name": "\u041e\u0442\u043a\u0440\u044b\u0442\u043e\u0435 \u043c\u043e\u0440\u0435",
    "source_session": 12,
    "noaa_depth": -382.4039001464844,
    "noaa_type": "depth",
    "osm_piers": 0,
    "osm_lighthouses": 0,
    "osm_breakwaters": 0,
    "osm_harbors": 0,
    "osm_rivers": 0,
    "osm_lakes": 0,
    "osm_beaches": 0,
    "osm_cliffs": 0,
    "osm_industrial": 0
   },
   "geometry": {
    "type": "Point",
    "coordinates": [
     10.229911381289305,
     58.523230275889375
    ]
   }
  },
  {
   "type": "Feature",
   "properties": {
    "timestamp": "2026-07-03T13:11:36.054132",
    "latitude": 57.581872388231766,
    "longitude": 9.95592025391826,
    "elevation": 30.0,
    "class_code": "NEAR_COAST",
    "class_name": "\u041f\u043e\u0431\u0435\u0440\u0435\u0436\u044c\u0435 (\u0441\u0443\u0448\u0430)",
    "source_session": 3,
    "noaa_depth": 29.81999969482422,
    "noaa_type": "height",
    "osm_piers": 0,
    "osm_lighthouses": 0,
    "osm_breakwaters": 0,
    "osm_harbors": 0,
    "osm_rivers": 0,
    "osm_lakes": 0,
    "osm_beaches": 0,
    "osm_cliffs": 0,
    "osm_industrial": 0
   },
   "geometry": {
    "type": "Point",
    "coordinates": [
     9.95592025391826,
     57.581872388231766
    ]
   }
  },
  {
   "type": "Feature",
   "properties": {
    "timestamp": "2026-07-02T05:56:14.480204",
    "latitude": 56.953519382643464,
    "longitude": 17.48236896152991,
    "elevation": 0.0,
    "class_code": "OPEN_SEA",
    "class_name": "\u041e\u0442\u043a\u0440\u044b\u0442\u043e\u0435 \u043c\u043e\u0440\u0435",
    "source_session": 10,
    "noaa_depth": -102.5068588256836,
    "noaa_type": "depth",
    "osm_piers": 0,
    "osm_lighthouses": 0,
    "osm_breakwaters": 0,
    "osm_harbors": 0,
    "osm_rivers": 0,
    "osm_lakes": 0,
    "osm_beaches": 0,
    "osm_cliffs": 0,
    "osm_industrial": 0
   },
   "geometry": {
    "type": "Point",
    "coordinates": [
     17.48236896152991,
     56.953519382643464
    ]
   }
  },
  {
   "type": "Feature",
   "properties": {
    "timestamp": "2026-07-02T06:30:01.299628",
    "latitude": 56.967577221720724,
    "longitude": 17.05539788652647,
    "elevation": 0.0,
    "class_code": "COASTAL_SEA",
    "class_name": "\u041f\u0440\u0438\u0431\u0435\u0440\u0435\u0436\u044c\u0435 (\u043c\u043e\u0440\u0435)",
    "source_session": 10,
    "noaa_depth": -22.61485481262207,
    "noaa_type": "depth",
    "osm_piers": 0,
    "osm_lighthouses": 0,
    "osm_breakwaters": 0,
    "osm_harbors": 0,
    "osm_rivers": 0,
    "osm_lakes": 0,
    "osm_beaches": 0,
    "osm_cliffs": 0,
    "osm_industrial": 0
   },
   "geometry": {
    "type": "Point",
    "coordinates": [
     17.05539788652647,
     56.967577221720724
    ]
   }
  },
  {
   "type": "Feature",
   "properties": {
    "timestamp": "2026-07-02T07:23:24.957800",
    "latitude": 58.52699909076027,
    "longitude": 10.336309127182341,
    "elevation": 0.0,
    "class_code": "OPEN_SEA",
    "class_name": "\u041e\u0442\u043a\u0440\u044b\u0442\u043e\u0435 \u043c\u043e\u0440\u0435",
    "source_session": 12,
    "noaa_depth": -311.15283203125,
    "noaa_type": "depth",
    "osm_piers": 0,
    "osm_lighthouses": 0,
    "osm_breakwaters": 0,
    "osm_harbors": 0,
    "osm_rivers": 0,
    "osm_lakes": 0,
    "osm_beaches": 0,
    "osm_cliffs": 0,
    "osm_industrial": 0
   },
   "geometry": {
    "type": "Point",
    "coordinates": [
     10.336309127182341,
     58.52699909076027
    ]
   }
  },
  {
   "type": "Feature",
   "properties": {
    "timestamp": "2026-07-02T06:03:37.057519",
    "latitude": 56.950300115954406,
    "longitude": 17.542935392819178,
    "elevation": 0.0,
    "class_code": "COASTAL_SEA",
    "class_name": "\u041f\u0440\u0438\u0431\u0435\u0440\u0435\u0436\u044c\u0435 (\u043c\u043e\u0440\u0435)",
    "source_session": 10,
    "noaa_depth": -96.3383789062503,
    "noaa_type": "depth",
    "osm_piers": 0,
    "osm_lighthouses": 0,
    "osm_breakwaters": 0,
    "osm_harbors": 0,
    "osm_rivers": 0,
    "osm_lakes": 0,
    "osm_beaches": 0,
    "osm_cliffs": 0,
    "osm_industrial": 0
   },
   "geometry": {
    "type": "Point",
    "coordinates": [
     17.542935392819178,
     56.950300115954406
    ]
   }
  },
  {
   "type": "Feature",
   "properties": {
    "timestamp": "2026-07-02T04:00:06.973988",
    "latitude": 54.06641707389831,
    "longitude": 10.961982095227647,
    "elevation": 0.0,
    "class_code": "COASTAL_SEA",
    "class_name": "\u041f\u0440\u0438\u0431\u0435\u0440\u0435\u0436\u044c\u0435 (\u043c\u043e\u0440\u0435)",
    "source_session": 9,
    "noaa_depth": -22.43252468109131,
    "noaa_type": "depth",
    "osm_piers": 0,
    "osm_lighthouses": 0,
    "osm_breakwaters": 0,
    "osm_harbors": 0,
    "osm_rivers": 0,
    "osm_lakes": 0,
    "osm_beaches": 0,
    "osm_cliffs": 0,
    "osm_industrial": 0
   },
   "geometry": {
    "type": "Point",
    "coordinates": [
     10.961982095227647,
     54.06641707389831
    ]
   }
  },
  {
   "type": "Feature",
   "properties": {
    "timestamp": "2026-07-02T06:19:51.132773",
    "latitude": 56.970410407741625,
    "longitude": 17.03028501141145,
    "elevation": 0.0,
    "class_code": "COASTAL_SEA",
    "class_name": "\u041f\u0440\u0438\u0431\u0435\u0440\u0435\u0436\u044c\u0435 (\u043c\u043e\u0440\u0435)",
    "source_session": 10,
    "noaa_depth": -19.653499603271484,
    "noaa_type": "depth",
    "osm_piers": 0,
    "osm_lighthouses": 0,
    "osm_breakwaters": 0,
    "osm_harbors": 0,
    "osm_rivers": 0,
    "osm_lakes": 0,
    "osm_beaches": 0,
    "osm_cliffs": 0,
    "osm_industrial": 0
   },
   "geometry": {
    "type": "Point",
    "coordinates": [
     17.03028501141145,
     56.970410407741625
    ]
   }
  },
  {
   "type": "Feature",
   "properties": {
    "timestamp": "2026-07-02T08:11:20.445923",
    "latitude": 58.52541924516891,
    "longitude": 10.774349458750379,
    "elevation": 0.0,
    "class_code": "OPEN_SEA",
    "class_name": "\u041e\u0442\u043a\u0440\u044b\u0442\u043e\u0435 \u043c\u043e\u0440\u0435",
    "source_session": 12,
    "noaa_depth": -115.78339385986031,
    "noaa_type": "depth",
    "osm_piers": 0,
    "osm_lighthouses": 0,
    "osm_breakwaters": 0,
    "osm_harbors": 0,
    "osm_rivers": 0,
    "osm_lakes": 0,
    "osm_beaches": 0,
    "osm_cliffs": 0,
    "osm_industrial": 0
   },
   "geometry": {
    "type": "Point",
    "coordinates": [
     10.774349458750379,
     58.52541924516891
    ]
   }
  },
  {
   "type": "Feature",
   "properties": {
    "timestamp": "2026-07-02T06:11:43.511317",
    "latitude": 56.965238546942196,
    "longitude": 17.31291202630934,
    "elevation": 0.0,
    "class_code": "COASTAL_SEA",
    "class_name": "\u041f\u0440\u0438\u0431\u0435\u0440\u0435\u0436\u044c\u0435 (\u043c\u043e\u0440\u0435)",
    "source_session": 10,
    "noaa_depth": -72.09549713134768,
    "noaa_type": "depth",
    "osm_piers": 0,
    "osm_lighthouses": 0,
    "osm_breakwaters": 0,
    "osm_harbors": 0,
    "osm_rivers": 0,
    "osm_lakes": 0,
    "osm_beaches": 0,
    "osm_cliffs": 0,
    "osm_industrial": 0
   },
   "geometry": {
    "type": "Point",
    "coordinates": [
     17.31291202630934,
     56.965238546942196
    ]
   }
  },
  {
   "type": "Feature",
   "properties": {
    "timestamp": "2026-07-02T08:11:13.721845",
    "latitude": 58.525887427490865,
    "longitude": 10.768703261067861,
    "elevation": 0.0,
    "class_code": "OPEN_SEA",
    "class_name": "\u041e\u0442\u043a\u0440\u044b\u0442\u043e\u0435 \u043c\u043e\u0440\u0435",
    "source_session": 12,
    "noaa_depth": -116.08839416503906,
    "noaa_type": "depth",
    "osm_piers": 0,
    "osm_lighthouses": 0,
    "osm_breakwaters": 0,
    "osm_harbors": 0,
    "osm_rivers": 0,
    "osm_lakes": 0,
    "osm_beaches": 0,
    "osm_cliffs": 0,
    "osm_industrial": 0
   },
   "geometry": {
    "type": "Point",
    "coordinates": [
     10.768703261067861,
     58.525887427490865
    ]
   }
  },
  {
   "type": "Feature",
   "properties": {
    "timestamp": "2026-07-02T05:49:27.307834",
    "latitude": 56.95769276411455,
    "longitude": 17.419919775513485,
    "elevation": 0.0,
    "class_code": "OPEN_SEA",
    "class_name": "\u041e\u0442\u043a\u0440\u044b\u0442\u043e\u0435 \u043c\u043e\u0440\u0435",
    "source_session": 10,
    "noaa_depth": -100.18017578125,
    "noaa_type": "depth",
    "osm_piers": 0,
    "osm_lighthouses": 0,
    "osm_breakwaters": 0,
    "osm_harbors": 0,
    "osm_rivers": 0,
    "osm_lakes": 0,
    "osm_beaches": 0,
    "osm_cliffs": 0,
    "osm_industrial": 0
   },
   "geometry": {
    "type": "Point",
    "coordinates": [
     17.419919775513485,
     56.95769276411455
    ]
   }
  },
  {
   "type": "Feature",
   "properties": {
    "timestamp": "2026-07-02T07:14:33.789803",
    "latitude": 58.52370115317658,
    "longitude": 9.997742847381552,
    "elevation": 0.0,
    "class_code": "OPEN_SEA",
    "class_name": "\u041e\u0442\u043a\u0440\u044b\u0442\u043e\u0435 \u043c\u043e\u0440\u0435",
    "source_session": 12,
    "noaa_depth": -570.242919921875,
    "noaa_type": "depth",
    "osm_piers": 0,
    "osm_lighthouses": 0,
    "osm_breakwaters": 0,
    "osm_harbors": 0,
    "osm_rivers": 0,
    "osm_lakes": 0,
    "osm_beaches": 0,
    "osm_cliffs": 0,
    "osm_industrial": 0
   },
   "geometry": {
    "type": "Point",
    "coordinates": [
     9.997742847381552,
     58.52370115317658
    ]
   }
  },
  {
   "type": "Feature",
   "properties": {
    "timestamp": "2026-07-02T08:08:35.621157",
    "latitude": 58.52519269015914,
    "longitude": 10.652946838831818,
    "elevation": 0.0,
    "class_code": "OPEN_SEA",
    "class_name": "\u041e\u0442\u043a\u0440\u044b\u0442\u043e\u0435 \u043c\u043e\u0440\u0435",
    "source_session": 12,
    "noaa_depth": -147.8701248168971,
    "noaa_type": "depth",
    "osm_piers": 0,
    "osm_lighthouses": 0,
    "osm_breakwaters": 0,
    "osm_harbors": 0,
    "osm_rivers": 0,
    "osm_lakes": 0,
    "osm_beaches": 0,
    "osm_cliffs": 0,
    "osm_industrial": 0
   },
   "geometry": {
    "type": "Point",
    "coordinates": [
     10.652946838831818,
     58.52519269015914
    ]
   }
  },
  {
   "type": "Feature",
   "properties": {
    "timestamp": "2026-07-01T18:28:51.722059",
    "latitude": 57.16366070749564,
    "longitude": 9.140070236009096,
    "elevation": 0.0,
    "class_code": "COASTAL_SEA",
    "class_name": "\u041f\u0440\u0438\u0431\u0435\u0440\u0435\u0436\u044c\u0435 (\u043c\u043e\u0440\u0435)",
    "source_session": 5,
    "noaa_depth": -7.6026506423950195,
    "noaa_type": "depth",
    "osm_piers": 0,
    "osm_lighthouses": 0,
    "osm_breakwaters": 0,
    "osm_harbors": 0,
    "osm_rivers": 0,
    "osm_lakes": 0,
    "osm_beaches": 0,
    "osm_cliffs": 0,
    "osm_industrial": 0
   },
   "geometry": {
    "type": "Point",
    "coordinates": [
     9.140070236009096,
     57.16366070749564
    ]
   }
  },
  {
   "type": "Feature",
   "properties": {
    "timestamp": "2026-07-02T08:11:26.523137",
    "latitude": 58.52555365222062,
    "longitude": 10.780661177832723,
    "elevation": 0.0,
    "class_code": "OPEN_SEA",
    "class_name": "\u041e\u0442\u043a\u0440\u044b\u0442\u043e\u0435 \u043c\u043e\u0440\u0435",
    "source_session": 12,
    "noaa_depth": -112.52839660644531,
    "noaa_type": "depth",
    "osm_piers": 0,
    "osm_lighthouses": 0,
    "osm_breakwaters": 0,
    "osm_harbors": 0,
    "osm_rivers": 0,
    "osm_lakes": 0,
    "osm_beaches": 0,
    "osm_cliffs": 0,
    "osm_industrial": 0
   },
   "geometry": {
    "type": "Point",
    "coordinates": [
     10.780661177832723,
     58.52555365222062
    ]
   }
  },
  {
   "type": "Feature",
   "properties": {
    "timestamp": "2026-07-02T06:47:36.094915",
    "latitude": 56.96452325044051,
    "longitude": 17.02013647943151,
    "elevation": 0.0,
    "class_code": "COASTAL_SEA",
    "class_name": "\u041f\u0440\u0438\u0431\u0435\u0440\u0435\u0436\u044c\u0435 (\u043c\u043e\u0440\u0435)",
    "source_session": 10,
    "noaa_depth": -18.56999397277832,
    "noaa_type": "depth",
    "osm_piers": 0,
    "osm_lighthouses": 0,
    "osm_breakwaters": 0,
    "osm_harbors": 0,
    "osm_rivers": 0,
    "osm_lakes": 0,
    "osm_beaches": 0,
    "osm_cliffs": 0,
    "osm_industrial": 0
   },
   "geometry": {
    "type": "Point",
    "coordinates": [
     17.02013647943151,
     56.96452325044051
    ]
   }
  },
  {
   "type": "Feature",
   "properties": {
    "timestamp": "2026-07-02T08:10:32.289279",
    "latitude": 58.525519748541114,
    "longitude": 10.737811551527336,
    "elevation": 0.0,
    "class_code": "OPEN_SEA",
    "class_name": "\u041e\u0442\u043a\u0440\u044b\u0442\u043e\u0435 \u043c\u043e\u0440\u0435",
    "source_session": 12,
    "noaa_depth": -130.06533813476727,
    "noaa_type": "depth",
    "osm_piers": 0,
    "osm_lighthouses": 0,
    "osm_breakwaters": 0,
    "osm_harbors": 0,
    "osm_rivers": 0,
    "osm_lakes": 0,
    "osm_beaches": 0,
    "osm_cliffs": 0,
    "osm_industrial": 0
   },
   "geometry": {
    "type": "Point",
    "coordinates": [
     10.737811551527336,
     58.525519748541114
    ]
   }
  },
  {
   "type": "Feature",
   "properties": {
    "timestamp": "2026-07-02T07:14:27.486967",
    "latitude": 58.52363394616587,
    "longitude": 9.992053712834535,
    "elevation": 0.0,
    "class_code": "OPEN_SEA",
    "class_name": "\u041e\u0442\u043a\u0440\u044b\u0442\u043e\u0435 \u043c\u043e\u0440\u0435",
    "source_session": 12,
    "noaa_depth": -542.4429016113447,
    "noaa_type": "depth",
    "osm_piers": 0,
    "osm_lighthouses": 0,
    "osm_breakwaters": 0,
    "osm_harbors": 0,
    "osm_rivers": 0,
    "osm_lakes": 0,
    "osm_beaches": 0,
    "osm_cliffs": 0,
    "osm_industrial": 0
   },
   "geometry": {
    "type": "Point",
    "coordinates": [
     9.992053712834535,
     58.52363394616587
    ]
   }
  },
  {
   "type": "Feature",
   "properties": {
    "timestamp": "2026-07-01T20:42:28.073415",
    "latitude": 56.9568912311383,
    "longitude": 10.277479699876483,
    "elevation": 1.0,
    "class_code": "NEAR_COAST",
    "class_name": "\u041f\u043e\u0431\u0435\u0440\u0435\u0436\u044c\u0435 (\u0441\u0443\u0448\u0430)",
    "source_session": 5,
    "noaa_depth": 0.6800000071525574,
    "noaa_type": "height",
    "osm_piers": 0,
    "osm_lighthouses": 0,
    "osm_breakwaters": 0,
    "osm_harbors": 0,
    "osm_rivers": 0,
    "osm_lakes": 0,
    "osm_beaches": 0,
    "osm_cliffs": 0,
    "osm_industrial": 0
   },
   "geometry": {
    "type": "Point",
    "coordinates": [
     10.277479699876483,
     56.9568912311383
    ]
   }
  },
  {
   "type": "Feature",
   "properties": {
    "timestamp": "2026-07-02T03:56:08.781294",
    "latitude": 54.06241389994344,
    "longitude": 10.82617146929962,
    "elevation": 0.0,
    "class_code": "COASTAL_SEA",
    "class_name": "\u041f\u0440\u0438\u0431\u0435\u0440\u0435\u0436\u044c\u0435 (\u043c\u043e\u0440\u0435)",
    "source_session": 9,
    "noaa_depth": -18.13117218017578,
    "noaa_type": "depth",
    "osm_piers": 0,
    "osm_lighthouses": 0,
    "osm_breakwaters": 0,
    "osm_harbors": 0,
    "osm_rivers": 0,
    "osm_lakes": 0,
    "osm_beaches": 0,
    "osm_cliffs": 0,
    "osm_industrial": 0
   },
   "geometry": {
    "type": "Point",
    "coordinates": [
     10.82617146929962,
     54.06241389994344
    ]
   }
  },
  {
   "type": "Feature",
   "properties": {
    "timestamp": "2026-07-02T07:14:45.732497",
    "latitude": 58.523577940225216,
    "longitude": 10.009035242746545,
    "elevation": 0.0,
    "class_code": "OPEN_SEA",
    "class_name": "\u041e\u0442\u043a\u0440\u044b\u0442\u043e\u0435 \u043c\u043e\u0440\u0435",
    "source_session": 12,
    "noaa_depth": -547.573974609375,
    "noaa_type": "depth",
    "osm_piers": 0,
    "osm_lighthouses": 0,
    "osm_breakwaters": 0,
    "osm_harbors": 0,
    "osm_rivers": 0,
    "osm_lakes": 0,
    "osm_beaches": 0,
    "osm_cliffs": 0,
    "osm_industrial": 0
   },
   "geometry": {
    "type": "Point",
    "coordinates": [
     10.009035242746545,
     58.523577940225216
    ]
   }
  },
  {
   "type": "Feature",
   "properties": {
    "timestamp": "2026-07-02T06:48:27.270388",
    "latitude": 56.96483925203727,
    "longitude": 17.0560073616765,
    "elevation": 0.0,
    "class_code": "COASTAL_SEA",
    "class_name": "\u041f\u0440\u0438\u0431\u0435\u0440\u0435\u0436\u044c\u0435 (\u043c\u043e\u0440\u0435)",
    "source_session": 10,
    "noaa_depth": -23.0081844329834,
    "noaa_type": "depth",
    "osm_piers": 0,
    "osm_lighthouses": 0,
    "osm_breakwaters": 0,
    "osm_harbors": 0,
    "osm_rivers": 0,
    "osm_lakes": 0,
    "osm_beaches": 0,
    "osm_cliffs": 0,
    "osm_industrial": 0
   },
   "geometry": {
    "type": "Point",
    "coordinates": [
     17.0560073616765,
     56.96483925203727
    ]
   }
  },
  {
   "type": "Feature",
   "properties": {
    "timestamp": "2026-07-02T07:15:17.013436",
    "latitude": 58.52383612473405,
    "longitude": 10.026150252217443,
    "elevation": 0.0,
    "class_code": "OPEN_SEA",
    "class_name": "\u041e\u0442\u043a\u0440\u044b\u0442\u043e\u0435 \u043c\u043e\u0440\u0435",
    "source_session": 12,
    "noaa_depth": -546.843994140625,
    "noaa_type": "depth",
    "osm_piers": 0,
    "osm_lighthouses": 0,
    "osm_breakwaters": 0,
    "osm_harbors": 0,
    "osm_rivers": 0,
    "osm_lakes": 0,
    "osm_beaches": 0,
    "osm_cliffs": 0,
    "osm_industrial": 0
   },
   "geometry": {
    "type": "Point",
    "coordinates": [
     10.026150252217443,
     58.52383612473405
    ]
   }
  },
  {
   "type": "Feature",
   "properties": {
    "timestamp": "2026-07-02T03:44:01.632207",
    "latitude": 54.066178393675216,
    "longitude": 11.060279715355476,
    "elevation": 0.0,
    "class_code": "COASTAL_SEA",
    "class_name": "\u041f\u0440\u0438\u0431\u0435\u0440\u0435\u0436\u044c\u0435 (\u043c\u043e\u0440\u0435)",
    "source_session": 9,
    "noaa_depth": -23.489772796630902,
    "noaa_type": "depth",
    "osm_piers": 0,
    "osm_lighthouses": 0,
    "osm_breakwaters": 0,
    "osm_harbors": 0,
    "osm_rivers": 0,
    "osm_lakes": 0,
    "osm_beaches": 0,
    "osm_cliffs": 0,
    "osm_industrial": 0
   },
   "geometry": {
    "type": "Point",
    "coordinates": [
     11.060279715355476,
     54.066178393675216
    ]
   }
  },
  {
   "type": "Feature",
   "properties": {
    "timestamp": "2026-07-02T02:49:29.319550",
    "latitude": 54.06566353966227,
    "longitude": 11.256450119376533,
    "elevation": 0.0,
    "class_code": "COASTAL_SEA",
    "class_name": "\u041f\u0440\u0438\u0431\u0435\u0440\u0435\u0436\u044c\u0435 (\u043c\u043e\u0440\u0435)",
    "source_session": 9,
    "noaa_depth": -16.85376739501953,
    "noaa_type": "depth",
    "osm_piers": 0,
    "osm_lighthouses": 0,
    "osm_breakwaters": 0,
    "osm_harbors": 0,
    "osm_rivers": 0,
    "osm_lakes": 0,
    "osm_beaches": 0,
    "osm_cliffs": 0,
    "osm_industrial": 0
   },
   "geometry": {
    "type": "Point",
    "coordinates": [
     11.256450119376533,
     54.06566353966227
    ]
   }
  },
  {
   "type": "Feature",
   "properties": {
    "timestamp": "2026-07-02T06:37:20.780998",
    "latitude": 56.95934932125835,
    "longitude": 17.33710490930651,
    "elevation": 0.0,
    "class_code": "COASTAL_SEA",
    "class_name": "\u041f\u0440\u0438\u0431\u0435\u0440\u0435\u0436\u044c\u0435 (\u043c\u043e\u0440\u0435)",
    "source_session": 10,
    "noaa_depth": -76.46760940551758,
    "noaa_type": "depth",
    "osm_piers": 0,
    "osm_lighthouses": 0,
    "osm_breakwaters": 0,
    "osm_harbors": 0,
    "osm_rivers": 0,
    "osm_lakes": 0,
    "osm_beaches": 0,
    "osm_cliffs": 0,
    "osm_industrial": 0
   },
   "geometry": {
    "type": "Point",
    "coordinates": [
     17.33710490930651,
     56.95934932125835
    ]
   }
  },
  {
   "type": "Feature",
   "properties": {
    "timestamp": "2026-07-02T03:24:56.358437",
    "latitude": 54.07602353491026,
    "longitude": 11.420635348497328,
    "elevation": 0.0,
    "class_code": "COASTAL_SEA",
    "class_name": "\u041f\u0440\u0438\u0431\u0435\u0440\u0435\u0436\u044c\u0435 (\u043c\u043e\u0440\u0435)",
    "source_session": 9,
    "noaa_depth": -12.799426078795943,
    "noaa_type": "depth",
    "osm_piers": 0,
    "osm_lighthouses": 0,
    "osm_breakwaters": 0,
    "osm_harbors": 0,
    "osm_rivers": 0,
    "osm_lakes": 0,
    "osm_beaches": 0,
    "osm_cliffs": 0,
    "osm_industrial": 0
   },
   "geometry": {
    "type": "Point",
    "coordinates": [
     11.420635348497328,
     54.07602353491026
    ]
   }
  },
  {
   "type": "Feature",
   "properties": {
    "timestamp": "2026-07-02T06:22:36.383929",
    "latitude": 56.97201424241958,
    "longitude": 16.943555415764667,
    "elevation": 0.0,
    "class_code": "COASTAL_SEA",
    "class_name": "\u041f\u0440\u0438\u0431\u0435\u0440\u0435\u0436\u044c\u0435 (\u043c\u043e\u0440\u0435)",
    "source_session": 10,
    "noaa_depth": -8.373132705688477,
    "noaa_type": "depth",
    "osm_piers": 0,
    "osm_lighthouses": 0,
    "osm_breakwaters": 0,
    "osm_harbors": 0,
    "osm_rivers": 0,
    "osm_lakes": 0,
    "osm_beaches": 0,
    "osm_cliffs": 0,
    "osm_industrial": 0
   },
   "geometry": {
    "type": "Point",
    "coordinates": [
     16.943555415764667,
     56.97201424241958
    ]
   }
  },
  {
   "type": "Feature",
   "properties": {
    "timestamp": "2026-07-02T06:28:53.581338",
    "latitude": 56.9679727760479,
    "longitude": 16.99747241878633,
    "elevation": 0.0,
    "class_code": "COASTAL_SEA",
    "class_name": "\u041f\u0440\u0438\u0431\u0435\u0440\u0435\u0436\u044c\u0435 (\u043c\u043e\u0440\u0435)",
    "source_session": 10,
    "noaa_depth": -16.485776901245117,
    "noaa_type": "depth",
    "osm_piers": 0,
    "osm_lighthouses": 0,
    "osm_breakwaters": 0,
    "osm_harbors": 0,
    "osm_rivers": 0,
    "osm_lakes": 0,
    "osm_beaches": 0,
    "osm_cliffs": 0,
    "osm_industrial": 0
   },
   "geometry": {
    "type": "Point",
    "coordinates": [
     16.99747241878633,
     56.9679727760479
    ]
   }
  },
  {
   "type": "Feature",
   "properties": {
    "timestamp": "2026-07-02T07:10:25.318187",
    "latitude": 58.5220772209232,
    "longitude": 9.83640850437286,
    "elevation": 0.0,
    "class_code": "OPEN_SEA",
    "class_name": "\u041e\u0442\u043a\u0440\u044b\u0442\u043e\u0435 \u043c\u043e\u0440\u0435",
    "source_session": 12,
    "noaa_depth": -659.6956787109375,
    "noaa_type": "depth",
    "osm_piers": 0,
    "osm_lighthouses": 0,
    "osm_breakwaters": 0,
    "osm_harbors": 0,
    "osm_rivers": 0,
    "osm_lakes": 0,
    "osm_beaches": 0,
    "osm_cliffs": 0,
    "osm_industrial": 0
   },
   "geometry": {
    "type": "Point",
    "coordinates": [
     9.83640850437286,
     58.5220772209232
    ]
   }
  },
  {
   "type": "Feature",
   "properties": {
    "timestamp": "2026-07-02T05:54:53.511073",
    "latitude": 56.95463155658866,
    "longitude": 17.42592381129871,
    "elevation": 0.0,
    "class_code": "OPEN_SEA",
    "class_name": "\u041e\u0442\u043a\u0440\u044b\u0442\u043e\u0435 \u043c\u043e\u0440\u0435",
    "source_session": 10,
    "noaa_depth": -100.77517700195281,
    "noaa_type": "depth",
    "osm_piers": 0,
    "osm_lighthouses": 0,
    "osm_breakwaters": 0,
    "osm_harbors": 0,
    "osm_rivers": 0,
    "osm_lakes": 0,
    "osm_beaches": 0,
    "osm_cliffs": 0,
    "osm_industrial": 0
   },
   "geometry": {
    "type": "Point",
    "coordinates": [
     17.42592381129871,
     56.95463155658866
    ]
   }
  },
  {
   "type": "Feature",
   "properties": {
    "timestamp": "2026-07-02T03:14:38.150827",
    "latitude": 54.06938751982478,
    "longitude": 11.400468458024198,
    "elevation": 0.0,
    "class_code": "COASTAL_SEA",
    "class_name": "\u041f\u0440\u0438\u0431\u0435\u0440\u0435\u0436\u044c\u0435 (\u043c\u043e\u0440\u0435)",
    "source_session": 9,
    "noaa_depth": -14.392931938171387,
    "noaa_type": "depth",
    "osm_piers": 0,
    "osm_lighthouses": 0,
    "osm_breakwaters": 0,
    "osm_harbors": 0,
    "osm_rivers": 0,
    "osm_lakes": 0,
    "osm_beaches": 0,
    "osm_cliffs": 0,
    "osm_industrial": 0
   },
   "geometry": {
    "type": "Point",
    "coordinates": [
     11.400468458024198,
     54.06938751982478
    ]
   }
  },
  {
   "type": "Feature",
   "properties": {
    "timestamp": "2026-07-02T05:46:04.135700",
    "latitude": 56.9605803415674,
    "longitude": 17.437104070640913,
    "elevation": 0.0,
    "class_code": "OPEN_SEA",
    "class_name": "\u041e\u0442\u043a\u0440\u044b\u0442\u043e\u0435 \u043c\u043e\u0440\u0435",
    "source_session": 10,
    "noaa_depth": -102.31333923339864,
    "noaa_type": "depth",
    "osm_piers": 0,
    "osm_lighthouses": 0,
    "osm_breakwaters": 0,
    "osm_harbors": 0,
    "osm_rivers": 0,
    "osm_lakes": 0,
    "osm_beaches": 0,
    "osm_cliffs": 0,
    "osm_industrial": 0
   },
   "geometry": {
    "type": "Point",
    "coordinates": [
     17.437104070640913,
     56.9605803415674
    ]
   }
  },
  {
   "type": "Feature",
   "properties": {
    "timestamp": "2026-07-02T06:32:03.673365",
    "latitude": 56.96510783787244,
    "longitude": 17.155394406947458,
    "elevation": 0.0,
    "class_code": "COASTAL_SEA",
    "class_name": "\u041f\u0440\u0438\u0431\u0435\u0440\u0435\u0436\u044c\u0435 (\u043c\u043e\u0440\u0435)",
    "source_session": 10,
    "noaa_depth": -68.0674057006836,
    "noaa_type": "depth",
    "osm_piers": 0,
    "osm_lighthouses": 0,
    "osm_breakwaters": 0,
    "osm_harbors": 0,
    "osm_rivers": 0,
    "osm_lakes": 0,
    "osm_beaches": 0,
    "osm_cliffs": 0,
    "osm_industrial": 0
   },
   "geometry": {
    "type": "Point",
    "coordinates": [
     17.155394406947458,
     56.96510783787244
    ]
   }
  },
  {
   "type": "Feature",
   "properties": {
    "timestamp": "2026-07-02T07:08:30.387150",
    "latitude": 58.52165233982371,
    "longitude": 9.763599296025816,
    "elevation": 0.0,
    "class_code": "OPEN_SEA",
    "class_name": "\u041e\u0442\u043a\u0440\u044b\u0442\u043e\u0435 \u043c\u043e\u0440\u0435",
    "source_session": 12,
    "noaa_depth": -588.4255981445312,
    "noaa_type": "depth",
    "osm_piers": 0,
    "osm_lighthouses": 0,
    "osm_breakwaters": 0,
    "osm_harbors": 0,
    "osm_rivers": 0,
    "osm_lakes": 0,
    "osm_beaches": 0,
    "osm_cliffs": 0,
    "osm_industrial": 0
   },
   "geometry": {
    "type": "Point",
    "coordinates": [
     9.763599296025816,
     58.52165233982371
    ]
   }
  },
  {
   "type": "Feature",
   "properties": {
    "timestamp": "2026-07-02T07:15:59.314930",
    "latitude": 58.52426624491576,
    "longitude": 10.05476767241052,
    "elevation": 0.0,
    "class_code": "OPEN_SEA",
    "class_name": "\u041e\u0442\u043a\u0440\u044b\u0442\u043e\u0435 \u043c\u043e\u0440\u0435",
    "source_session": 12,
    "noaa_depth": -511.3182067871094,
    "noaa_type": "depth",
    "osm_piers": 0,
    "osm_lighthouses": 0,
    "osm_breakwaters": 0,
    "osm_harbors": 0,
    "osm_rivers": 0,
    "osm_lakes": 0,
    "osm_beaches": 0,
    "osm_cliffs": 0,
    "osm_industrial": 0
   },
   "geometry": {
    "type": "Point",
    "coordinates": [
     10.05476767241052,
     58.52426624491576
    ]
   }
  },
  {
   "type": "Feature",
   "properties": {
    "timestamp": "2026-07-02T06:42:30.381605",
    "latitude": 56.948214342976186,
    "longitude": 17.419121816526037,
    "elevation": 0.0,
    "class_code": "COASTAL_SEA",
    "class_name": "\u041f\u0440\u0438\u0431\u0435\u0440\u0435\u0436\u044c\u0435 (\u043c\u043e\u0440\u0435)",
    "source_session": 10,
    "noaa_depth": -99.67017364501953,
    "noaa_type": "depth",
    "osm_piers": 0,
    "osm_lighthouses": 0,
    "osm_breakwaters": 0,
    "osm_harbors": 0,
    "osm_rivers": 0,
    "osm_lakes": 0,
    "osm_beaches": 0,
    "osm_cliffs": 0,
    "osm_industrial": 0
   },
   "geometry": {
    "type": "Point",
    "coordinates": [
     17.419121816526037,
     56.948214342976186
    ]
   }
  },
  {
   "type": "Feature",
   "properties": {
    "timestamp": "2026-07-03T01:04:48.543863",
    "latitude": 53.140456322998,
    "longitude": 8.812720967919223,
    "elevation": -1.0,
    "class_code": "COASTLINE",
    "class_name": "\u0421\u0443\u0448\u0430 \u0432\u0434\u0430\u043b\u0438 \u043e\u0442 \u043f\u043e\u0431\u0435\u0440\u0435\u0436\u044c\u044f",
    "source_session": 11,
    "noaa_depth": -0.21397779136893913,
    "noaa_type": "depth",
    "osm_piers": 0,
    "osm_lighthouses": 0,
    "osm_breakwaters": 0,
    "osm_harbors": 0,
    "osm_rivers": 0,
    "osm_lakes": 0,
    "osm_beaches": 0,
    "osm_cliffs": 0,
    "osm_industrial": 0
   },
   "geometry": {
    "type": "Point",
    "coordinates": [
     8.812720967919223,
     53.140456322998
    ]
   }
  },
  {
   "type": "Feature",
   "properties": {
    "timestamp": "2026-07-02T07:19:12.245343",
    "latitude": 58.525659618809996,
    "longitude": 10.166725546609127,
    "elevation": 0.0,
    "class_code": "OPEN_SEA",
    "class_name": "\u041e\u0442\u043a\u0440\u044b\u0442\u043e\u0435 \u043c\u043e\u0440\u0435",
    "source_session": 12,
    "noaa_depth": -408.4810943603564,
    "noaa_type": "depth",
    "osm_piers": 0,
    "osm_lighthouses": 0,
    "osm_breakwaters": 0,
    "osm_harbors": 0,
    "osm_rivers": 0,
    "osm_lakes": 0,
    "osm_beaches": 0,
    "osm_cliffs": 0,
    "osm_industrial": 0
   },
   "geometry": {
    "type": "Point",
    "coordinates": [
     10.166725546609127,
     58.525659618809996
    ]
   }
  },
  {
   "type": "Feature",
   "properties": {
    "timestamp": "2026-07-02T06:33:07.221904",
    "latitude": 56.96462798599991,
    "longitude": 17.191115112053883,
    "elevation": 0.0,
    "class_code": "COASTAL_SEA",
    "class_name": "\u041f\u0440\u0438\u0431\u0435\u0440\u0435\u0436\u044c\u0435 (\u043c\u043e\u0440\u0435)",
    "source_session": 10,
    "noaa_depth": -71.83981323242188,
    "noaa_type": "depth",
    "osm_piers": 0,
    "osm_lighthouses": 0,
    "osm_breakwaters": 0,
    "osm_harbors": 0,
    "osm_rivers": 0,
    "osm_lakes": 0,
    "osm_beaches": 0,
    "osm_cliffs": 0,
    "osm_industrial": 0
   },
   "geometry": {
    "type": "Point",
    "coordinates": [
     17.191115112053883,
     56.96462798599991
    ]
   }
  },
  {
   "type": "Feature",
   "properties": {
    "timestamp": "2026-07-02T07:25:42.225648",
    "latitude": 58.528058604657645,
    "longitude": 10.43691020071922,
    "elevation": 0.0,
    "class_code": "OPEN_SEA",
    "class_name": "\u041e\u0442\u043a\u0440\u044b\u0442\u043e\u0435 \u043c\u043e\u0440\u0435",
    "source_session": 12,
    "noaa_depth": -250.45150756835938,
    "noaa_type": "depth",
    "osm_piers": 0,
    "osm_lighthouses": 0,
    "osm_breakwaters": 0,
    "osm_harbors": 0,
    "osm_rivers": 0,
    "osm_lakes": 0,
    "osm_beaches": 0,
    "osm_cliffs": 0,
    "osm_industrial": 0
   },
   "geometry": {
    "type": "Point",
    "coordinates": [
     10.43691020071922,
     58.528058604657645
    ]
   }
  },
  {
   "type": "Feature",
   "properties": {
    "timestamp": "2026-07-02T08:08:49.426977",
    "latitude": 58.52534949934887,
    "longitude": 10.666085519370558,
    "elevation": 0.0,
    "class_code": "OPEN_SEA",
    "class_name": "\u041e\u0442\u043a\u0440\u044b\u0442\u043e\u0435 \u043c\u043e\u0440\u0435",
    "source_session": 12,
    "noaa_depth": -138.54512786865553,
    "noaa_type": "depth",
    "osm_piers": 0,
    "osm_lighthouses": 0,
    "osm_breakwaters": 0,
    "osm_harbors": 0,
    "osm_rivers": 0,
    "osm_lakes": 0,
    "osm_beaches": 0,
    "osm_cliffs": 0,
    "osm_industrial": 0
   },
   "geometry": {
    "type": "Point",
    "coordinates": [
     10.666085519370558,
     58.52534949934887
    ]
   }
  },
  {
   "type": "Feature",
   "properties": {
    "timestamp": "2026-07-02T07:28:35.939920",
    "latitude": 58.52826019987126,
    "longitude": 10.565055272836538,
    "elevation": 0.0,
    "class_code": "OPEN_SEA",
    "class_name": "\u041e\u0442\u043a\u0440\u044b\u0442\u043e\u0435 \u043c\u043e\u0440\u0435",
    "source_session": 12,
    "noaa_depth": -170.67727661132812,
    "noaa_type": "depth",
    "osm_piers": 0,
    "osm_lighthouses": 0,
    "osm_breakwaters": 0,
    "osm_harbors": 0,
    "osm_rivers": 0,
    "osm_lakes": 0,
    "osm_beaches": 0,
    "osm_cliffs": 0,
    "osm_industrial": 0
   },
   "geometry": {
    "type": "Point",
    "coordinates": [
     10.565055272836538,
     58.52826019987126
    ]
   }
  },
  {
   "type": "Feature",
   "properties": {
    "timestamp": "2026-07-02T03:48:41.362606",
    "latitude": 54.05981844779084,
    "longitude": 10.913794419881032,
    "elevation": 0.0,
    "class_code": "COASTAL_SEA",
    "class_name": "\u041f\u0440\u0438\u0431\u0435\u0440\u0435\u0436\u044c\u0435 (\u043c\u043e\u0440\u0435)",
    "source_session": 9,
    "noaa_depth": -22.38407325744629,
    "noaa_type": "depth",
    "osm_piers": 0,
    "osm_lighthouses": 0,
    "osm_breakwaters": 0,
    "osm_harbors": 0,
    "osm_rivers": 0,
    "osm_lakes": 0,
    "osm_beaches": 0,
    "osm_cliffs": 0,
    "osm_industrial": 0
   },
   "geometry": {
    "type": "Point",
    "coordinates": [
     10.913794419881032,
     54.05981844779084
    ]
   }
  },
  {
   "type": "Feature",
   "properties": {
    "timestamp": "2026-07-02T06:43:44.612327",
    "latitude": 56.9590053827148,
    "longitude": 17.377464732778954,
    "elevation": 0.0,
    "class_code": "COASTAL_SEA",
    "class_name": "\u041f\u0440\u0438\u0431\u0435\u0440\u0435\u0436\u044c\u0435 (\u043c\u043e\u0440\u0435)",
    "source_session": 10,
    "noaa_depth": -86.70114135742188,
    "noaa_type": "depth",
    "osm_piers": 0,
    "osm_lighthouses": 0,
    "osm_breakwaters": 0,
    "osm_harbors": 0,
    "osm_rivers": 0,
    "osm_lakes": 0,
    "osm_beaches": 0,
    "osm_cliffs": 0,
    "osm_industrial": 0
   },
   "geometry": {
    "type": "Point",
    "coordinates": [
     17.377464732778954,
     56.9590053827148
    ]
   }
  },
  {
   "type": "Feature",
   "properties": {
    "timestamp": "2026-07-02T02:39:52.539698",
    "latitude": 54.055717383821204,
    "longitude": 10.974498179472107,
    "elevation": 0.0,
    "class_code": "COASTAL_SEA",
    "class_name": "\u041f\u0440\u0438\u0431\u0435\u0440\u0435\u0436\u044c\u0435 (\u043c\u043e\u0440\u0435)",
    "source_session": 9,
    "noaa_depth": -23.418014526367188,
    "noaa_type": "depth",
    "osm_piers": 0,
    "osm_lighthouses": 0,
    "osm_breakwaters": 0,
    "osm_harbors": 0,
    "osm_rivers": 0,
    "osm_lakes": 0,
    "osm_beaches": 0,
    "osm_cliffs": 0,
    "osm_industrial": 0
   },
   "geometry": {
    "type": "Point",
    "coordinates": [
     10.974498179472107,
     54.055717383821204
    ]
   }
  },
  {
   "type": "Feature",
   "properties": {
    "timestamp": "2026-07-02T03:18:46.612040",
    "latitude": 54.072988110631705,
    "longitude": 11.520133742021029,
    "elevation": 0.0,
    "class_code": "COASTAL_SEA",
    "class_name": "\u041f\u0440\u0438\u0431\u0435\u0440\u0435\u0436\u044c\u0435 (\u043c\u043e\u0440\u0435)",
    "source_session": 9,
    "noaa_depth": -3.996082067489624,
    "noaa_type": "depth",
    "osm_piers": 0,
    "osm_lighthouses": 0,
    "osm_breakwaters": 0,
    "osm_harbors": 0,
    "osm_rivers": 0,
    "osm_lakes": 0,
    "osm_beaches": 0,
    "osm_cliffs": 0,
    "osm_industrial": 0
   },
   "geometry": {
    "type": "Point",
    "coordinates": [
     11.520133742021029,
     54.072988110631705
    ]
   }
  },
  {
   "type": "Feature",
   "properties": {
    "timestamp": "2026-07-02T04:00:28.727510",
    "latitude": 54.066694034037354,
    "longitude": 10.972952464108843,
    "elevation": 0.0,
    "class_code": "COASTAL_SEA",
    "class_name": "\u041f\u0440\u0438\u0431\u0435\u0440\u0435\u0436\u044c\u0435 (\u043c\u043e\u0440\u0435)",
    "source_session": 9,
    "noaa_depth": -21.622296333311482,
    "noaa_type": "depth",
    "osm_piers": 0,
    "osm_lighthouses": 0,
    "osm_breakwaters": 0,
    "osm_harbors": 0,
    "osm_rivers": 0,
    "osm_lakes": 0,
    "osm_beaches": 0,
    "osm_cliffs": 0,
    "osm_industrial": 0
   },
   "geometry": {
    "type": "Point",
    "coordinates": [
     10.972952464108843,
     54.066694034037354
    ]
   }
  },
  {
   "type": "Feature",
   "properties": {
    "timestamp": "2026-07-03T14:04:39.833708",
    "latitude": 53.77551378262884,
    "longitude": 8.438502483612604,
    "elevation": 0.0,
    "class_code": "COASTAL_SEA",
    "class_name": "\u041f\u0440\u0438\u0431\u0435\u0440\u0435\u0436\u044c\u0435 (\u043c\u043e\u0440\u0435)",
    "source_session": 3,
    "noaa_depth": -4.0,
    "noaa_type": "depth",
    "osm_piers": 0,
    "osm_lighthouses": 0,
    "osm_breakwaters": 0,
    "osm_harbors": 0,
    "osm_rivers": 0,
    "osm_lakes": 0,
    "osm_beaches": 0,
    "osm_cliffs": 0,
    "osm_industrial": 0
   },
   "geometry": {
    "type": "Point",
    "coordinates": [
     8.438502483612604,
     53.77551378262884
    ]
   }
  },
  {
   "type": "Feature",
   "properties": {
    "timestamp": "2026-07-04T15:15:18.477421",
    "latitude": 56.374234087283355,
    "longitude": 9.577802232655339,
    "elevation": 54.0,
    "class_code": "COASTLINE",
    "class_name": "\u0421\u0443\u0448\u0430 \u0432\u0434\u0430\u043b\u0438 \u043e\u0442 \u043f\u043e\u0431\u0435\u0440\u0435\u0436\u044c\u044f",
    "source_session": 3,
    "noaa_depth": 52.98582077026367,
    "noaa_type": "height",
    "osm_piers": 0,
    "osm_lighthouses": 0,
    "osm_breakwaters": 0,
    "osm_harbors": 0,
    "osm_rivers": 0,
    "osm_lakes": 0,
    "osm_beaches": 0,
    "osm_cliffs": 0,
    "osm_industrial": 0
   },
   "geometry": {
    "type": "Point",
    "coordinates": [
     9.577802232655339,
     56.374234087283355
    ]
   }
  },
  {
   "type": "Feature",
   "properties": {
    "timestamp": "2026-07-10T20:28:32.993037",
    "latitude": 55.606820547829166,
    "longitude": 13.4936306128104,
    "elevation": 104.0,
    "class_code": "COASTLINE",
    "class_name": "\u0421\u0443\u0448\u0430 \u0432\u0434\u0430\u043b\u0438 \u043e\u0442 \u043f\u043e\u0431\u0435\u0440\u0435\u0436\u044c\u044f",
    "source_session": 13,
    "noaa_depth": 104.22124481201172,
    "noaa_type": "height",
    "osm_piers": 0,
    "osm_lighthouses": 0,
    "osm_breakwaters": 0,
    "osm_harbors": 0,
    "osm_rivers": 0,
    "osm_lakes": 0,
    "osm_beaches": 0,
    "osm_cliffs": 0,
    "osm_industrial": 0
   },
   "geometry": {
    "type": "Point",
    "coordinates": [
     13.4936306128104,
     55.606820547829166
    ]
   }
  },
  {
   "type": "Feature",
   "properties": {
    "timestamp": "2026-07-02T06:23:06.405792",
    "latitude": 56.97248952234701,
    "longitude": 16.926666812205386,
    "elevation": 0.0,
    "class_code": "COASTAL_SEA",
    "class_name": "\u041f\u0440\u0438\u0431\u0435\u0440\u0435\u0436\u044c\u0435 (\u043c\u043e\u0440\u0435)",
    "source_session": 10,
    "noaa_depth": -5.002580165863037,
    "noaa_type": "depth",
    "osm_piers": 0,
    "osm_lighthouses": 0,
    "osm_breakwaters": 0,
    "osm_harbors": 0,
    "osm_rivers": 0,
    "osm_lakes": 0,
    "osm_beaches": 0,
    "osm_cliffs": 0,
    "osm_industrial": 0
   },
   "geometry": {
    "type": "Point",
    "coordinates": [
     16.926666812205386,
     56.97248952234701
    ]
   }
  },
  {
   "type": "Feature",
   "properties": {
    "timestamp": "2026-07-10T20:54:06.232577",
    "latitude": 56.56651473488146,
    "longitude": 13.94251260633647,
    "elevation": 151.0,
    "class_code": "COASTLINE",
    "class_name": "\u0421\u0443\u0448\u0430 \u0432\u0434\u0430\u043b\u0438 \u043e\u0442 \u043f\u043e\u0431\u0435\u0440\u0435\u0436\u044c\u044f",
    "source_session": 15,
    "noaa_depth": 137.6427764892578,
    "noaa_type": "height",
    "osm_piers": 0,
    "osm_lighthouses": 0,
    "osm_breakwaters": 0,
    "osm_harbors": 0,
    "osm_rivers": 0,
    "osm_lakes": 0,
    "osm_beaches": 0,
    "osm_cliffs": 0,
    "osm_industrial": 0
   },
   "geometry": {
    "type": "Point",
    "coordinates": [
     13.94251260633647,
     56.56651473488146
    ]
   }
  },
  {
   "type": "Feature",
   "properties": {
    "timestamp": "2026-07-02T06:56:12.653766",
    "latitude": 58.5187946051882,
    "longitude": 9.537532403247898,
    "elevation": 0.0,
    "class_code": "OPEN_SEA",
    "class_name": "\u041e\u0442\u043a\u0440\u044b\u0442\u043e\u0435 \u043c\u043e\u0440\u0435",
    "source_session": 12,
    "noaa_depth": -527.159423828125,
    "noaa_type": "depth",
    "osm_piers": 0,
    "osm_lighthouses": 0,
    "osm_breakwaters": 0,
    "osm_harbors": 0,
    "osm_rivers": 0,
    "osm_lakes": 0,
    "osm_beaches": 0,
    "osm_cliffs": 0,
    "osm_industrial": 0
   },
   "geometry": {
    "type": "Point",
    "coordinates": [
     9.537532403247898,
     58.5187946051882
    ]
   }
  },
  {
   "type": "Feature",
   "properties": {
    "timestamp": "2026-07-02T07:00:50.856495",
    "latitude": 58.51918669835252,
    "longitude": 9.559129646094295,
    "elevation": 0.0,
    "class_code": "OPEN_SEA",
    "class_name": "\u041e\u0442\u043a\u0440\u044b\u0442\u043e\u0435 \u043c\u043e\u0440\u0435",
    "source_session": 12,
    "noaa_depth": -541.54443359375,
    "noaa_type": "depth",
    "osm_piers": 0,
    "osm_lighthouses": 0,
    "osm_breakwaters": 0,
    "osm_harbors": 0,
    "osm_rivers": 0,
    "osm_lakes": 0,
    "osm_beaches": 0,
    "osm_cliffs": 0,
    "osm_industrial": 0
   },
   "geometry": {
    "type": "Point",
    "coordinates": [
     9.559129646094295,
     58.51918669835252
    ]
   }
  },
  {
   "type": "Feature",
   "properties": {
    "timestamp": "2026-07-02T03:57:53.026330",
    "latitude": 54.06340853560089,
    "longitude": 10.889847215966256,
    "elevation": 0.0,
    "class_code": "COASTAL_SEA",
    "class_name": "\u041f\u0440\u0438\u0431\u0435\u0440\u0435\u0436\u044c\u0435 (\u043c\u043e\u0440\u0435)",
    "source_session": 9,
    "noaa_depth": -21.010433197021484,
    "noaa_type": "depth",
    "osm_piers": 0,
    "osm_lighthouses": 0,
    "osm_breakwaters": 0,
    "osm_harbors": 0,
    "osm_rivers": 0,
    "osm_lakes": 0,
    "osm_beaches": 0,
    "osm_cliffs": 0,
    "osm_industrial": 0
   },
   "geometry": {
    "type": "Point",
    "coordinates": [
     10.889847215966256,
     54.06340853560089
    ]
   }
  },
  {
   "type": "Feature",
   "properties": {
    "timestamp": "2026-07-02T07:23:35.706013",
    "latitude": 58.527178291976306,
    "longitude": 10.342298819780888,
    "elevation": 0.0,
    "class_code": "OPEN_SEA",
    "class_name": "\u041e\u0442\u043a\u0440\u044b\u0442\u043e\u0435 \u043c\u043e\u0440\u0435",
    "source_session": 12,
    "noaa_depth": -306.97283935546875,
    "noaa_type": "depth",
    "osm_piers": 0,
    "osm_lighthouses": 0,
    "osm_breakwaters": 0,
    "osm_harbors": 0,
    "osm_rivers": 0,
    "osm_lakes": 0,
    "osm_beaches": 0,
    "osm_cliffs": 0,
    "osm_industrial": 0
   },
   "geometry": {
    "type": "Point",
    "coordinates": [
     10.342298819780888,
     58.527178291976306
    ]
   }
  },
  {
   "type": "Feature",
   "properties": {
    "timestamp": "2026-07-02T05:42:28.918833",
    "latitude": 56.96236714205893,
    "longitude": 17.492763391305417,
    "elevation": 0.0,
    "class_code": "OPEN_SEA",
    "class_name": "\u041e\u0442\u043a\u0440\u044b\u0442\u043e\u0435 \u043c\u043e\u0440\u0435",
    "source_session": 10,
    "noaa_depth": -103.07685852050781,
    "noaa_type": "depth",
    "osm_piers": 0,
    "osm_lighthouses": 0,
    "osm_breakwaters": 0,
    "osm_harbors": 0,
    "osm_rivers": 0,
    "osm_lakes": 0,
    "osm_beaches": 0,
    "osm_cliffs": 0,
    "osm_industrial": 0
   },
   "geometry": {
    "type": "Point",
    "coordinates": [
     17.492763391305417,
     56.96236714205893
    ]
   }
  },
  {
   "type": "Feature",
   "properties": {
    "timestamp": "2026-07-02T07:19:36.318176",
    "latitude": 58.525847767114996,
    "longitude": 10.177008904137994,
    "elevation": 0.0,
    "class_code": "OPEN_SEA",
    "class_name": "\u041e\u0442\u043a\u0440\u044b\u0442\u043e\u0435 \u043c\u043e\u0440\u0435",
    "source_session": 12,
    "noaa_depth": -428.210693359375,
    "noaa_type": "depth",
    "osm_piers": 0,
    "osm_lighthouses": 0,
    "osm_breakwaters": 0,
    "osm_harbors": 0,
    "osm_rivers": 0,
    "osm_lakes": 0,
    "osm_beaches": 0,
    "osm_cliffs": 0,
    "osm_industrial": 0
   },
   "geometry": {
    "type": "Point",
    "coordinates": [
     10.177008904137994,
     58.525847767114996
    ]
   }
  },
  {
   "type": "Feature",
   "properties": {
    "timestamp": "2026-07-02T08:06:59.884229",
    "latitude": 58.52494627430179,
    "longitude": 10.584290792487165,
    "elevation": 0.0,
    "class_code": "OPEN_SEA",
    "class_name": "\u041e\u0442\u043a\u0440\u044b\u0442\u043e\u0435 \u043c\u043e\u0440\u0435",
    "source_session": 12,
    "noaa_depth": -169.07307434080957,
    "noaa_type": "depth",
    "osm_piers": 0,
    "osm_lighthouses": 0,
    "osm_breakwaters": 0,
    "osm_harbors": 0,
    "osm_rivers": 0,
    "osm_lakes": 0,
    "osm_beaches": 0,
    "osm_cliffs": 0,
    "osm_industrial": 0
   },
   "geometry": {
    "type": "Point",
    "coordinates": [
     10.584290792487165,
     58.52494627430179
    ]
   }
  },
  {
   "type": "Feature",
   "properties": {
    "timestamp": "2026-07-02T05:53:51.880321",
    "latitude": 56.95624158603424,
    "longitude": 17.536962129638933,
    "elevation": 0.0,
    "class_code": "COASTAL_SEA",
    "class_name": "\u041f\u0440\u0438\u0431\u0435\u0440\u0435\u0436\u044c\u0435 (\u043c\u043e\u0440\u0435)",
    "source_session": 10,
    "noaa_depth": -96.71337890625,
    "noaa_type": "depth",
    "osm_piers": 0,
    "osm_lighthouses": 0,
    "osm_breakwaters": 0,
    "osm_harbors": 0,
    "osm_rivers": 0,
    "osm_lakes": 0,
    "osm_beaches": 0,
    "osm_cliffs": 0,
    "osm_industrial": 0
   },
   "geometry": {
    "type": "Point",
    "coordinates": [
     17.536962129638933,
     56.95624158603424
    ]
   }
  },
  {
   "type": "Feature",
   "properties": {
    "timestamp": "2026-07-02T06:37:59.950933",
    "latitude": 56.95943404332961,
    "longitude": 17.31301124911707,
    "elevation": 0.0,
    "class_code": "COASTAL_SEA",
    "class_name": "\u041f\u0440\u0438\u0431\u0435\u0440\u0435\u0436\u044c\u0435 (\u043c\u043e\u0440\u0435)",
    "source_session": 10,
    "noaa_depth": -72.66549682617188,
    "noaa_type": "depth",
    "osm_piers": 0,
    "osm_lighthouses": 0,
    "osm_breakwaters": 0,
    "osm_harbors": 0,
    "osm_rivers": 0,
    "osm_lakes": 0,
    "osm_beaches": 0,
    "osm_cliffs": 0,
    "osm_industrial": 0
   },
   "geometry": {
    "type": "Point",
    "coordinates": [
     17.31301124911707,
     56.95943404332961
    ]
   }
  },
  {
   "type": "Feature",
   "properties": {
    "timestamp": "2026-07-02T08:11:38.604422",
    "latitude": 58.52558277367953,
    "longitude": 10.79287671578461,
    "elevation": 0.0,
    "class_code": "OPEN_SEA",
    "class_name": "\u041e\u0442\u043a\u0440\u044b\u0442\u043e\u0435 \u043c\u043e\u0440\u0435",
    "source_session": 12,
    "noaa_depth": -108.83839416503906,
    "noaa_type": "depth",
    "osm_piers": 0,
    "osm_lighthouses": 0,
    "osm_breakwaters": 0,
    "osm_harbors": 0,
    "osm_rivers": 0,
    "osm_lakes": 0,
    "osm_beaches": 0,
    "osm_cliffs": 0,
    "osm_industrial": 0
   },
   "geometry": {
    "type": "Point",
    "coordinates": [
     10.79287671578461,
     58.52558277367953
    ]
   }
  },
  {
   "type": "Feature",
   "properties": {
    "timestamp": "2026-07-02T07:48:16.778342",
    "latitude": 58.51991434490804,
    "longitude": 9.920574861536775,
    "elevation": 0.0,
    "class_code": "OPEN_SEA",
    "class_name": "\u041e\u0442\u043a\u0440\u044b\u0442\u043e\u0435 \u043c\u043e\u0440\u0435",
    "source_session": 12,
    "noaa_depth": -528.0425720214844,
    "noaa_type": "depth",
    "osm_piers": 0,
    "osm_lighthouses": 0,
    "osm_breakwaters": 0,
    "osm_harbors": 0,
    "osm_rivers": 0,
    "osm_lakes": 0,
    "osm_beaches": 0,
    "osm_cliffs": 0,
    "osm_industrial": 0
   },
   "geometry": {
    "type": "Point",
    "coordinates": [
     9.920574861536775,
     58.51991434490804
    ]
   }
  },
  {
   "type": "Feature",
   "properties": {
    "timestamp": "2026-07-10T20:38:04.488506",
    "latitude": 55.850556342153915,
    "longitude": 13.722147314236897,
    "elevation": 131.0,
    "class_code": "COASTLINE",
    "class_name": "\u0421\u0443\u0448\u0430 \u0432\u0434\u0430\u043b\u0438 \u043e\u0442 \u043f\u043e\u0431\u0435\u0440\u0435\u0436\u044c\u044f",
    "source_session": 13,
    "noaa_depth": 130.30404663085938,
    "noaa_type": "height",
    "osm_piers": 0,
    "osm_lighthouses": 0,
    "osm_breakwaters": 0,
    "osm_harbors": 0,
    "osm_rivers": 0,
    "osm_lakes": 0,
    "osm_beaches": 0,
    "osm_cliffs": 0,
    "osm_industrial": 0
   },
   "geometry": {
    "type": "Point",
    "coordinates": [
     13.722147314236897,
     55.850556342153915
    ]
   }
  },
  {
   "type": "Feature",
   "properties": {
    "timestamp": "2026-07-02T03:16:25.636177",
    "latitude": 54.0710768270748,
    "longitude": 11.455985823830073,
    "elevation": 0.0,
    "class_code": "COASTAL_SEA",
    "class_name": "\u041f\u0440\u0438\u0431\u0435\u0440\u0435\u0436\u044c\u0435 (\u043c\u043e\u0440\u0435)",
    "source_session": 9,
    "noaa_depth": -10.952639102941617,
    "noaa_type": "depth",
    "osm_piers": 0,
    "osm_lighthouses": 0,
    "osm_breakwaters": 0,
    "osm_harbors": 0,
    "osm_rivers": 0,
    "osm_lakes": 0,
    "osm_beaches": 0,
    "osm_cliffs": 0,
    "osm_industrial": 0
   },
   "geometry": {
    "type": "Point",
    "coordinates": [
     11.455985823830073,
     54.0710768270748
    ]
   }
  },
  {
   "type": "Feature",
   "properties": {
    "timestamp": "2026-07-02T07:35:47.842363",
    "latitude": 58.52900159503442,
    "longitude": 10.799361505721244,
    "elevation": 0.0,
    "class_code": "OPEN_SEA",
    "class_name": "\u041e\u0442\u043a\u0440\u044b\u0442\u043e\u0435 \u043c\u043e\u0440\u0435",
    "source_session": 12,
    "noaa_depth": -106.76339721679977,
    "noaa_type": "depth",
    "osm_piers": 0,
    "osm_lighthouses": 0,
    "osm_breakwaters": 0,
    "osm_harbors": 0,
    "osm_rivers": 0,
    "osm_lakes": 0,
    "osm_beaches": 0,
    "osm_cliffs": 0,
    "osm_industrial": 0
   },
   "geometry": {
    "type": "Point",
    "coordinates": [
     10.799361505721244,
     58.52900159503442
    ]
   }
  },
  {
   "type": "Feature",
   "properties": {
    "timestamp": "2026-07-02T07:21:46.992404",
    "latitude": 58.526884849498614,
    "longitude": 10.27774324399657,
    "elevation": 0.0,
    "class_code": "OPEN_SEA",
    "class_name": "\u041e\u0442\u043a\u0440\u044b\u0442\u043e\u0435 \u043c\u043e\u0440\u0435",
    "source_session": 12,
    "noaa_depth": -360.038818359375,
    "noaa_type": "depth",
    "osm_piers": 0,
    "osm_lighthouses": 0,
    "osm_breakwaters": 0,
    "osm_harbors": 0,
    "osm_rivers": 0,
    "osm_lakes": 0,
    "osm_beaches": 0,
    "osm_cliffs": 0,
    "osm_industrial": 0
   },
   "geometry": {
    "type": "Point",
    "coordinates": [
     10.27774324399657,
     58.526884849498614
    ]
   }
  },
  {
   "type": "Feature",
   "properties": {
    "timestamp": "2026-07-02T02:36:00.227862",
    "latitude": 54.05392989292723,
    "longitude": 10.916591368316968,
    "elevation": 0.0,
    "class_code": "COASTAL_SEA",
    "class_name": "\u041f\u0440\u0438\u0431\u0435\u0440\u0435\u0436\u044c\u0435 (\u043c\u043e\u0440\u0435)",
    "source_session": 9,
    "noaa_depth": -22.83907413482656,
    "noaa_type": "depth",
    "osm_piers": 0,
    "osm_lighthouses": 0,
    "osm_breakwaters": 0,
    "osm_harbors": 0,
    "osm_rivers": 0,
    "osm_lakes": 0,
    "osm_beaches": 0,
    "osm_cliffs": 0,
    "osm_industrial": 0
   },
   "geometry": {
    "type": "Point",
    "coordinates": [
     10.916591368316968,
     54.05392989292723
    ]
   }
  },
  {
   "type": "Feature",
   "properties": {
    "timestamp": "2026-07-10T20:53:41.414783",
    "latitude": 56.56361176211377,
    "longitude": 13.8540626654547,
    "elevation": 144.0,
    "class_code": "COASTLINE",
    "class_name": "\u0421\u0443\u0448\u0430 \u0432\u0434\u0430\u043b\u0438 \u043e\u0442 \u043f\u043e\u0431\u0435\u0440\u0435\u0436\u044c\u044f",
    "source_session": 15,
    "noaa_depth": 132.19217681884805,
    "noaa_type": "height",
    "osm_piers": 0,
    "osm_lighthouses": 0,
    "osm_breakwaters": 0,
    "osm_harbors": 0,
    "osm_rivers": 0,
    "osm_lakes": 0,
    "osm_beaches": 0,
    "osm_cliffs": 0,
    "osm_industrial": 0
   },
   "geometry": {
    "type": "Point",
    "coordinates": [
     13.8540626654547,
     56.56361176211377
    ]
   }
  },
  {
   "type": "Feature",
   "properties": {
    "timestamp": "2026-07-02T02:58:51.101243",
    "latitude": 54.06641627683604,
    "longitude": 11.27594314381825,
    "elevation": 0.0,
    "class_code": "COASTAL_SEA",
    "class_name": "\u041f\u0440\u0438\u0431\u0435\u0440\u0435\u0436\u044c\u0435 (\u043c\u043e\u0440\u0435)",
    "source_session": 9,
    "noaa_depth": -14.305708408355713,
    "noaa_type": "depth",
    "osm_piers": 0,
    "osm_lighthouses": 0,
    "osm_breakwaters": 0,
    "osm_harbors": 0,
    "osm_rivers": 0,
    "osm_lakes": 0,
    "osm_beaches": 0,
    "osm_cliffs": 0,
    "osm_industrial": 0
   },
   "geometry": {
    "type": "Point",
    "coordinates": [
     11.27594314381825,
     54.06641627683604
    ]
   }
  },
  {
   "type": "Feature",
   "properties": {
    "timestamp": "2026-07-02T03:41:38.659301",
    "latitude": 54.069085837333375,
    "longitude": 11.142891178796091,
    "elevation": 0.0,
    "class_code": "COASTAL_SEA",
    "class_name": "\u041f\u0440\u0438\u0431\u0435\u0440\u0435\u0436\u044c\u0435 (\u043c\u043e\u0440\u0435)",
    "source_session": 9,
    "noaa_depth": -23.10747528076172,
    "noaa_type": "depth",
    "osm_piers": 0,
    "osm_lighthouses": 0,
    "osm_breakwaters": 0,
    "osm_harbors": 0,
    "osm_rivers": 0,
    "osm_lakes": 0,
    "osm_beaches": 0,
    "osm_cliffs": 0,
    "osm_industrial": 0
   },
   "geometry": {
    "type": "Point",
    "coordinates": [
     11.142891178796091,
     54.069085837333375
    ]
   }
  },
  {
   "type": "Feature",
   "properties": {
    "timestamp": "2026-07-02T06:48:10.214242",
    "latitude": 56.964593473249195,
    "longitude": 17.04444372200545,
    "elevation": 0.0,
    "class_code": "COASTAL_SEA",
    "class_name": "\u041f\u0440\u0438\u0431\u0435\u0440\u0435\u0436\u044c\u0435 (\u043c\u043e\u0440\u0435)",
    "source_session": 10,
    "noaa_depth": -22.5081844329834,
    "noaa_type": "depth",
    "osm_piers": 0,
    "osm_lighthouses": 0,
    "osm_breakwaters": 0,
    "osm_harbors": 0,
    "osm_rivers": 0,
    "osm_lakes": 0,
    "osm_beaches": 0,
    "osm_cliffs": 0,
    "osm_industrial": 0
   },
   "geometry": {
    "type": "Point",
    "coordinates": [
     17.04444372200545,
     56.964593473249195
    ]
   }
  },
  {
   "type": "Feature",
   "properties": {
    "timestamp": "2026-07-03T01:12:20.417654",
    "latitude": 54.007100869887694,
    "longitude": 9.604744774407676,
    "elevation": 12.0,
    "class_code": "COASTLINE",
    "class_name": "\u0421\u0443\u0448\u0430 \u0432\u0434\u0430\u043b\u0438 \u043e\u0442 \u043f\u043e\u0431\u0435\u0440\u0435\u0436\u044c\u044f",
    "source_session": 11,
    "noaa_depth": 14.07093334197998,
    "noaa_type": "height",
    "osm_piers": 0,
    "osm_lighthouses": 0,
    "osm_breakwaters": 0,
    "osm_harbors": 0,
    "osm_rivers": 0,
    "osm_lakes": 0,
    "osm_beaches": 0,
    "osm_cliffs": 0,
    "osm_industrial": 0
   },
   "geometry": {
    "type": "Point",
    "coordinates": [
     9.604744774407676,
     54.007100869887694
    ]
   }
  },
  {
   "type": "Feature",
   "properties": {
    "timestamp": "2026-07-02T07:14:07.845590",
    "latitude": 58.52355553782392,
    "longitude": 9.980847191198547,
    "elevation": 0.0,
    "class_code": "OPEN_SEA",
    "class_name": "\u041e\u0442\u043a\u0440\u044b\u0442\u043e\u0435 \u043c\u043e\u0440\u0435",
    "source_session": 12,
    "noaa_depth": -510.8329162597656,
    "noaa_type": "depth",
    "osm_piers": 0,
    "osm_lighthouses": 0,
    "osm_breakwaters": 0,
    "osm_harbors": 0,
    "osm_rivers": 0,
    "osm_lakes": 0,
    "osm_beaches": 0,
    "osm_cliffs": 0,
    "osm_industrial": 0
   },
   "geometry": {
    "type": "Point",
    "coordinates": [
     9.980847191198547,
     58.52355553782392
    ]
   }
  },
  {
   "type": "Feature",
   "properties": {
    "timestamp": "2026-07-02T07:50:50.468758",
    "latitude": 58.5204744587691,
    "longitude": 10.014713936965524,
    "elevation": 0.0,
    "class_code": "OPEN_SEA",
    "class_name": "\u041e\u0442\u043a\u0440\u044b\u0442\u043e\u0435 \u043c\u043e\u0440\u0435",
    "source_session": 12,
    "noaa_depth": -548.6789855957004,
    "noaa_type": "depth",
    "osm_piers": 0,
    "osm_lighthouses": 0,
    "osm_breakwaters": 0,
    "osm_harbors": 0,
    "osm_rivers": 0,
    "osm_lakes": 0,
    "osm_beaches": 0,
    "osm_cliffs": 0,
    "osm_industrial": 0
   },
   "geometry": {
    "type": "Point",
    "coordinates": [
     10.014713936965524,
     58.5204744587691
    ]
   }
  },
  {
   "type": "Feature",
   "properties": {
    "timestamp": "2026-07-03T13:57:40.625726",
    "latitude": 58.092405429063966,
    "longitude": 8.232714356607602,
    "elevation": 0.0,
    "class_code": "COASTAL_SEA",
    "class_name": "\u041f\u0440\u0438\u0431\u0435\u0440\u0435\u0436\u044c\u0435 (\u043c\u043e\u0440\u0435)",
    "source_session": 3,
    "noaa_depth": -43.43557357788086,
    "noaa_type": "depth",
    "osm_piers": 0,
    "osm_lighthouses": 0,
    "osm_breakwaters": 0,
    "osm_harbors": 0,
    "osm_rivers": 0,
    "osm_lakes": 0,
    "osm_beaches": 0,
    "osm_cliffs": 0,
    "osm_industrial": 0
   },
   "geometry": {
    "type": "Point",
    "coordinates": [
     8.232714356607602,
     58.092405429063966
    ]
   }
  },
  {
   "type": "Feature",
   "properties": {
    "timestamp": "2026-07-02T03:43:46.638972",
    "latitude": 54.06640499886518,
    "longitude": 11.069961978301512,
    "elevation": 0.0,
    "class_code": "COASTAL_SEA",
    "class_name": "\u041f\u0440\u0438\u0431\u0435\u0440\u0435\u0436\u044c\u0435 (\u043c\u043e\u0440\u0435)",
    "source_session": 9,
    "noaa_depth": -23.50339508056641,
    "noaa_type": "depth",
    "osm_piers": 0,
    "osm_lighthouses": 0,
    "osm_breakwaters": 0,
    "osm_harbors": 0,
    "osm_rivers": 0,
    "osm_lakes": 0,
    "osm_beaches": 0,
    "osm_cliffs": 0,
    "osm_industrial": 0
   },
   "geometry": {
    "type": "Point",
    "coordinates": [
     11.069961978301512,
     54.06640499886518
    ]
   }
  },
  {
   "type": "Feature",
   "properties": {
    "timestamp": "2026-07-02T03:48:21.530813",
    "latitude": 54.06003249661193,
    "longitude": 10.923755772446324,
    "elevation": 0.0,
    "class_code": "COASTAL_SEA",
    "class_name": "\u041f\u0440\u0438\u0431\u0435\u0440\u0435\u0436\u044c\u0435 (\u043c\u043e\u0440\u0435)",
    "source_session": 9,
    "noaa_depth": -22.63407325744629,
    "noaa_type": "depth",
    "osm_piers": 0,
    "osm_lighthouses": 0,
    "osm_breakwaters": 0,
    "osm_harbors": 0,
    "osm_rivers": 0,
    "osm_lakes": 0,
    "osm_beaches": 0,
    "osm_cliffs": 0,
    "osm_industrial": 0
   },
   "geometry": {
    "type": "Point",
    "coordinates": [
     10.923755772446324,
     54.06003249661193
    ]
   }
  },
  {
   "type": "Feature",
   "properties": {
    "timestamp": "2026-07-02T06:00:46.256098",
    "latitude": 56.951496179940115,
    "longitude": 17.43667399117503,
    "elevation": 0.0,
    "class_code": "OPEN_SEA",
    "class_name": "\u041e\u0442\u043a\u0440\u044b\u0442\u043e\u0435 \u043c\u043e\u0440\u0435",
    "source_session": 10,
    "noaa_depth": -101.35334014892578,
    "noaa_type": "depth",
    "osm_piers": 0,
    "osm_lighthouses": 0,
    "osm_breakwaters": 0,
    "osm_harbors": 0,
    "osm_rivers": 0,
    "osm_lakes": 0,
    "osm_beaches": 0,
    "osm_cliffs": 0,
    "osm_industrial": 0
   },
   "geometry": {
    "type": "Point",
    "coordinates": [
     17.43667399117503,
     56.951496179940115
    ]
   }
  },
  {
   "type": "Feature",
   "properties": {
    "timestamp": "2026-07-02T07:45:31.156770",
    "latitude": 58.518681976604555,
    "longitude": 9.812351536898243,
    "elevation": 0.0,
    "class_code": "OPEN_SEA",
    "class_name": "\u041e\u0442\u043a\u0440\u044b\u0442\u043e\u0435 \u043c\u043e\u0440\u0435",
    "source_session": 12,
    "noaa_depth": -666.0247497558587,
    "noaa_type": "depth",
    "osm_piers": 0,
    "osm_lighthouses": 0,
    "osm_breakwaters": 0,
    "osm_harbors": 0,
    "osm_rivers": 0,
    "osm_lakes": 0,
    "osm_beaches": 0,
    "osm_cliffs": 0,
    "osm_industrial": 0
   },
   "geometry": {
    "type": "Point",
    "coordinates": [
     9.812351536898243,
     58.518681976604555
    ]
   }
  },
  {
   "type": "Feature",
   "properties": {
    "timestamp": "2026-07-02T06:26:48.759337",
    "latitude": 56.97025694722515,
    "longitude": 16.912927775035403,
    "elevation": 0.0,
    "class_code": "COASTAL_SEA",
    "class_name": "\u041f\u0440\u0438\u0431\u0435\u0440\u0435\u0436\u044c\u0435 (\u043c\u043e\u0440\u0435)",
    "source_session": 10,
    "noaa_depth": -4.002580165863037,
    "noaa_type": "depth",
    "osm_piers": 0,
    "osm_lighthouses": 0,
    "osm_breakwaters": 0,
    "osm_harbors": 0,
    "osm_rivers": 0,
    "osm_lakes": 0,
    "osm_beaches": 0,
    "osm_cliffs": 0,
    "osm_industrial": 0
   },
   "geometry": {
    "type": "Point",
    "coordinates": [
     16.912927775035403,
     56.97025694722515
    ]
   }
  },
  {
   "type": "Feature",
   "properties": {
    "timestamp": "2026-07-02T03:30:07.722119",
    "latitude": 54.0742735213069,
    "longitude": 11.301600992070446,
    "elevation": 0.0,
    "class_code": "COASTAL_SEA",
    "class_name": "\u041f\u0440\u0438\u0431\u0435\u0440\u0435\u0436\u044c\u0435 (\u043c\u043e\u0440\u0435)",
    "source_session": 9,
    "noaa_depth": -13.282549858093262,
    "noaa_type": "depth",
    "osm_piers": 0,
    "osm_lighthouses": 0,
    "osm_breakwaters": 0,
    "osm_harbors": 0,
    "osm_rivers": 0,
    "osm_lakes": 0,
    "osm_beaches": 0,
    "osm_cliffs": 0,
    "osm_industrial": 0
   },
   "geometry": {
    "type": "Point",
    "coordinates": [
     11.301600992070446,
     54.0742735213069
    ]
   }
  },
  {
   "type": "Feature",
   "properties": {
    "timestamp": "2026-07-02T06:24:25.045088",
    "latitude": 56.97338115148178,
    "longitude": 16.88249327958431,
    "elevation": 0.0,
    "class_code": "NEAR_COAST",
    "class_name": "\u041f\u043e\u0431\u0435\u0440\u0435\u0436\u044c\u0435 (\u0441\u0443\u0448\u0430)",
    "source_session": 10,
    "noaa_depth": 0.0,
    "noaa_type": "height",
    "osm_piers": 0,
    "osm_lighthouses": 0,
    "osm_breakwaters": 0,
    "osm_harbors": 0,
    "osm_rivers": 0,
    "osm_lakes": 0,
    "osm_beaches": 0,
    "osm_cliffs": 0,
    "osm_industrial": 0
   },
   "geometry": {
    "type": "Point",
    "coordinates": [
     16.88249327958431,
     56.97338115148178
    ]
   }
  },
  {
   "type": "Feature",
   "properties": {
    "timestamp": "2026-07-02T07:49:24.831490",
    "latitude": 58.52002860886018,
    "longitude": 9.964585147655141,
    "elevation": 0.0,
    "class_code": "OPEN_SEA",
    "class_name": "\u041e\u0442\u043a\u0440\u044b\u0442\u043e\u0435 \u043c\u043e\u0440\u0435",
    "source_session": 12,
    "noaa_depth": -546.04345703125,
    "noaa_type": "depth",
    "osm_piers": 0,
    "osm_lighthouses": 0,
    "osm_breakwaters": 0,
    "osm_harbors": 0,
    "osm_rivers": 0,
    "osm_lakes": 0,
    "osm_beaches": 0,
    "osm_cliffs": 0,
    "osm_industrial": 0
   },
   "geometry": {
    "type": "Point",
    "coordinates": [
     9.964585147655141,
     58.52002860886018
    ]
   }
  },
  {
   "type": "Feature",
   "properties": {
    "timestamp": "2026-07-02T06:16:08.111216",
    "latitude": 56.967908419850126,
    "longitude": 17.158416217774786,
    "elevation": 0.0,
    "class_code": "COASTAL_SEA",
    "class_name": "\u041f\u0440\u0438\u0431\u0435\u0440\u0435\u0436\u044c\u0435 (\u043c\u043e\u0440\u0435)",
    "source_session": 10,
    "noaa_depth": -65.76960754394531,
    "noaa_type": "depth",
    "osm_piers": 0,
    "osm_lighthouses": 0,
    "osm_breakwaters": 0,
    "osm_harbors": 0,
    "osm_rivers": 0,
    "osm_lakes": 0,
    "osm_beaches": 0,
    "osm_cliffs": 0,
    "osm_industrial": 0
   },
   "geometry": {
    "type": "Point",
    "coordinates": [
     17.158416217774786,
     56.967908419850126
    ]
   }
  },
  {
   "type": "Feature",
   "properties": {
    "timestamp": "2026-07-10T20:35:08.982565",
    "latitude": 55.68663178828708,
    "longitude": 13.725878000909006,
    "elevation": 84.0,
    "class_code": "COASTLINE",
    "class_name": "\u0421\u0443\u0448\u0430 \u0432\u0434\u0430\u043b\u0438 \u043e\u0442 \u043f\u043e\u0431\u0435\u0440\u0435\u0436\u044c\u044f",
    "source_session": 13,
    "noaa_depth": 85.57946014404297,
    "noaa_type": "height",
    "osm_piers": 0,
    "osm_lighthouses": 0,
    "osm_breakwaters": 0,
    "osm_harbors": 0,
    "osm_rivers": 0,
    "osm_lakes": 0,
    "osm_beaches": 0,
    "osm_cliffs": 0,
    "osm_industrial": 0
   },
   "geometry": {
    "type": "Point",
    "coordinates": [
     13.725878000909006,
     55.68663178828708
    ]
   }
  },
  {
   "type": "Feature",
   "properties": {
    "timestamp": "2026-07-04T15:15:31.824294",
    "latitude": 56.416786363675634,
    "longitude": 8.835853213996662,
    "elevation": 51.0,
    "class_code": "COASTLINE",
    "class_name": "\u0421\u0443\u0448\u0430 \u0432\u0434\u0430\u043b\u0438 \u043e\u0442 \u043f\u043e\u0431\u0435\u0440\u0435\u0436\u044c\u044f",
    "source_session": 3,
    "noaa_depth": 54.372310638427734,
    "noaa_type": "height",
    "osm_piers": 0,
    "osm_lighthouses": 0,
    "osm_breakwaters": 0,
    "osm_harbors": 0,
    "osm_rivers": 0,
    "osm_lakes": 0,
    "osm_beaches": 0,
    "osm_cliffs": 0,
    "osm_industrial": 0
   },
   "geometry": {
    "type": "Point",
    "coordinates": [
     8.835853213996662,
     56.416786363675634
    ]
   }
  },
  {
   "type": "Feature",
   "properties": {
    "timestamp": "2026-07-01T20:41:20.577875",
    "latitude": 54.76488269874239,
    "longitude": 8.705650238732375,
    "elevation": -1.0,
    "class_code": "NEAR_COAST",
    "class_name": "\u041f\u043e\u0431\u0435\u0440\u0435\u0436\u044c\u0435 (\u0441\u0443\u0448\u0430)",
    "source_session": 5,
    "noaa_depth": 1.190000057220459,
    "noaa_type": "height",
    "osm_piers": 0,
    "osm_lighthouses": 0,
    "osm_breakwaters": 0,
    "osm_harbors": 0,
    "osm_rivers": 0,
    "osm_lakes": 0,
    "osm_beaches": 0,
    "osm_cliffs": 0,
    "osm_industrial": 0
   },
   "geometry": {
    "type": "Point",
    "coordinates": [
     8.705650238732375,
     54.76488269874239
    ]
   }
  },
  {
   "type": "Feature",
   "properties": {
    "timestamp": "2026-07-02T07:35:56.244624",
    "latitude": 58.528967996622875,
    "longitude": 10.80481448751347,
    "elevation": 0.0,
    "class_code": "OPEN_SEA",
    "class_name": "\u041e\u0442\u043a\u0440\u044b\u0442\u043e\u0435 \u043c\u043e\u0440\u0435",
    "source_session": 12,
    "noaa_depth": -104.23748779296875,
    "noaa_type": "depth",
    "osm_piers": 0,
    "osm_lighthouses": 0,
    "osm_breakwaters": 0,
    "osm_harbors": 0,
    "osm_rivers": 0,
    "osm_lakes": 0,
    "osm_beaches": 0,
    "osm_cliffs": 0,
    "osm_industrial": 0
   },
   "geometry": {
    "type": "Point",
    "coordinates": [
     10.80481448751347,
     58.528967996622875
    ]
   }
  },
  {
   "type": "Feature",
   "properties": {
    "timestamp": "2026-07-02T06:13:27.799371",
    "latitude": 56.966376118294434,
    "longitude": 17.25078159868883,
    "elevation": 0.0,
    "class_code": "COASTAL_SEA",
    "class_name": "\u041f\u0440\u0438\u0431\u0435\u0440\u0435\u0436\u044c\u0435 (\u043c\u043e\u0440\u0435)",
    "source_session": 10,
    "noaa_depth": -58.905635833740234,
    "noaa_type": "depth",
    "osm_piers": 0,
    "osm_lighthouses": 0,
    "osm_breakwaters": 0,
    "osm_harbors": 0,
    "osm_rivers": 0,
    "osm_lakes": 0,
    "osm_beaches": 0,
    "osm_cliffs": 0,
    "osm_industrial": 0
   },
   "geometry": {
    "type": "Point",
    "coordinates": [
     17.25078159868883,
     56.966376118294434
    ]
   }
  },
  {
   "type": "Feature",
   "properties": {
    "timestamp": "2026-07-02T07:09:20.672747",
    "latitude": 58.521853971859215,
    "longitude": 9.80591357599618,
    "elevation": 0.0,
    "class_code": "OPEN_SEA",
    "class_name": "\u041e\u0442\u043a\u0440\u044b\u0442\u043e\u0435 \u043c\u043e\u0440\u0435",
    "source_session": 12,
    "noaa_depth": -645.5597534179688,
    "noaa_type": "depth",
    "osm_piers": 0,
    "osm_lighthouses": 0,
    "osm_breakwaters": 0,
    "osm_harbors": 0,
    "osm_rivers": 0,
    "osm_lakes": 0,
    "osm_beaches": 0,
    "osm_cliffs": 0,
    "osm_industrial": 0
   },
   "geometry": {
    "type": "Point",
    "coordinates": [
     9.80591357599618,
     58.521853971859215
    ]
   }
  },
  {
   "type": "Feature",
   "properties": {
    "timestamp": "2026-07-02T07:37:37.045043",
    "latitude": 58.51611424161865,
    "longitude": 9.539467908552247,
    "elevation": 0.0,
    "class_code": "OPEN_SEA",
    "class_name": "\u041e\u0442\u043a\u0440\u044b\u0442\u043e\u0435 \u043c\u043e\u0440\u0435",
    "source_session": 12,
    "noaa_depth": -526.1444702148438,
    "noaa_type": "depth",
    "osm_piers": 0,
    "osm_lighthouses": 0,
    "osm_breakwaters": 0,
    "osm_harbors": 0,
    "osm_rivers": 0,
    "osm_lakes": 0,
    "osm_beaches": 0,
    "osm_cliffs": 0,
    "osm_industrial": 0
   },
   "geometry": {
    "type": "Point",
    "coordinates": [
     9.539467908552247,
     58.51611424161865
    ]
   }
  },
  {
   "type": "Feature",
   "properties": {
    "timestamp": "2026-07-02T07:19:05.572688",
    "latitude": 58.525670819340554,
    "longitude": 10.161315501681443,
    "elevation": 0.0,
    "class_code": "OPEN_SEA",
    "class_name": "\u041e\u0442\u043a\u0440\u044b\u0442\u043e\u0435 \u043c\u043e\u0440\u0435",
    "source_session": 12,
    "noaa_depth": -454.96148681640625,
    "noaa_type": "depth",
    "osm_piers": 0,
    "osm_lighthouses": 0,
    "osm_breakwaters": 0,
    "osm_harbors": 0,
    "osm_rivers": 0,
    "osm_lakes": 0,
    "osm_beaches": 0,
    "osm_cliffs": 0,
    "osm_industrial": 0
   },
   "geometry": {
    "type": "Point",
    "coordinates": [
     10.161315501681443,
     58.525670819340554
    ]
   }
  },
  {
   "type": "Feature",
   "properties": {
    "timestamp": "2026-07-02T08:10:25.788400",
    "latitude": 58.52568775679387,
    "longitude": 10.73192920109007,
    "elevation": 0.0,
    "class_code": "OPEN_SEA",
    "class_name": "\u041e\u0442\u043a\u0440\u044b\u0442\u043e\u0435 \u043c\u043e\u0440\u0435",
    "source_session": 12,
    "noaa_depth": -133.9263458251953,
    "noaa_type": "depth",
    "osm_piers": 0,
    "osm_lighthouses": 0,
    "osm_breakwaters": 0,
    "osm_harbors": 0,
    "osm_rivers": 0,
    "osm_lakes": 0,
    "osm_beaches": 0,
    "osm_cliffs": 0,
    "osm_industrial": 0
   },
   "geometry": {
    "type": "Point",
    "coordinates": [
     10.73192920109007,
     58.52568775679387
    ]
   }
  },
  {
   "type": "Feature",
   "properties": {
    "timestamp": "2026-07-02T03:51:13.134577",
    "latitude": 54.05651188293955,
    "longitude": 10.831956756133133,
    "elevation": 0.0,
    "class_code": "COASTAL_SEA",
    "class_name": "\u041f\u0440\u0438\u0431\u0435\u0440\u0435\u0436\u044c\u0435 (\u043c\u043e\u0440\u0435)",
    "source_session": 9,
    "noaa_depth": -18.526172637939453,
    "noaa_type": "depth",
    "osm_piers": 0,
    "osm_lighthouses": 0,
    "osm_breakwaters": 0,
    "osm_harbors": 0,
    "osm_rivers": 0,
    "osm_lakes": 0,
    "osm_beaches": 0,
    "osm_cliffs": 0,
    "osm_industrial": 0
   },
   "geometry": {
    "type": "Point",
    "coordinates": [
     10.831956756133133,
     54.05651188293955
    ]
   }
  },
  {
   "type": "Feature",
   "properties": {
    "timestamp": "2026-07-02T03:23:49.615404",
    "latitude": 54.077521268872836,
    "longitude": 11.443907129059415,
    "elevation": 0.0,
    "class_code": "COASTAL_SEA",
    "class_name": "\u041f\u0440\u0438\u0431\u0435\u0440\u0435\u0436\u044c\u0435 (\u043c\u043e\u0440\u0435)",
    "source_session": 9,
    "noaa_depth": -16.522640228271484,
    "noaa_type": "depth",
    "osm_piers": 0,
    "osm_lighthouses": 0,
    "osm_breakwaters": 0,
    "osm_harbors": 0,
    "osm_rivers": 0,
    "osm_lakes": 0,
    "osm_beaches": 0,
    "osm_cliffs": 0,
    "osm_industrial": 0
   },
   "geometry": {
    "type": "Point",
    "coordinates": [
     11.443907129059415,
     54.077521268872836
    ]
   }
  },
  {
   "type": "Feature",
   "properties": {
    "timestamp": "2026-07-02T08:06:14.539786",
    "latitude": 58.525206130982845,
    "longitude": 10.549533400669798,
    "elevation": 0.0,
    "class_code": "OPEN_SEA",
    "class_name": "\u041e\u0442\u043a\u0440\u044b\u0442\u043e\u0435 \u043c\u043e\u0440\u0435",
    "source_session": 12,
    "noaa_depth": -172.054786682131,
    "noaa_type": "depth",
    "osm_piers": 0,
    "osm_lighthouses": 0,
    "osm_breakwaters": 0,
    "osm_harbors": 0,
    "osm_rivers": 0,
    "osm_lakes": 0,
    "osm_beaches": 0,
    "osm_cliffs": 0,
    "osm_industrial": 0
   },
   "geometry": {
    "type": "Point",
    "coordinates": [
     10.549533400669798,
     58.525206130982845
    ]
   }
  },
  {
   "type": "Feature",
   "properties": {
    "timestamp": "2026-07-02T08:14:18.009414",
    "latitude": 58.522468759861574,
    "longitude": 10.76064814390917,
    "elevation": 0.0,
    "class_code": "OPEN_SEA",
    "class_name": "\u041e\u0442\u043a\u0440\u044b\u0442\u043e\u0435 \u043c\u043e\u0440\u0435",
    "source_session": 12,
    "noaa_depth": -120.09033966064453,
    "noaa_type": "depth",
    "osm_piers": 0,
    "osm_lighthouses": 0,
    "osm_breakwaters": 0,
    "osm_harbors": 0,
    "osm_rivers": 0,
    "osm_lakes": 0,
    "osm_beaches": 0,
    "osm_cliffs": 0,
    "osm_industrial": 0
   },
   "geometry": {
    "type": "Point",
    "coordinates": [
     10.76064814390917,
     58.522468759861574
    ]
   }
  },
  {
   "type": "Feature",
   "properties": {
    "timestamp": "2026-07-02T07:14:00.522450",
    "latitude": 58.52345472684106,
    "longitude": 9.975480083135368,
    "elevation": 0.0,
    "class_code": "OPEN_SEA",
    "class_name": "\u041e\u0442\u043a\u0440\u044b\u0442\u043e\u0435 \u043c\u043e\u0440\u0435",
    "source_session": 12,
    "noaa_depth": -528.6779174804734,
    "noaa_type": "depth",
    "osm_piers": 0,
    "osm_lighthouses": 0,
    "osm_breakwaters": 0,
    "osm_harbors": 0,
    "osm_rivers": 0,
    "osm_lakes": 0,
    "osm_beaches": 0,
    "osm_cliffs": 0,
    "osm_industrial": 0
   },
   "geometry": {
    "type": "Point",
    "coordinates": [
     9.975480083135368,
     58.52345472684106
    ]
   }
  },
  {
   "type": "Feature",
   "properties": {
    "timestamp": "2026-07-02T07:15:50.942282",
    "latitude": 58.52412735250541,
    "longitude": 10.049142943160275,
    "elevation": 0.0,
    "class_code": "OPEN_SEA",
    "class_name": "\u041e\u0442\u043a\u0440\u044b\u0442\u043e\u0435 \u043c\u043e\u0440\u0435",
    "source_session": 12,
    "noaa_depth": -523.6181640625,
    "noaa_type": "depth",
    "osm_piers": 0,
    "osm_lighthouses": 0,
    "osm_breakwaters": 0,
    "osm_harbors": 0,
    "osm_rivers": 0,
    "osm_lakes": 0,
    "osm_beaches": 0,
    "osm_cliffs": 0,
    "osm_industrial": 0
   },
   "geometry": {
    "type": "Point",
    "coordinates": [
     10.049142943160275,
     58.52412735250541
    ]
   }
  },
  {
   "type": "Feature",
   "properties": {
    "timestamp": "2026-07-02T07:22:36.237140",
    "latitude": 58.52691844990579,
    "longitude": 10.301036492990928,
    "elevation": 0.0,
    "class_code": "OPEN_SEA",
    "class_name": "\u041e\u0442\u043a\u0440\u044b\u0442\u043e\u0435 \u043c\u043e\u0440\u0435",
    "source_session": 12,
    "noaa_depth": -336.02978515625,
    "noaa_type": "depth",
    "osm_piers": 0,
    "osm_lighthouses": 0,
    "osm_breakwaters": 0,
    "osm_harbors": 0,
    "osm_rivers": 0,
    "osm_lakes": 0,
    "osm_beaches": 0,
    "osm_cliffs": 0,
    "osm_industrial": 0
   },
   "geometry": {
    "type": "Point",
    "coordinates": [
     10.301036492990928,
     58.52691844990579
    ]
   }
  },
  {
   "type": "Feature",
   "properties": {
    "timestamp": "2026-07-02T11:50:48.469059",
    "latitude": 60.957034000696034,
    "longitude": 9.756939756012054,
    "elevation": 0.0,
    "class_code": "COASTLINE",
    "class_name": "\u0421\u0443\u0448\u0430 \u0432\u0434\u0430\u043b\u0438 \u043e\u0442 \u043f\u043e\u0431\u0435\u0440\u0435\u0436\u044c\u044f",
    "source_session": 5,
    "noaa_depth": 813.9050903320312,
    "noaa_type": "height",
    "osm_piers": 0,
    "osm_lighthouses": 0,
    "osm_breakwaters": 0,
    "osm_harbors": 0,
    "osm_rivers": 0,
    "osm_lakes": 0,
    "osm_beaches": 0,
    "osm_cliffs": 0,
    "osm_industrial": 0
   },
   "geometry": {
    "type": "Point",
    "coordinates": [
     9.756939756012054,
     60.957034000696034
    ]
   }
  },
  {
   "type": "Feature",
   "properties": {
    "timestamp": "2026-07-02T06:02:49.998793",
    "latitude": 56.95070940048407,
    "longitude": 17.519979395336097,
    "elevation": 0.0,
    "class_code": "OPEN_SEA",
    "class_name": "\u041e\u0442\u043a\u0440\u044b\u0442\u043e\u0435 \u043c\u043e\u0440\u0435",
    "source_session": 10,
    "noaa_depth": -100.15457153320312,
    "noaa_type": "depth",
    "osm_piers": 0,
    "osm_lighthouses": 0,
    "osm_breakwaters": 0,
    "osm_harbors": 0,
    "osm_rivers": 0,
    "osm_lakes": 0,
    "osm_beaches": 0,
    "osm_cliffs": 0,
    "osm_industrial": 0
   },
   "geometry": {
    "type": "Point",
    "coordinates": [
     17.519979395336097,
     56.95070940048407
    ]
   }
  },
  {
   "type": "Feature",
   "properties": {
    "timestamp": "2026-07-02T06:27:08.661663",
    "latitude": 56.9674811267329,
    "longitude": 16.923826344521327,
    "elevation": 0.0,
    "class_code": "COASTAL_SEA",
    "class_name": "\u041f\u0440\u0438\u0431\u0435\u0440\u0435\u0436\u044c\u0435 (\u043c\u043e\u0440\u0435)",
    "source_session": 10,
    "noaa_depth": -6.122580051422119,
    "noaa_type": "depth",
    "osm_piers": 0,
    "osm_lighthouses": 0,
    "osm_breakwaters": 0,
    "osm_harbors": 0,
    "osm_rivers": 0,
    "osm_lakes": 0,
    "osm_beaches": 0,
    "osm_cliffs": 0,
    "osm_industrial": 0
   },
   "geometry": {
    "type": "Point",
    "coordinates": [
     16.923826344521327,
     56.9674811267329
    ]
   }
  },
  {
   "type": "Feature",
   "properties": {
    "timestamp": "2026-07-02T08:02:36.523203",
    "latitude": 58.524744660039985,
    "longitude": 10.421817697197557,
    "elevation": 0.0,
    "class_code": "OPEN_SEA",
    "class_name": "\u041e\u0442\u043a\u0440\u044b\u0442\u043e\u0435 \u043c\u043e\u0440\u0435",
    "source_session": 12,
    "noaa_depth": -263.0461120605519,
    "noaa_type": "depth",
    "osm_piers": 0,
    "osm_lighthouses": 0,
    "osm_breakwaters": 0,
    "osm_harbors": 0,
    "osm_rivers": 0,
    "osm_lakes": 0,
    "osm_beaches": 0,
    "osm_cliffs": 0,
    "osm_industrial": 0
   },
   "geometry": {
    "type": "Point",
    "coordinates": [
     10.421817697197557,
     58.524744660039985
    ]
   }
  },
  {
   "type": "Feature",
   "properties": {
    "timestamp": "2026-07-02T11:52:27.544133",
    "latitude": 60.2229890050922,
    "longitude": 9.29559558627736,
    "elevation": 0.0,
    "class_code": "COASTLINE",
    "class_name": "\u0421\u0443\u0448\u0430 \u0432\u0434\u0430\u043b\u0438 \u043e\u0442 \u043f\u043e\u0431\u0435\u0440\u0435\u0436\u044c\u044f",
    "source_session": 5,
    "noaa_depth": 722.221923828125,
    "noaa_type": "height",
    "osm_piers": 0,
    "osm_lighthouses": 0,
    "osm_breakwaters": 0,
    "osm_harbors": 0,
    "osm_rivers": 0,
    "osm_lakes": 0,
    "osm_beaches": 0,
    "osm_cliffs": 0,
    "osm_industrial": 0
   },
   "geometry": {
    "type": "Point",
    "coordinates": [
     9.29559558627736,
     60.2229890050922
    ]
   }
  },
  {
   "type": "Feature",
   "properties": {
    "timestamp": "2026-07-02T03:58:45.177577",
    "latitude": 54.06484377664416,
    "longitude": 10.911208306057862,
    "elevation": 0.0,
    "class_code": "COASTAL_SEA",
    "class_name": "\u041f\u0440\u0438\u0431\u0435\u0440\u0435\u0436\u044c\u0435 (\u043c\u043e\u0440\u0435)",
    "source_session": 9,
    "noaa_depth": -21.99407386779785,
    "noaa_type": "depth",
    "osm_piers": 0,
    "osm_lighthouses": 0,
    "osm_breakwaters": 0,
    "osm_harbors": 0,
    "osm_rivers": 0,
    "osm_lakes": 0,
    "osm_beaches": 0,
    "osm_cliffs": 0,
    "osm_industrial": 0
   },
   "geometry": {
    "type": "Point",
    "coordinates": [
     10.911208306057862,
     54.06484377664416
    ]
   }
  },
  {
   "type": "Feature",
   "properties": {
    "timestamp": "2026-07-02T02:41:39.253749",
    "latitude": 54.06009688714043,
    "longitude": 11.076230787271793,
    "elevation": 0.0,
    "class_code": "COASTAL_SEA",
    "class_name": "\u041f\u0440\u0438\u0431\u0435\u0440\u0435\u0436\u044c\u0435 (\u043c\u043e\u0440\u0435)",
    "source_session": 9,
    "noaa_depth": -23.764326095581055,
    "noaa_type": "depth",
    "osm_piers": 0,
    "osm_lighthouses": 0,
    "osm_breakwaters": 0,
    "osm_harbors": 0,
    "osm_rivers": 0,
    "osm_lakes": 0,
    "osm_beaches": 0,
    "osm_cliffs": 0,
    "osm_industrial": 0
   },
   "geometry": {
    "type": "Point",
    "coordinates": [
     11.076230787271793,
     54.06009688714043
    ]
   }
  },
  {
   "type": "Feature",
   "properties": {
    "timestamp": "2026-07-02T03:53:05.600280",
    "latitude": 54.05633051690226,
    "longitude": 10.7720798890024,
    "elevation": 0.0,
    "class_code": "COASTAL_SEA",
    "class_name": "\u041f\u0440\u0438\u0431\u0435\u0440\u0435\u0436\u044c\u0435 (\u043c\u043e\u0440\u0435)",
    "source_session": 9,
    "noaa_depth": -4.997603416442871,
    "noaa_type": "depth",
    "osm_piers": 0,
    "osm_lighthouses": 0,
    "osm_breakwaters": 0,
    "osm_harbors": 0,
    "osm_rivers": 0,
    "osm_lakes": 0,
    "osm_beaches": 0,
    "osm_cliffs": 0,
    "osm_industrial": 0
   },
   "geometry": {
    "type": "Point",
    "coordinates": [
     10.7720798890024,
     54.05633051690226
    ]
   }
  },
  {
   "type": "Feature",
   "properties": {
    "timestamp": "2026-07-02T06:31:43.063359",
    "latitude": 56.965283391891475,
    "longitude": 17.13816694376402,
    "elevation": 0.0,
    "class_code": "COASTAL_SEA",
    "class_name": "\u041f\u0440\u0438\u0431\u0435\u0440\u0435\u0436\u044c\u0435 (\u043c\u043e\u0440\u0435)",
    "source_session": 10,
    "noaa_depth": -60.197410583496094,
    "noaa_type": "depth",
    "osm_piers": 0,
    "osm_lighthouses": 0,
    "osm_breakwaters": 0,
    "osm_harbors": 0,
    "osm_rivers": 0,
    "osm_lakes": 0,
    "osm_beaches": 0,
    "osm_cliffs": 0,
    "osm_industrial": 0
   },
   "geometry": {
    "type": "Point",
    "coordinates": [
     17.13816694376402,
     56.965283391891475
    ]
   }
  },
  {
   "type": "Feature",
   "properties": {
    "timestamp": "2026-07-02T07:37:18.083222",
    "latitude": 58.51599100201927,
    "longitude": 9.528493246009187,
    "elevation": 0.0,
    "class_code": "OPEN_SEA",
    "class_name": "\u041e\u0442\u043a\u0440\u044b\u0442\u043e\u0435 \u043c\u043e\u0440\u0435",
    "source_session": 12,
    "noaa_depth": -522.5297241210938,
    "noaa_type": "depth",
    "osm_piers": 0,
    "osm_lighthouses": 0,
    "osm_breakwaters": 0,
    "osm_harbors": 0,
    "osm_rivers": 0,
    "osm_lakes": 0,
    "osm_beaches": 0,
    "osm_cliffs": 0,
    "osm_industrial": 0
   },
   "geometry": {
    "type": "Point",
    "coordinates": [
     9.528493246009187,
     58.51599100201927
    ]
   }
  },
  {
   "type": "Feature",
   "properties": {
    "timestamp": "2026-07-01T18:51:57.617027",
    "latitude": 58.08948794402382,
    "longitude": 8.133780439902548,
    "elevation": 0.0,
    "class_code": "COASTAL_SEA",
    "class_name": "\u041f\u0440\u0438\u0431\u0435\u0440\u0435\u0436\u044c\u0435 (\u043c\u043e\u0440\u0435)",
    "source_session": 5,
    "noaa_depth": -12.498394012451172,
    "noaa_type": "depth",
    "osm_piers": 0,
    "osm_lighthouses": 0,
    "osm_breakwaters": 0,
    "osm_harbors": 0,
    "osm_rivers": 0,
    "osm_lakes": 0,
    "osm_beaches": 0,
    "osm_cliffs": 0,
    "osm_industrial": 0
   },
   "geometry": {
    "type": "Point",
    "coordinates": [
     8.133780439902548,
     58.08948794402382
    ]
   }
  },
  {
   "type": "Feature",
   "properties": {
    "timestamp": "2026-07-02T07:48:58.370102",
    "latitude": 58.52011150600305,
    "longitude": 9.948462355033245,
    "elevation": 0.0,
    "class_code": "OPEN_SEA",
    "class_name": "\u041e\u0442\u043a\u0440\u044b\u0442\u043e\u0435 \u043c\u043e\u0440\u0435",
    "source_session": 12,
    "noaa_depth": -543.553466796875,
    "noaa_type": "depth",
    "osm_piers": 0,
    "osm_lighthouses": 0,
    "osm_breakwaters": 0,
    "osm_harbors": 0,
    "osm_rivers": 0,
    "osm_lakes": 0,
    "osm_beaches": 0,
    "osm_cliffs": 0,
    "osm_industrial": 0
   },
   "geometry": {
    "type": "Point",
    "coordinates": [
     9.948462355033245,
     58.52011150600305
    ]
   }
  },
  {
   "type": "Feature",
   "properties": {
    "timestamp": "2026-07-02T03:47:41.306817",
    "latitude": 54.061304175687035,
    "longitude": 10.947134895169688,
    "elevation": 0.0,
    "class_code": "COASTAL_SEA",
    "class_name": "\u041f\u0440\u0438\u0431\u0435\u0440\u0435\u0436\u044c\u0435 (\u043c\u043e\u0440\u0435)",
    "source_session": 9,
    "noaa_depth": -23.316497802734375,
    "noaa_type": "depth",
    "osm_piers": 0,
    "osm_lighthouses": 0,
    "osm_breakwaters": 0,
    "osm_harbors": 0,
    "osm_rivers": 0,
    "osm_lakes": 0,
    "osm_beaches": 0,
    "osm_cliffs": 0,
    "osm_industrial": 0
   },
   "geometry": {
    "type": "Point",
    "coordinates": [
     10.947134895169688,
     54.061304175687035
    ]
   }
  },
  {
   "type": "Feature",
   "properties": {
    "timestamp": "2026-07-02T06:11:49.087544",
    "latitude": 56.96536728618539,
    "longitude": 17.307269656673906,
    "elevation": 0.0,
    "class_code": "COASTAL_SEA",
    "class_name": "\u041f\u0440\u0438\u0431\u0435\u0440\u0435\u0436\u044c\u0435 (\u043c\u043e\u0440\u0435)",
    "source_session": 10,
    "noaa_depth": -72.00550079345703,
    "noaa_type": "depth",
    "osm_piers": 0,
    "osm_lighthouses": 0,
    "osm_breakwaters": 0,
    "osm_harbors": 0,
    "osm_rivers": 0,
    "osm_lakes": 0,
    "osm_beaches": 0,
    "osm_cliffs": 0,
    "osm_industrial": 0
   },
   "geometry": {
    "type": "Point",
    "coordinates": [
     17.307269656673906,
     56.96536728618539
    ]
   }
  },
  {
   "type": "Feature",
   "properties": {
    "timestamp": "2026-07-03T14:04:09.867403",
    "latitude": 54.38660543710573,
    "longitude": 8.535107980572922,
    "elevation": 0.0,
    "class_code": "COASTAL_SEA",
    "class_name": "\u041f\u0440\u0438\u0431\u0435\u0440\u0435\u0436\u044c\u0435 (\u043c\u043e\u0440\u0435)",
    "source_session": 3,
    "noaa_depth": -11.699999809265137,
    "noaa_type": "depth",
    "osm_piers": 0,
    "osm_lighthouses": 0,
    "osm_breakwaters": 0,
    "osm_harbors": 0,
    "osm_rivers": 0,
    "osm_lakes": 0,
    "osm_beaches": 0,
    "osm_cliffs": 0,
    "osm_industrial": 0
   },
   "geometry": {
    "type": "Point",
    "coordinates": [
     8.535107980572922,
     54.38660543710573
    ]
   }
  },
  {
   "type": "Feature",
   "properties": {
    "timestamp": "2026-07-10T20:33:15.007448",
    "latitude": 55.6361400952955,
    "longitude": 13.73013131140689,
    "elevation": 50.0,
    "class_code": "NEAR_COAST",
    "class_name": "\u041f\u043e\u0431\u0435\u0440\u0435\u0436\u044c\u0435 (\u0441\u0443\u0448\u0430)",
    "source_session": 13,
    "noaa_depth": 49.259376525878906,
    "noaa_type": "height",
    "osm_piers": 0,
    "osm_lighthouses": 0,
    "osm_breakwaters": 0,
    "osm_harbors": 0,
    "osm_rivers": 0,
    "osm_lakes": 0,
    "osm_beaches": 0,
    "osm_cliffs": 0,
    "osm_industrial": 0
   },
   "geometry": {
    "type": "Point",
    "coordinates": [
     13.73013131140689,
     55.6361400952955
    ]
   }
  },
  {
   "type": "Feature",
   "properties": {
    "timestamp": "2026-07-02T05:47:29.831784",
    "latitude": 56.96017066253036,
    "longitude": 17.471666266392525,
    "elevation": 0.0,
    "class_code": "OPEN_SEA",
    "class_name": "\u041e\u0442\u043a\u0440\u044b\u0442\u043e\u0435 \u043c\u043e\u0440\u0435",
    "source_session": 10,
    "noaa_depth": -103.48686218261719,
    "noaa_type": "depth",
    "osm_piers": 0,
    "osm_lighthouses": 0,
    "osm_breakwaters": 0,
    "osm_harbors": 0,
    "osm_rivers": 0,
    "osm_lakes": 0,
    "osm_beaches": 0,
    "osm_cliffs": 0,
    "osm_industrial": 0
   },
   "geometry": {
    "type": "Point",
    "coordinates": [
     17.471666266392525,
     56.96017066253036
    ]
   }
  },
  {
   "type": "Feature",
   "properties": {
    "timestamp": "2026-07-02T06:43:37.866840",
    "latitude": 56.9590639103974,
    "longitude": 17.371693639881865,
    "elevation": 0.0,
    "class_code": "COASTAL_SEA",
    "class_name": "\u041f\u0440\u0438\u0431\u0435\u0440\u0435\u0436\u044c\u0435 (\u043c\u043e\u0440\u0435)",
    "source_session": 10,
    "noaa_depth": -85.49114227294922,
    "noaa_type": "depth",
    "osm_piers": 0,
    "osm_lighthouses": 0,
    "osm_breakwaters": 0,
    "osm_harbors": 0,
    "osm_rivers": 0,
    "osm_lakes": 0,
    "osm_beaches": 0,
    "osm_cliffs": 0,
    "osm_industrial": 0
   },
   "geometry": {
    "type": "Point",
    "coordinates": [
     17.371693639881865,
     56.9590639103974
    ]
   }
  },
  {
   "type": "Feature",
   "properties": {
    "timestamp": "2026-07-02T07:57:30.254937",
    "latitude": 58.523826180405145,
    "longitude": 10.263745630519818,
    "elevation": 0.0,
    "class_code": "OPEN_SEA",
    "class_name": "\u041e\u0442\u043a\u0440\u044b\u0442\u043e\u0435 \u043c\u043e\u0440\u0435",
    "source_session": 12,
    "noaa_depth": -362.60028076171875,
    "noaa_type": "depth",
    "osm_piers": 0,
    "osm_lighthouses": 0,
    "osm_breakwaters": 0,
    "osm_harbors": 0,
    "osm_rivers": 0,
    "osm_lakes": 0,
    "osm_beaches": 0,
    "osm_cliffs": 0,
    "osm_industrial": 0
   },
   "geometry": {
    "type": "Point",
    "coordinates": [
     10.263745630519818,
     58.523826180405145
    ]
   }
  },
  {
   "type": "Feature",
   "properties": {
    "timestamp": "2026-07-02T03:21:46.679922",
    "latitude": 54.078616739964794,
    "longitude": 11.481652842137708,
    "elevation": 0.0,
    "class_code": "COASTAL_SEA",
    "class_name": "\u041f\u0440\u0438\u0431\u0435\u0440\u0435\u0436\u044c\u0435 (\u043c\u043e\u0440\u0435)",
    "source_session": 9,
    "noaa_depth": -6.803997039794922,
    "noaa_type": "depth",
    "osm_piers": 0,
    "osm_lighthouses": 0,
    "osm_breakwaters": 0,
    "osm_harbors": 0,
    "osm_rivers": 0,
    "osm_lakes": 0,
    "osm_beaches": 0,
    "osm_cliffs": 0,
    "osm_industrial": 0
   },
   "geometry": {
    "type": "Point",
    "coordinates": [
     11.481652842137708,
     54.078616739964794
    ]
   }
  },
  {
   "type": "Feature",
   "properties": {
    "timestamp": "2026-07-02T07:57:14.355028",
    "latitude": 58.52342069761,
    "longitude": 10.253075819690153,
    "elevation": 0.0,
    "class_code": "OPEN_SEA",
    "class_name": "\u041e\u0442\u043a\u0440\u044b\u0442\u043e\u0435 \u043c\u043e\u0440\u0435",
    "source_session": 12,
    "noaa_depth": -370.1902770996094,
    "noaa_type": "depth",
    "osm_piers": 0,
    "osm_lighthouses": 0,
    "osm_breakwaters": 0,
    "osm_harbors": 0,
    "osm_rivers": 0,
    "osm_lakes": 0,
    "osm_beaches": 0,
    "osm_cliffs": 0,
    "osm_industrial": 0
   },
   "geometry": {
    "type": "Point",
    "coordinates": [
     10.253075819690153,
     58.52342069761
    ]
   }
  },
  {
   "type": "Feature",
   "properties": {
    "timestamp": "2026-07-02T07:08:54.224344",
    "latitude": 58.521786761309485,
    "longitude": 9.782190958356782,
    "elevation": 0.0,
    "class_code": "OPEN_SEA",
    "class_name": "\u041e\u0442\u043a\u0440\u044b\u0442\u043e\u0435 \u043c\u043e\u0440\u0435",
    "source_session": 12,
    "noaa_depth": -628.6422729492188,
    "noaa_type": "depth",
    "osm_piers": 0,
    "osm_lighthouses": 0,
    "osm_breakwaters": 0,
    "osm_harbors": 0,
    "osm_rivers": 0,
    "osm_lakes": 0,
    "osm_beaches": 0,
    "osm_cliffs": 0,
    "osm_industrial": 0
   },
   "geometry": {
    "type": "Point",
    "coordinates": [
     9.782190958356782,
     58.521786761309485
    ]
   }
  },
  {
   "type": "Feature",
   "properties": {
    "timestamp": "2026-07-02T08:03:30.764743",
    "latitude": 58.52491715232511,
    "longitude": 10.463337645174581,
    "elevation": 0.0,
    "class_code": "OPEN_SEA",
    "class_name": "\u041e\u0442\u043a\u0440\u044b\u0442\u043e\u0435 \u043c\u043e\u0440\u0435",
    "source_session": 12,
    "noaa_depth": -225.3615036010808,
    "noaa_type": "depth",
    "osm_piers": 0,
    "osm_lighthouses": 0,
    "osm_breakwaters": 0,
    "osm_harbors": 0,
    "osm_rivers": 0,
    "osm_lakes": 0,
    "osm_beaches": 0,
    "osm_cliffs": 0,
    "osm_industrial": 0
   },
   "geometry": {
    "type": "Point",
    "coordinates": [
     10.463337645174581,
     58.52491715232511
    ]
   }
  },
  {
   "type": "Feature",
   "properties": {
    "timestamp": "2026-07-02T02:30:09.841575",
    "latitude": 54.05114431901186,
    "longitude": 10.824696734272964,
    "elevation": 0.0,
    "class_code": "COASTAL_SEA",
    "class_name": "\u041f\u0440\u0438\u0431\u0435\u0440\u0435\u0436\u044c\u0435 (\u043c\u043e\u0440\u0435)",
    "source_session": 9,
    "noaa_depth": -18.971171379089355,
    "noaa_type": "depth",
    "osm_piers": 0,
    "osm_lighthouses": 0,
    "osm_breakwaters": 0,
    "osm_harbors": 0,
    "osm_rivers": 0,
    "osm_lakes": 0,
    "osm_beaches": 0,
    "osm_cliffs": 0,
    "osm_industrial": 0
   },
   "geometry": {
    "type": "Point",
    "coordinates": [
     10.824696734272964,
     54.05114431901186
    ]
   }
  },
  {
   "type": "Feature",
   "properties": {
    "timestamp": "2026-07-02T06:40:32.137372",
    "latitude": 56.96150731598248,
    "longitude": 17.379998844412967,
    "elevation": 0.0,
    "class_code": "COASTAL_SEA",
    "class_name": "\u041f\u0440\u0438\u0431\u0435\u0440\u0435\u0436\u044c\u0435 (\u043c\u043e\u0440\u0435)",
    "source_session": 10,
    "noaa_depth": -87.98114013671875,
    "noaa_type": "depth",
    "osm_piers": 0,
    "osm_lighthouses": 0,
    "osm_breakwaters": 0,
    "osm_harbors": 0,
    "osm_rivers": 0,
    "osm_lakes": 0,
    "osm_beaches": 0,
    "osm_cliffs": 0,
    "osm_industrial": 0
   },
   "geometry": {
    "type": "Point",
    "coordinates": [
     17.379998844412967,
     56.96150731598248
    ]
   }
  },
  {
   "type": "Feature",
   "properties": {
    "timestamp": "2026-07-02T07:46:24.235383",
    "latitude": 58.51889930948957,
    "longitude": 9.842106784000693,
    "elevation": 0.0,
    "class_code": "OPEN_SEA",
    "class_name": "\u041e\u0442\u043a\u0440\u044b\u0442\u043e\u0435 \u043c\u043e\u0440\u0435",
    "source_session": 12,
    "noaa_depth": -579.6406860351562,
    "noaa_type": "depth",
    "osm_piers": 0,
    "osm_lighthouses": 0,
    "osm_breakwaters": 0,
    "osm_harbors": 0,
    "osm_rivers": 0,
    "osm_lakes": 0,
    "osm_beaches": 0,
    "osm_cliffs": 0,
    "osm_industrial": 0
   },
   "geometry": {
    "type": "Point",
    "coordinates": [
     9.842106784000693,
     58.51889930948957
    ]
   }
  },
  {
   "type": "Feature",
   "properties": {
    "timestamp": "2026-07-02T06:30:09.367434",
    "latitude": 56.96723783743387,
    "longitude": 17.060997348407994,
    "elevation": 0.0,
    "class_code": "COASTAL_SEA",
    "class_name": "\u041f\u0440\u0438\u0431\u0435\u0440\u0435\u0436\u044c\u0435 (\u043c\u043e\u0440\u0435)",
    "source_session": 10,
    "noaa_depth": -26.944854736328125,
    "noaa_type": "depth",
    "osm_piers": 0,
    "osm_lighthouses": 0,
    "osm_breakwaters": 0,
    "osm_harbors": 0,
    "osm_rivers": 0,
    "osm_lakes": 0,
    "osm_beaches": 0,
    "osm_cliffs": 0,
    "osm_industrial": 0
   },
   "geometry": {
    "type": "Point",
    "coordinates": [
     17.060997348407994,
     56.96723783743387
    ]
   }
  },
  {
   "type": "Feature",
   "properties": {
    "timestamp": "2026-07-02T03:50:36.739415",
    "latitude": 54.05602834187608,
    "longitude": 10.84685584811661,
    "elevation": 0.0,
    "class_code": "COASTAL_SEA",
    "class_name": "\u041f\u0440\u0438\u0431\u0435\u0440\u0435\u0436\u044c\u0435 (\u043c\u043e\u0440\u0435)",
    "source_session": 9,
    "noaa_depth": -20.007362365722656,
    "noaa_type": "depth",
    "osm_piers": 0,
    "osm_lighthouses": 0,
    "osm_breakwaters": 0,
    "osm_harbors": 0,
    "osm_rivers": 0,
    "osm_lakes": 0,
    "osm_beaches": 0,
    "osm_cliffs": 0,
    "osm_industrial": 0
   },
   "geometry": {
    "type": "Point",
    "coordinates": [
     10.84685584811661,
     54.05602834187608
    ]
   }
  },
  {
   "type": "Feature",
   "properties": {
    "timestamp": "2026-07-02T05:55:41.677079",
    "latitude": 56.953915086225805,
    "longitude": 17.459284589941603,
    "elevation": 0.0,
    "class_code": "OPEN_SEA",
    "class_name": "\u041e\u0442\u043a\u0440\u044b\u0442\u043e\u0435 \u043c\u043e\u0440\u0435",
    "source_session": 10,
    "noaa_depth": -102.30334091186478,
    "noaa_type": "depth",
    "osm_piers": 0,
    "osm_lighthouses": 0,
    "osm_breakwaters": 0,
    "osm_harbors": 0,
    "osm_rivers": 0,
    "osm_lakes": 0,
    "osm_beaches": 0,
    "osm_cliffs": 0,
    "osm_industrial": 0
   },
   "geometry": {
    "type": "Point",
    "coordinates": [
     17.459284589941603,
     56.953915086225805
    ]
   }
  },
  {
   "type": "Feature",
   "properties": {
    "timestamp": "2026-07-02T03:27:42.394716",
    "latitude": 54.07549693607815,
    "longitude": 11.353704877148086,
    "elevation": 0.0,
    "class_code": "COASTAL_SEA",
    "class_name": "\u041f\u0440\u0438\u0431\u0435\u0440\u0435\u0436\u044c\u0435 (\u043c\u043e\u0440\u0435)",
    "source_session": 9,
    "noaa_depth": -10.046474933624268,
    "noaa_type": "depth",
    "osm_piers": 0,
    "osm_lighthouses": 0,
    "osm_breakwaters": 0,
    "osm_harbors": 0,
    "osm_rivers": 0,
    "osm_lakes": 0,
    "osm_beaches": 0,
    "osm_cliffs": 0,
    "osm_industrial": 0
   },
   "geometry": {
    "type": "Point",
    "coordinates": [
     11.353704877148086,
     54.07549693607815
    ]
   }
  },
  {
   "type": "Feature",
   "properties": {
    "timestamp": "2026-07-02T08:02:28.613903",
    "latitude": 58.52515908809871,
    "longitude": 10.415677725573268,
    "elevation": 0.0,
    "class_code": "OPEN_SEA",
    "class_name": "\u041e\u0442\u043a\u0440\u044b\u0442\u043e\u0435 \u043c\u043e\u0440\u0435",
    "source_session": 12,
    "noaa_depth": -267.3111114501953,
    "noaa_type": "depth",
    "osm_piers": 0,
    "osm_lighthouses": 0,
    "osm_breakwaters": 0,
    "osm_harbors": 0,
    "osm_rivers": 0,
    "osm_lakes": 0,
    "osm_beaches": 0,
    "osm_cliffs": 0,
    "osm_industrial": 0
   },
   "geometry": {
    "type": "Point",
    "coordinates": [
     10.415677725573268,
     58.52515908809871
    ]
   }
  },
  {
   "type": "Feature",
   "properties": {
    "timestamp": "2026-07-02T04:01:01.391195",
    "latitude": 54.06825504754692,
    "longitude": 10.99512935462606,
    "elevation": 0.0,
    "class_code": "COASTAL_SEA",
    "class_name": "\u041f\u0440\u0438\u0431\u0435\u0440\u0435\u0436\u044c\u0435 (\u043c\u043e\u0440\u0435)",
    "source_session": 9,
    "noaa_depth": -22.29657745361328,
    "noaa_type": "depth",
    "osm_piers": 0,
    "osm_lighthouses": 0,
    "osm_breakwaters": 0,
    "osm_harbors": 0,
    "osm_rivers": 0,
    "osm_lakes": 0,
    "osm_beaches": 0,
    "osm_cliffs": 0,
    "osm_industrial": 0
   },
   "geometry": {
    "type": "Point",
    "coordinates": [
     10.99512935462606,
     54.06825504754692
    ]
   }
  },
  {
   "type": "Feature",
   "properties": {
    "timestamp": "2026-07-02T07:47:18.172588",
    "latitude": 58.51929812301622,
    "longitude": 9.88079289892034,
    "elevation": 0.0,
    "class_code": "OPEN_SEA",
    "class_name": "\u041e\u0442\u043a\u0440\u044b\u0442\u043e\u0435 \u043c\u043e\u0440\u0435",
    "source_session": 12,
    "noaa_depth": -536.63232421875,
    "noaa_type": "depth",
    "osm_piers": 0,
    "osm_lighthouses": 0,
    "osm_breakwaters": 0,
    "osm_harbors": 0,
    "osm_rivers": 0,
    "osm_lakes": 0,
    "osm_beaches": 0,
    "osm_cliffs": 0,
    "osm_industrial": 0
   },
   "geometry": {
    "type": "Point",
    "coordinates": [
     9.88079289892034,
     58.51929812301622
    ]
   }
  },
  {
   "type": "Feature",
   "properties": {
    "timestamp": "2026-07-02T07:54:41.682069",
    "latitude": 58.52148317904463,
    "longitude": 10.155925541059696,
    "elevation": 0.0,
    "class_code": "OPEN_SEA",
    "class_name": "\u041e\u0442\u043a\u0440\u044b\u0442\u043e\u0435 \u043c\u043e\u0440\u0435",
    "source_session": 12,
    "noaa_depth": -467.8014831542969,
    "noaa_type": "depth",
    "osm_piers": 0,
    "osm_lighthouses": 0,
    "osm_breakwaters": 0,
    "osm_harbors": 0,
    "osm_rivers": 0,
    "osm_lakes": 0,
    "osm_beaches": 0,
    "osm_cliffs": 0,
    "osm_industrial": 0
   },
   "geometry": {
    "type": "Point",
    "coordinates": [
     10.155925541059696,
     58.52148317904463
    ]
   }
  },
  {
   "type": "Feature",
   "properties": {
    "timestamp": "2026-07-10T20:48:07.986612",
    "latitude": 53.95543689123129,
    "longitude": 15.148632212021813,
    "elevation": 16.0,
    "class_code": "NEAR_COAST",
    "class_name": "\u041f\u043e\u0431\u0435\u0440\u0435\u0436\u044c\u0435 (\u0441\u0443\u0448\u0430)",
    "source_session": 14,
    "noaa_depth": 17.867067337036133,
    "noaa_type": "height",
    "osm_piers": 0,
    "osm_lighthouses": 0,
    "osm_breakwaters": 0,
    "osm_harbors": 0,
    "osm_rivers": 0,
    "osm_lakes": 0,
    "osm_beaches": 0,
    "osm_cliffs": 0,
    "osm_industrial": 0
   },
   "geometry": {
    "type": "Point",
    "coordinates": [
     15.148632212021813,
     53.95543689123129
    ]
   }
  },
  {
   "type": "Feature",
   "properties": {
    "timestamp": "2026-07-01T18:52:25.479059",
    "latitude": 58.608651390787124,
    "longitude": 9.112005931251074,
    "elevation": 0.0,
    "class_code": "COASTAL_SEA",
    "class_name": "\u041f\u0440\u0438\u0431\u0435\u0440\u0435\u0436\u044c\u0435 (\u043c\u043e\u0440\u0435)",
    "source_session": 5,
    "noaa_depth": -10.999999999984013,
    "noaa_type": "depth",
    "osm_piers": 0,
    "osm_lighthouses": 0,
    "osm_breakwaters": 0,
    "osm_harbors": 0,
    "osm_rivers": 0,
    "osm_lakes": 0,
    "osm_beaches": 0,
    "osm_cliffs": 0,
    "osm_industrial": 0
   },
   "geometry": {
    "type": "Point",
    "coordinates": [
     9.112005931251074,
     58.608651390787124
    ]
   }
  },
  {
   "type": "Feature",
   "properties": {
    "timestamp": "2026-07-10T20:34:08.418055",
    "latitude": 55.67719812013567,
    "longitude": 13.727028708926879,
    "elevation": 95.0,
    "class_code": "COASTLINE",
    "class_name": "\u0421\u0443\u0448\u0430 \u0432\u0434\u0430\u043b\u0438 \u043e\u0442 \u043f\u043e\u0431\u0435\u0440\u0435\u0436\u044c\u044f",
    "source_session": 13,
    "noaa_depth": 95.52946472167969,
    "noaa_type": "height",
    "osm_piers": 0,
    "osm_lighthouses": 0,
    "osm_breakwaters": 0,
    "osm_harbors": 0,
    "osm_rivers": 0,
    "osm_lakes": 0,
    "osm_beaches": 0,
    "osm_cliffs": 0,
    "osm_industrial": 0
   },
   "geometry": {
    "type": "Point",
    "coordinates": [
     13.727028708926879,
     55.67719812013567
    ]
   }
  },
  {
   "type": "Feature",
   "properties": {
    "timestamp": "2026-07-02T07:14:57.894356",
    "latitude": 58.52372355548491,
    "longitude": 10.020606727730835,
    "elevation": 0.0,
    "class_code": "OPEN_SEA",
    "class_name": "\u041e\u0442\u043a\u0440\u044b\u0442\u043e\u0435 \u043c\u043e\u0440\u0435",
    "source_session": 12,
    "noaa_depth": -543.2789916992213,
    "noaa_type": "depth",
    "osm_piers": 0,
    "osm_lighthouses": 0,
    "osm_breakwaters": 0,
    "osm_harbors": 0,
    "osm_rivers": 0,
    "osm_lakes": 0,
    "osm_beaches": 0,
    "osm_cliffs": 0,
    "osm_industrial": 0
   },
   "geometry": {
    "type": "Point",
    "coordinates": [
     10.020606727730835,
     58.52372355548491
    ]
   }
  },
  {
   "type": "Feature",
   "properties": {
    "timestamp": "2026-07-02T08:14:26.780860",
    "latitude": 58.522547170632684,
    "longitude": 10.755345441142728,
    "elevation": 0.0,
    "class_code": "OPEN_SEA",
    "class_name": "\u041e\u0442\u043a\u0440\u044b\u0442\u043e\u0435 \u043c\u043e\u0440\u0435",
    "source_session": 12,
    "noaa_depth": -121.34033966064453,
    "noaa_type": "depth",
    "osm_piers": 0,
    "osm_lighthouses": 0,
    "osm_breakwaters": 0,
    "osm_harbors": 0,
    "osm_rivers": 0,
    "osm_lakes": 0,
    "osm_beaches": 0,
    "osm_cliffs": 0,
    "osm_industrial": 0
   },
   "geometry": {
    "type": "Point",
    "coordinates": [
     10.755345441142728,
     58.522547170632684
    ]
   }
  },
  {
   "type": "Feature",
   "properties": {
    "timestamp": "2026-07-02T06:10:27.031926",
    "latitude": 56.964395879092585,
    "longitude": 17.364336969336403,
    "elevation": 0.0,
    "class_code": "COASTAL_SEA",
    "class_name": "\u041f\u0440\u0438\u0431\u0435\u0440\u0435\u0436\u044c\u0435 (\u043c\u043e\u0440\u0435)",
    "source_session": 10,
    "noaa_depth": -82.2776107788086,
    "noaa_type": "depth",
    "osm_piers": 0,
    "osm_lighthouses": 0,
    "osm_breakwaters": 0,
    "osm_harbors": 0,
    "osm_rivers": 0,
    "osm_lakes": 0,
    "osm_beaches": 0,
    "osm_cliffs": 0,
    "osm_industrial": 0
   },
   "geometry": {
    "type": "Point",
    "coordinates": [
     17.364336969336403,
     56.964395879092585
    ]
   }
  },
  {
   "type": "Feature",
   "properties": {
    "timestamp": "2026-07-02T06:12:06.647999",
    "latitude": 56.965685621310904,
    "longitude": 17.295169670079304,
    "elevation": 0.0,
    "class_code": "COASTAL_SEA",
    "class_name": "\u041f\u0440\u0438\u0431\u0435\u0440\u0435\u0436\u044c\u0435 (\u043c\u043e\u0440\u0435)",
    "source_session": 10,
    "noaa_depth": -67.39361572265625,
    "noaa_type": "depth",
    "osm_piers": 0,
    "osm_lighthouses": 0,
    "osm_breakwaters": 0,
    "osm_harbors": 0,
    "osm_rivers": 0,
    "osm_lakes": 0,
    "osm_beaches": 0,
    "osm_cliffs": 0,
    "osm_industrial": 0
   },
   "geometry": {
    "type": "Point",
    "coordinates": [
     17.295169670079304,
     56.965685621310904
    ]
   }
  },
  {
   "type": "Feature",
   "properties": {
    "timestamp": "2026-07-02T07:22:43.725826",
    "latitude": 58.527133491758136,
    "longitude": 10.307112059318484,
    "elevation": 0.0,
    "class_code": "OPEN_SEA",
    "class_name": "\u041e\u0442\u043a\u0440\u044b\u0442\u043e\u0435 \u043c\u043e\u0440\u0435",
    "source_session": 12,
    "noaa_depth": -333.59979248046875,
    "noaa_type": "depth",
    "osm_piers": 0,
    "osm_lighthouses": 0,
    "osm_breakwaters": 0,
    "osm_harbors": 0,
    "osm_rivers": 0,
    "osm_lakes": 0,
    "osm_beaches": 0,
    "osm_cliffs": 0,
    "osm_industrial": 0
   },
   "geometry": {
    "type": "Point",
    "coordinates": [
     10.307112059318484,
     58.527133491758136
    ]
   }
  },
  {
   "type": "Feature",
   "properties": {
    "timestamp": "2026-07-02T07:27:06.814402",
    "latitude": 58.528605148984894,
    "longitude": 10.511942371442958,
    "elevation": 0.0,
    "class_code": "OPEN_SEA",
    "class_name": "\u041e\u0442\u043a\u0440\u044b\u0442\u043e\u0435 \u043c\u043e\u0440\u0435",
    "source_session": 12,
    "noaa_depth": -187.8170166015625,
    "noaa_type": "depth",
    "osm_piers": 0,
    "osm_lighthouses": 0,
    "osm_breakwaters": 0,
    "osm_harbors": 0,
    "osm_rivers": 0,
    "osm_lakes": 0,
    "osm_beaches": 0,
    "osm_cliffs": 0,
    "osm_industrial": 0
   },
   "geometry": {
    "type": "Point",
    "coordinates": [
     10.511942371442958,
     58.528605148984894
    ]
   }
  },
  {
   "type": "Feature",
   "properties": {
    "timestamp": "2026-07-02T07:51:06.063174",
    "latitude": 58.52040500514725,
    "longitude": 10.020510413673824,
    "elevation": 0.0,
    "class_code": "OPEN_SEA",
    "class_name": "\u041e\u0442\u043a\u0440\u044b\u0442\u043e\u0435 \u043c\u043e\u0440\u0435",
    "source_session": 12,
    "noaa_depth": -546.0339813232324,
    "noaa_type": "depth",
    "osm_piers": 0,
    "osm_lighthouses": 0,
    "osm_breakwaters": 0,
    "osm_harbors": 0,
    "osm_rivers": 0,
    "osm_lakes": 0,
    "osm_beaches": 0,
    "osm_cliffs": 0,
    "osm_industrial": 0
   },
   "geometry": {
    "type": "Point",
    "coordinates": [
     10.020510413673824,
     58.52040500514725
    ]
   }
  },
  {
   "type": "Feature",
   "properties": {
    "timestamp": "2026-07-02T08:06:38.725891",
    "latitude": 58.5251366867072,
    "longitude": 10.566922830794619,
    "elevation": 0.0,
    "class_code": "OPEN_SEA",
    "class_name": "\u041e\u0442\u043a\u0440\u044b\u0442\u043e\u0435 \u043c\u043e\u0440\u0435",
    "source_session": 12,
    "noaa_depth": -170.92017745971924,
    "noaa_type": "depth",
    "osm_piers": 0,
    "osm_lighthouses": 0,
    "osm_breakwaters": 0,
    "osm_harbors": 0,
    "osm_rivers": 0,
    "osm_lakes": 0,
    "osm_beaches": 0,
    "osm_cliffs": 0,
    "osm_industrial": 0
   },
   "geometry": {
    "type": "Point",
    "coordinates": [
     10.566922830794619,
     58.5251366867072
    ]
   }
  },
  {
   "type": "Feature",
   "properties": {
    "timestamp": "2026-07-02T07:54:25.852311",
    "latitude": 58.521382362106145,
    "longitude": 10.144117903320616,
    "elevation": 0.0,
    "class_code": "OPEN_SEA",
    "class_name": "\u041e\u0442\u043a\u0440\u044b\u0442\u043e\u0435 \u043c\u043e\u0440\u0435",
    "source_session": 12,
    "noaa_depth": -446.1914978027344,
    "noaa_type": "depth",
    "osm_piers": 0,
    "osm_lighthouses": 0,
    "osm_breakwaters": 0,
    "osm_harbors": 0,
    "osm_rivers": 0,
    "osm_lakes": 0,
    "osm_beaches": 0,
    "osm_cliffs": 0,
    "osm_industrial": 0
   },
   "geometry": {
    "type": "Point",
    "coordinates": [
     10.144117903320616,
     58.521382362106145
    ]
   }
  },
  {
   "type": "Feature",
   "properties": {
    "timestamp": "2026-07-10T20:47:09.997573",
    "latitude": 53.9329301903129,
    "longitude": 14.997514100896861,
    "elevation": 39.0,
    "class_code": "NEAR_COAST",
    "class_name": "\u041f\u043e\u0431\u0435\u0440\u0435\u0436\u044c\u0435 (\u0441\u0443\u0448\u0430)",
    "source_session": 14,
    "noaa_depth": 31.610755920410156,
    "noaa_type": "height",
    "osm_piers": 0,
    "osm_lighthouses": 0,
    "osm_breakwaters": 0,
    "osm_harbors": 0,
    "osm_rivers": 0,
    "osm_lakes": 0,
    "osm_beaches": 0,
    "osm_cliffs": 0,
    "osm_industrial": 0
   },
   "geometry": {
    "type": "Point",
    "coordinates": [
     14.997514100896861,
     53.9329301903129
    ]
   }
  },
  {
   "type": "Feature",
   "properties": {
    "timestamp": "2026-07-02T08:08:08.138866",
    "latitude": 58.525215091514895,
    "longitude": 10.633582312939742,
    "elevation": 0.0,
    "class_code": "OPEN_SEA",
    "class_name": "\u041e\u0442\u043a\u0440\u044b\u0442\u043e\u0435 \u043c\u043e\u0440\u0435",
    "source_session": 12,
    "noaa_depth": -151.06981277465945,
    "noaa_type": "depth",
    "osm_piers": 0,
    "osm_lighthouses": 0,
    "osm_breakwaters": 0,
    "osm_harbors": 0,
    "osm_rivers": 0,
    "osm_lakes": 0,
    "osm_beaches": 0,
    "osm_cliffs": 0,
    "osm_industrial": 0
   },
   "geometry": {
    "type": "Point",
    "coordinates": [
     10.633582312939742,
     58.525215091514895
    ]
   }
  },
  {
   "type": "Feature",
   "properties": {
    "timestamp": "2026-07-01T19:32:17.606850",
    "latitude": 58.49232308683573,
    "longitude": 8.937462941682625,
    "elevation": 0.0,
    "class_code": "COASTAL_SEA",
    "class_name": "\u041f\u0440\u0438\u0431\u0435\u0440\u0435\u0436\u044c\u0435 (\u043c\u043e\u0440\u0435)",
    "source_session": 5,
    "noaa_depth": -45.496280670166016,
    "noaa_type": "depth",
    "osm_piers": 0,
    "osm_lighthouses": 0,
    "osm_breakwaters": 0,
    "osm_harbors": 0,
    "osm_rivers": 0,
    "osm_lakes": 0,
    "osm_beaches": 0,
    "osm_cliffs": 0,
    "osm_industrial": 0
   },
   "geometry": {
    "type": "Point",
    "coordinates": [
     8.937462941682625,
     58.49232308683573
    ]
   }
  },
  {
   "type": "Feature",
   "properties": {
    "timestamp": "2026-07-02T07:19:27.174764",
    "latitude": 58.52574696271978,
    "longitude": 10.171873655167698,
    "elevation": 0.0,
    "class_code": "OPEN_SEA",
    "class_name": "\u041e\u0442\u043a\u0440\u044b\u0442\u043e\u0435 \u043c\u043e\u0440\u0435",
    "source_session": 12,
    "noaa_depth": -405.52069091796875,
    "noaa_type": "depth",
    "osm_piers": 0,
    "osm_lighthouses": 0,
    "osm_breakwaters": 0,
    "osm_harbors": 0,
    "osm_rivers": 0,
    "osm_lakes": 0,
    "osm_beaches": 0,
    "osm_cliffs": 0,
    "osm_industrial": 0
   },
   "geometry": {
    "type": "Point",
    "coordinates": [
     10.171873655167698,
     58.52574696271978
    ]
   }
  },
  {
   "type": "Feature",
   "properties": {
    "timestamp": "2026-07-02T06:06:48.688651",
    "latitude": 56.947694420715386,
    "longitude": 17.492738121678347,
    "elevation": 0.0,
    "class_code": "OPEN_SEA",
    "class_name": "\u041e\u0442\u043a\u0440\u044b\u0442\u043e\u0435 \u043c\u043e\u0440\u0435",
    "source_session": 10,
    "noaa_depth": -100.93685913085938,
    "noaa_type": "depth",
    "osm_piers": 0,
    "osm_lighthouses": 0,
    "osm_breakwaters": 0,
    "osm_harbors": 0,
    "osm_rivers": 0,
    "osm_lakes": 0,
    "osm_beaches": 0,
    "osm_cliffs": 0,
    "osm_industrial": 0
   },
   "geometry": {
    "type": "Point",
    "coordinates": [
     17.492738121678347,
     56.947694420715386
    ]
   }
  },
  {
   "type": "Feature",
   "properties": {
    "timestamp": "2026-07-02T07:56:12.684959",
    "latitude": 58.523028988107946,
    "longitude": 10.213139235817557,
    "elevation": 0.0,
    "class_code": "OPEN_SEA",
    "class_name": "\u041e\u0442\u043a\u0440\u044b\u0442\u043e\u0435 \u043c\u043e\u0440\u0435",
    "source_session": 12,
    "noaa_depth": -401.7138977050781,
    "noaa_type": "depth",
    "osm_piers": 0,
    "osm_lighthouses": 0,
    "osm_breakwaters": 0,
    "osm_harbors": 0,
    "osm_rivers": 0,
    "osm_lakes": 0,
    "osm_beaches": 0,
    "osm_cliffs": 0,
    "osm_industrial": 0
   },
   "geometry": {
    "type": "Point",
    "coordinates": [
     10.213139235817557,
     58.523028988107946
    ]
   }
  },
  {
   "type": "Feature",
   "properties": {
    "timestamp": "2026-07-02T07:28:27.329706",
    "latitude": 58.528210921141856,
    "longitude": 10.5591943908315,
    "elevation": 0.0,
    "class_code": "OPEN_SEA",
    "class_name": "\u041e\u0442\u043a\u0440\u044b\u0442\u043e\u0435 \u043c\u043e\u0440\u0435",
    "source_session": 12,
    "noaa_depth": -176.57728576660156,
    "noaa_type": "depth",
    "osm_piers": 0,
    "osm_lighthouses": 0,
    "osm_breakwaters": 0,
    "osm_harbors": 0,
    "osm_rivers": 0,
    "osm_lakes": 0,
    "osm_beaches": 0,
    "osm_cliffs": 0,
    "osm_industrial": 0
   },
   "geometry": {
    "type": "Point",
    "coordinates": [
     10.5591943908315,
     58.528210921141856
    ]
   }
  },
  {
   "type": "Feature",
   "properties": {
    "timestamp": "2026-07-02T07:56:51.572897",
    "latitude": 58.523263879797554,
    "longitude": 10.235729326429837,
    "elevation": 0.0,
    "class_code": "OPEN_SEA",
    "class_name": "\u041e\u0442\u043a\u0440\u044b\u0442\u043e\u0435 \u043c\u043e\u0440\u0435",
    "source_session": 12,
    "noaa_depth": -377.9502868652344,
    "noaa_type": "depth",
    "osm_piers": 0,
    "osm_lighthouses": 0,
    "osm_breakwaters": 0,
    "osm_harbors": 0,
    "osm_rivers": 0,
    "osm_lakes": 0,
    "osm_beaches": 0,
    "osm_cliffs": 0,
    "osm_industrial": 0
   },
   "geometry": {
    "type": "Point",
    "coordinates": [
     10.235729326429837,
     58.523263879797554
    ]
   }
  },
  {
   "type": "Feature",
   "properties": {
    "timestamp": "2026-07-10T20:56:53.001867",
    "latitude": 56.69230130274769,
    "longitude": 14.106450127143406,
    "elevation": 149.0,
    "class_code": "COASTLINE",
    "class_name": "\u0421\u0443\u0448\u0430 \u0432\u0434\u0430\u043b\u0438 \u043e\u0442 \u043f\u043e\u0431\u0435\u0440\u0435\u0436\u044c\u044f",
    "source_session": 15,
    "noaa_depth": 138.35604858398438,
    "noaa_type": "height",
    "osm_piers": 0,
    "osm_lighthouses": 0,
    "osm_breakwaters": 0,
    "osm_harbors": 0,
    "osm_rivers": 0,
    "osm_lakes": 0,
    "osm_beaches": 0,
    "osm_cliffs": 0,
    "osm_industrial": 0
   },
   "geometry": {
    "type": "Point",
    "coordinates": [
     14.106450127143406,
     56.69230130274769
    ]
   }
  },
  {
   "type": "Feature",
   "properties": {
    "timestamp": "2026-07-03T14:05:30.347160",
    "latitude": 54.19227367467279,
    "longitude": 8.069758164239975,
    "elevation": 0.0,
    "class_code": "COASTAL_SEA",
    "class_name": "\u041f\u0440\u0438\u0431\u0435\u0440\u0435\u0436\u044c\u0435 (\u043c\u043e\u0440\u0435)",
    "source_session": 3,
    "noaa_depth": -26.92123031616211,
    "noaa_type": "depth",
    "osm_piers": 0,
    "osm_lighthouses": 0,
    "osm_breakwaters": 0,
    "osm_harbors": 0,
    "osm_rivers": 0,
    "osm_lakes": 0,
    "osm_beaches": 0,
    "osm_cliffs": 0,
    "osm_industrial": 0
   },
   "geometry": {
    "type": "Point",
    "coordinates": [
     8.069758164239975,
     54.19227367467279
    ]
   }
  },
  {
   "type": "Feature",
   "properties": {
    "timestamp": "2026-07-02T03:16:16.366352",
    "latitude": 54.07085024737921,
    "longitude": 11.451048084411891,
    "elevation": 0.0,
    "class_code": "COASTAL_SEA",
    "class_name": "\u041f\u0440\u0438\u0431\u0435\u0440\u0435\u0436\u044c\u0435 (\u043c\u043e\u0440\u0435)",
    "source_session": 9,
    "noaa_depth": -12.257638931274414,
    "noaa_type": "depth",
    "osm_piers": 0,
    "osm_lighthouses": 0,
    "osm_breakwaters": 0,
    "osm_harbors": 0,
    "osm_rivers": 0,
    "osm_lakes": 0,
    "osm_beaches": 0,
    "osm_cliffs": 0,
    "osm_industrial": 0
   },
   "geometry": {
    "type": "Point",
    "coordinates": [
     11.451048084411891,
     54.07085024737921
    ]
   }
  },
  {
   "type": "Feature",
   "properties": {
    "timestamp": "2026-07-02T07:33:41.313657",
    "latitude": 58.528349780118575,
    "longitude": 10.713960082219366,
    "elevation": 0.0,
    "class_code": "OPEN_SEA",
    "class_name": "\u041e\u0442\u043a\u0440\u044b\u0442\u043e\u0435 \u043c\u043e\u0440\u0435",
    "source_session": 12,
    "noaa_depth": -137.98634338378906,
    "noaa_type": "depth",
    "osm_piers": 0,
    "osm_lighthouses": 0,
    "osm_breakwaters": 0,
    "osm_harbors": 0,
    "osm_rivers": 0,
    "osm_lakes": 0,
    "osm_beaches": 0,
    "osm_cliffs": 0,
    "osm_industrial": 0
   },
   "geometry": {
    "type": "Point",
    "coordinates": [
     10.713960082219366,
     58.528349780118575
    ]
   }
  },
  {
   "type": "Feature",
   "properties": {
    "timestamp": "2026-07-02T06:10:19.015600",
    "latitude": 56.96443099063348,
    "longitude": 17.369872069587146,
    "elevation": 0.0,
    "class_code": "COASTAL_SEA",
    "class_name": "\u041f\u0440\u0438\u0431\u0435\u0440\u0435\u0436\u044c\u0435 (\u043c\u043e\u0440\u0435)",
    "source_session": 10,
    "noaa_depth": -83.33114624023438,
    "noaa_type": "depth",
    "osm_piers": 0,
    "osm_lighthouses": 0,
    "osm_breakwaters": 0,
    "osm_harbors": 0,
    "osm_rivers": 0,
    "osm_lakes": 0,
    "osm_beaches": 0,
    "osm_cliffs": 0,
    "osm_industrial": 0
   },
   "geometry": {
    "type": "Point",
    "coordinates": [
     17.369872069587146,
     56.96443099063348
    ]
   }
  },
  {
   "type": "Feature",
   "properties": {
    "timestamp": "2026-07-02T06:25:12.309612",
    "latitude": 56.970582261733114,
    "longitude": 16.882849439564417,
    "elevation": 0.0,
    "class_code": "COASTAL_SEA",
    "class_name": "\u041f\u0440\u0438\u0431\u0435\u0440\u0435\u0436\u044c\u0435 (\u043c\u043e\u0440\u0435)",
    "source_session": 10,
    "noaa_depth": -0.25000000000133227,
    "noaa_type": "depth",
    "osm_piers": 0,
    "osm_lighthouses": 0,
    "osm_breakwaters": 0,
    "osm_harbors": 0,
    "osm_rivers": 0,
    "osm_lakes": 0,
    "osm_beaches": 0,
    "osm_cliffs": 0,
    "osm_industrial": 0
   },
   "geometry": {
    "type": "Point",
    "coordinates": [
     16.882849439564417,
     56.970582261733114
    ]
   }
  },
  {
   "type": "Feature",
   "properties": {
    "timestamp": "2026-07-02T06:48:43.500683",
    "latitude": 56.96473391846947,
    "longitude": 17.06802153276336,
    "elevation": 0.0,
    "class_code": "COASTAL_SEA",
    "class_name": "\u041f\u0440\u0438\u0431\u0435\u0440\u0435\u0436\u044c\u0435 (\u043c\u043e\u0440\u0435)",
    "source_session": 10,
    "noaa_depth": -32.72079849243164,
    "noaa_type": "depth",
    "osm_piers": 0,
    "osm_lighthouses": 0,
    "osm_breakwaters": 0,
    "osm_harbors": 0,
    "osm_rivers": 0,
    "osm_lakes": 0,
    "osm_beaches": 0,
    "osm_cliffs": 0,
    "osm_industrial": 0
   },
   "geometry": {
    "type": "Point",
    "coordinates": [
     17.06802153276336,
     56.96473391846947
    ]
   }
  },
  {
   "type": "Feature",
   "properties": {
    "timestamp": "2026-07-02T06:09:53.278020",
    "latitude": 56.964119535026846,
    "longitude": 17.38619417759236,
    "elevation": 0.0,
    "class_code": "COASTAL_SEA",
    "class_name": "\u041f\u0440\u0438\u0431\u0435\u0440\u0435\u0436\u044c\u0435 (\u043c\u043e\u0440\u0435)",
    "source_session": 10,
    "noaa_depth": -88.22114562988281,
    "noaa_type": "depth",
    "osm_piers": 0,
    "osm_lighthouses": 0,
    "osm_breakwaters": 0,
    "osm_harbors": 0,
    "osm_rivers": 0,
    "osm_lakes": 0,
    "osm_beaches": 0,
    "osm_cliffs": 0,
    "osm_industrial": 0
   },
   "geometry": {
    "type": "Point",
    "coordinates": [
     17.38619417759236,
     56.964119535026846
    ]
   }
  },
  {
   "type": "Feature",
   "properties": {
    "timestamp": "2026-07-02T03:36:05.545917",
    "latitude": 54.072234416542464,
    "longitude": 11.254069883062606,
    "elevation": 0.0,
    "class_code": "COASTAL_SEA",
    "class_name": "\u041f\u0440\u0438\u0431\u0435\u0440\u0435\u0436\u044c\u0435 (\u043c\u043e\u0440\u0435)",
    "source_session": 9,
    "noaa_depth": -16.47282600402839,
    "noaa_type": "depth",
    "osm_piers": 0,
    "osm_lighthouses": 0,
    "osm_breakwaters": 0,
    "osm_harbors": 0,
    "osm_rivers": 0,
    "osm_lakes": 0,
    "osm_beaches": 0,
    "osm_cliffs": 0,
    "osm_industrial": 0
   },
   "geometry": {
    "type": "Point",
    "coordinates": [
     11.254069883062606,
     54.072234416542464
    ]
   }
  },
  {
   "type": "Feature",
   "properties": {
    "timestamp": "2026-07-02T07:39:17.094636",
    "latitude": 58.51640774253903,
    "longitude": 9.591802038702776,
    "elevation": 0.0,
    "class_code": "OPEN_SEA",
    "class_name": "\u041e\u0442\u043a\u0440\u044b\u0442\u043e\u0435 \u043c\u043e\u0440\u0435",
    "source_session": 12,
    "noaa_depth": -549.2438812255834,
    "noaa_type": "depth",
    "osm_piers": 0,
    "osm_lighthouses": 0,
    "osm_breakwaters": 0,
    "osm_harbors": 0,
    "osm_rivers": 0,
    "osm_lakes": 0,
    "osm_beaches": 0,
    "osm_cliffs": 0,
    "osm_industrial": 0
   },
   "geometry": {
    "type": "Point",
    "coordinates": [
     9.591802038702776,
     58.51640774253903
    ]
   }
  },
  {
   "type": "Feature",
   "properties": {
    "timestamp": "2026-07-02T07:25:11.717553",
    "latitude": 58.52803844505972,
    "longitude": 10.412672340705777,
    "elevation": 0.0,
    "class_code": "OPEN_SEA",
    "class_name": "\u041e\u0442\u043a\u0440\u044b\u0442\u043e\u0435 \u043c\u043e\u0440\u0435",
    "source_session": 12,
    "noaa_depth": -267.15611267089844,
    "noaa_type": "depth",
    "osm_piers": 0,
    "osm_lighthouses": 0,
    "osm_breakwaters": 0,
    "osm_harbors": 0,
    "osm_rivers": 0,
    "osm_lakes": 0,
    "osm_beaches": 0,
    "osm_cliffs": 0,
    "osm_industrial": 0
   },
   "geometry": {
    "type": "Point",
    "coordinates": [
     10.412672340705777,
     58.52803844505972
    ]
   }
  },
  {
   "type": "Feature",
   "properties": {
    "timestamp": "2026-07-10T20:48:30.526413",
    "latitude": 53.970278615074754,
    "longitude": 15.206854600291553,
    "elevation": 16.0,
    "class_code": "NEAR_COAST",
    "class_name": "\u041f\u043e\u0431\u0435\u0440\u0435\u0436\u044c\u0435 (\u0441\u0443\u0448\u0430)",
    "source_session": 14,
    "noaa_depth": 16.10653305053711,
    "noaa_type": "height",
    "osm_piers": 0,
    "osm_lighthouses": 0,
    "osm_breakwaters": 0,
    "osm_harbors": 0,
    "osm_rivers": 0,
    "osm_lakes": 0,
    "osm_beaches": 0,
    "osm_cliffs": 0,
    "osm_industrial": 0
   },
   "geometry": {
    "type": "Point",
    "coordinates": [
     15.206854600291553,
     53.970278615074754
    ]
   }
  },
  {
   "type": "Feature",
   "properties": {
    "timestamp": "2026-07-02T02:58:36.657720",
    "latitude": 54.06629300327413,
    "longitude": 11.271113058605218,
    "elevation": 0.0,
    "class_code": "COASTAL_SEA",
    "class_name": "\u041f\u0440\u0438\u0431\u0435\u0440\u0435\u0436\u044c\u0435 (\u043c\u043e\u0440\u0435)",
    "source_session": 9,
    "noaa_depth": -15.105708599092756,
    "noaa_type": "depth",
    "osm_piers": 0,
    "osm_lighthouses": 0,
    "osm_breakwaters": 0,
    "osm_harbors": 0,
    "osm_rivers": 0,
    "osm_lakes": 0,
    "osm_beaches": 0,
    "osm_cliffs": 0,
    "osm_industrial": 0
   },
   "geometry": {
    "type": "Point",
    "coordinates": [
     11.271113058605218,
     54.06629300327413
    ]
   }
  },
  {
   "type": "Feature",
   "properties": {
    "timestamp": "2026-07-02T05:56:47.868919",
    "latitude": 56.95368328404659,
    "longitude": 17.505517694749003,
    "elevation": 0.0,
    "class_code": "OPEN_SEA",
    "class_name": "\u041e\u0442\u043a\u0440\u044b\u0442\u043e\u0435 \u043c\u043e\u0440\u0435",
    "source_session": 10,
    "noaa_depth": -101.6095695495616,
    "noaa_type": "depth",
    "osm_piers": 0,
    "osm_lighthouses": 0,
    "osm_breakwaters": 0,
    "osm_harbors": 0,
    "osm_rivers": 0,
    "osm_lakes": 0,
    "osm_beaches": 0,
    "osm_cliffs": 0,
    "osm_industrial": 0
   },
   "geometry": {
    "type": "Point",
    "coordinates": [
     17.505517694749003,
     56.95368328404659
    ]
   }
  },
  {
   "type": "Feature",
   "properties": {
    "timestamp": "2026-07-02T12:19:51.926945",
    "latitude": 57.74775709636201,
    "longitude": 8.498482415205782,
    "elevation": 0.0,
    "class_code": "OPEN_SEA",
    "class_name": "\u041e\u0442\u043a\u0440\u044b\u0442\u043e\u0435 \u043c\u043e\u0440\u0435",
    "source_session": 5,
    "noaa_depth": -329.4148864746094,
    "noaa_type": "depth",
    "osm_piers": 0,
    "osm_lighthouses": 0,
    "osm_breakwaters": 0,
    "osm_harbors": 0,
    "osm_rivers": 0,
    "osm_lakes": 0,
    "osm_beaches": 0,
    "osm_cliffs": 0,
    "osm_industrial": 0
   },
   "geometry": {
    "type": "Point",
    "coordinates": [
     8.498482415205782,
     57.74775709636201
    ]
   }
  },
  {
   "type": "Feature",
   "properties": {
    "timestamp": "2026-07-02T06:07:15.119087",
    "latitude": 56.94749992940256,
    "longitude": 17.503464809666955,
    "elevation": 0.0,
    "class_code": "OPEN_SEA",
    "class_name": "\u041e\u0442\u043a\u0440\u044b\u0442\u043e\u0435 \u043c\u043e\u0440\u0435",
    "source_session": 10,
    "noaa_depth": -100.6645736694336,
    "noaa_type": "depth",
    "osm_piers": 0,
    "osm_lighthouses": 0,
    "osm_breakwaters": 0,
    "osm_harbors": 0,
    "osm_rivers": 0,
    "osm_lakes": 0,
    "osm_beaches": 0,
    "osm_cliffs": 0,
    "osm_industrial": 0
   },
   "geometry": {
    "type": "Point",
    "coordinates": [
     17.503464809666955,
     56.94749992940256
    ]
   }
  },
  {
   "type": "Feature",
   "properties": {
    "timestamp": "2026-07-02T03:41:54.171137",
    "latitude": 54.06854453560926,
    "longitude": 11.13273661034051,
    "elevation": 0.0,
    "class_code": "COASTAL_SEA",
    "class_name": "\u041f\u0440\u0438\u0431\u0435\u0440\u0435\u0436\u044c\u0435 (\u043c\u043e\u0440\u0435)",
    "source_session": 9,
    "noaa_depth": -23.25167465209961,
    "noaa_type": "depth",
    "osm_piers": 0,
    "osm_lighthouses": 0,
    "osm_breakwaters": 0,
    "osm_harbors": 0,
    "osm_rivers": 0,
    "osm_lakes": 0,
    "osm_beaches": 0,
    "osm_cliffs": 0,
    "osm_industrial": 0
   },
   "geometry": {
    "type": "Point",
    "coordinates": [
     11.13273661034051,
     54.06854453560926
    ]
   }
  },
  {
   "type": "Feature",
   "properties": {
    "timestamp": "2026-07-02T08:07:57.990526",
    "latitude": 58.525203890838796,
    "longitude": 10.62750674661219,
    "elevation": 0.0,
    "class_code": "OPEN_SEA",
    "class_name": "\u041e\u0442\u043a\u0440\u044b\u0442\u043e\u0435 \u043c\u043e\u0440\u0435",
    "source_session": 12,
    "noaa_depth": -153.60449218750307,
    "noaa_type": "depth",
    "osm_piers": 0,
    "osm_lighthouses": 0,
    "osm_breakwaters": 0,
    "osm_harbors": 0,
    "osm_rivers": 0,
    "osm_lakes": 0,
    "osm_beaches": 0,
    "osm_cliffs": 0,
    "osm_industrial": 0
   },
   "geometry": {
    "type": "Point",
    "coordinates": [
     10.62750674661219,
     58.525203890838796
    ]
   }
  },
  {
   "type": "Feature",
   "properties": {
    "timestamp": "2026-07-02T03:48:48.139570",
    "latitude": 54.05986377586735,
    "longitude": 10.908749338301607,
    "elevation": 0.0,
    "class_code": "COASTAL_SEA",
    "class_name": "\u041f\u0440\u0438\u0431\u0435\u0440\u0435\u0436\u044c\u0435 (\u043c\u043e\u0440\u0435)",
    "source_session": 9,
    "noaa_depth": -22.139073371887132,
    "noaa_type": "depth",
    "osm_piers": 0,
    "osm_lighthouses": 0,
    "osm_breakwaters": 0,
    "osm_harbors": 0,
    "osm_rivers": 0,
    "osm_lakes": 0,
    "osm_beaches": 0,
    "osm_cliffs": 0,
    "osm_industrial": 0
   },
   "geometry": {
    "type": "Point",
    "coordinates": [
     10.908749338301607,
     54.05986377586735
    ]
   }
  },
  {
   "type": "Feature",
   "properties": {
    "timestamp": "2026-07-02T07:11:00.493216",
    "latitude": 58.52248719988337,
    "longitude": 9.866657525417121,
    "elevation": 0.0,
    "class_code": "OPEN_SEA",
    "class_name": "\u041e\u0442\u043a\u0440\u044b\u0442\u043e\u0435 \u043c\u043e\u0440\u0435",
    "source_session": 12,
    "noaa_depth": -548.7840270996157,
    "noaa_type": "depth",
    "osm_piers": 0,
    "osm_lighthouses": 0,
    "osm_breakwaters": 0,
    "osm_harbors": 0,
    "osm_rivers": 0,
    "osm_lakes": 0,
    "osm_beaches": 0,
    "osm_cliffs": 0,
    "osm_industrial": 0
   },
   "geometry": {
    "type": "Point",
    "coordinates": [
     9.866657525417121,
     58.52248719988337
    ]
   }
  },
  {
   "type": "Feature",
   "properties": {
    "timestamp": "2026-07-02T07:34:54.211365",
    "latitude": 58.52856481317381,
    "longitude": 10.765720472381016,
    "elevation": 0.0,
    "class_code": "OPEN_SEA",
    "class_name": "\u041e\u0442\u043a\u0440\u044b\u0442\u043e\u0435 \u043c\u043e\u0440\u0435",
    "source_session": 12,
    "noaa_depth": -117.23033905029297,
    "noaa_type": "depth",
    "osm_piers": 0,
    "osm_lighthouses": 0,
    "osm_breakwaters": 0,
    "osm_harbors": 0,
    "osm_rivers": 0,
    "osm_lakes": 0,
    "osm_beaches": 0,
    "osm_cliffs": 0,
    "osm_industrial": 0
   },
   "geometry": {
    "type": "Point",
    "coordinates": [
     10.765720472381016,
     58.52856481317381
    ]
   }
  },
  {
   "type": "Feature",
   "properties": {
    "timestamp": "2026-07-01T18:29:01.744807",
    "latitude": 57.65126461784568,
    "longitude": 10.029825823376278,
    "elevation": 0.0,
    "class_code": "COASTAL_SEA",
    "class_name": "\u041f\u0440\u0438\u0431\u0435\u0440\u0435\u0436\u044c\u0435 (\u043c\u043e\u0440\u0435)",
    "source_session": 5,
    "noaa_depth": -17.766340255737305,
    "noaa_type": "depth",
    "osm_piers": 0,
    "osm_lighthouses": 0,
    "osm_breakwaters": 0,
    "osm_harbors": 0,
    "osm_rivers": 0,
    "osm_lakes": 0,
    "osm_beaches": 0,
    "osm_cliffs": 0,
    "osm_industrial": 0
   },
   "geometry": {
    "type": "Point",
    "coordinates": [
     10.029825823376278,
     57.65126461784568
    ]
   }
  },
  {
   "type": "Feature",
   "properties": {
    "timestamp": "2026-07-10T20:54:55.140334",
    "latitude": 56.568509808392804,
    "longitude": 14.001937226812357,
    "elevation": 155.0,
    "class_code": "COASTLINE",
    "class_name": "\u0421\u0443\u0448\u0430 \u0432\u0434\u0430\u043b\u0438 \u043e\u0442 \u043f\u043e\u0431\u0435\u0440\u0435\u0436\u044c\u044f",
    "source_session": 15,
    "noaa_depth": 151.73683166503906,
    "noaa_type": "height",
    "osm_piers": 0,
    "osm_lighthouses": 0,
    "osm_breakwaters": 0,
    "osm_harbors": 0,
    "osm_rivers": 0,
    "osm_lakes": 0,
    "osm_beaches": 0,
    "osm_cliffs": 0,
    "osm_industrial": 0
   },
   "geometry": {
    "type": "Point",
    "coordinates": [
     14.001937226812357,
     56.568509808392804
    ]
   }
  },
  {
   "type": "Feature",
   "properties": {
    "timestamp": "2026-07-03T01:13:01.532700",
    "latitude": 53.39591252876015,
    "longitude": 10.52805910873845,
    "elevation": 25.0,
    "class_code": "COASTLINE",
    "class_name": "\u0421\u0443\u0448\u0430 \u0432\u0434\u0430\u043b\u0438 \u043e\u0442 \u043f\u043e\u0431\u0435\u0440\u0435\u0436\u044c\u044f",
    "source_session": 11,
    "noaa_depth": 26.298911094665527,
    "noaa_type": "height",
    "osm_piers": 0,
    "osm_lighthouses": 0,
    "osm_breakwaters": 0,
    "osm_harbors": 0,
    "osm_rivers": 0,
    "osm_lakes": 0,
    "osm_beaches": 0,
    "osm_cliffs": 0,
    "osm_industrial": 0
   },
   "geometry": {
    "type": "Point",
    "coordinates": [
     10.52805910873845,
     53.39591252876015
    ]
   }
  },
  {
   "type": "Feature",
   "properties": {
    "timestamp": "2026-07-02T06:08:20.302053",
    "latitude": 56.947417965196905,
    "longitude": 17.555490461248358,
    "elevation": 0.0,
    "class_code": "COASTAL_SEA",
    "class_name": "\u041f\u0440\u0438\u0431\u0435\u0440\u0435\u0436\u044c\u0435 (\u043c\u043e\u0440\u0435)",
    "source_session": 10,
    "noaa_depth": -96.63337707519531,
    "noaa_type": "depth",
    "osm_piers": 0,
    "osm_lighthouses": 0,
    "osm_breakwaters": 0,
    "osm_harbors": 0,
    "osm_rivers": 0,
    "osm_lakes": 0,
    "osm_beaches": 0,
    "osm_cliffs": 0,
    "osm_industrial": 0
   },
   "geometry": {
    "type": "Point",
    "coordinates": [
     17.555490461248358,
     56.947417965196905
    ]
   }
  },
  {
   "type": "Feature",
   "properties": {
    "timestamp": "2026-07-02T07:49:49.206190",
    "latitude": 58.52007117768138,
    "longitude": 9.980772345573772,
    "elevation": 0.0,
    "class_code": "OPEN_SEA",
    "class_name": "\u041e\u0442\u043a\u0440\u044b\u0442\u043e\u0435 \u043c\u043e\u0440\u0435",
    "source_session": 12,
    "noaa_depth": -501.29290771484375,
    "noaa_type": "depth",
    "osm_piers": 0,
    "osm_lighthouses": 0,
    "osm_breakwaters": 0,
    "osm_harbors": 0,
    "osm_rivers": 0,
    "osm_lakes": 0,
    "osm_beaches": 0,
    "osm_cliffs": 0,
    "osm_industrial": 0
   },
   "geometry": {
    "type": "Point",
    "coordinates": [
     9.980772345573772,
     58.52007117768138
    ]
   }
  },
  {
   "type": "Feature",
   "properties": {
    "timestamp": "2026-07-02T03:55:58.630785",
    "latitude": 54.062451670984615,
    "longitude": 10.820954640262183,
    "elevation": 0.0,
    "class_code": "COASTAL_SEA",
    "class_name": "\u041f\u0440\u0438\u0431\u0435\u0440\u0435\u0436\u044c\u0435 (\u043c\u043e\u0440\u0435)",
    "source_session": 9,
    "noaa_depth": -16.318671941750566,
    "noaa_type": "depth",
    "osm_piers": 0,
    "osm_lighthouses": 0,
    "osm_breakwaters": 0,
    "osm_harbors": 0,
    "osm_rivers": 0,
    "osm_lakes": 0,
    "osm_beaches": 0,
    "osm_cliffs": 0,
    "osm_industrial": 0
   },
   "geometry": {
    "type": "Point",
    "coordinates": [
     10.820954640262183,
     54.062451670984615
    ]
   }
  },
  {
   "type": "Feature",
   "properties": {
    "timestamp": "2026-07-02T06:42:21.462014",
    "latitude": 56.95134721135867,
    "longitude": 17.419066062093403,
    "elevation": 0.0,
    "class_code": "COASTAL_SEA",
    "class_name": "\u041f\u0440\u0438\u0431\u0435\u0440\u0435\u0436\u044c\u0435 (\u043c\u043e\u0440\u0435)",
    "source_session": 10,
    "noaa_depth": -99.80017852783203,
    "noaa_type": "depth",
    "osm_piers": 0,
    "osm_lighthouses": 0,
    "osm_breakwaters": 0,
    "osm_harbors": 0,
    "osm_rivers": 0,
    "osm_lakes": 0,
    "osm_beaches": 0,
    "osm_cliffs": 0,
    "osm_industrial": 0
   },
   "geometry": {
    "type": "Point",
    "coordinates": [
     17.419066062093403,
     56.95134721135867
    ]
   }
  },
  {
   "type": "Feature",
   "properties": {
    "timestamp": "2026-07-10T20:53:18.870445",
    "latitude": 56.561401617820344,
    "longitude": 13.765868951937616,
    "elevation": 135.0,
    "class_code": "COASTLINE",
    "class_name": "\u0421\u0443\u0448\u0430 \u0432\u0434\u0430\u043b\u0438 \u043e\u0442 \u043f\u043e\u0431\u0435\u0440\u0435\u0436\u044c\u044f",
    "source_session": 15,
    "noaa_depth": 131.33102416992188,
    "noaa_type": "height",
    "osm_piers": 0,
    "osm_lighthouses": 0,
    "osm_breakwaters": 0,
    "osm_harbors": 0,
    "osm_rivers": 0,
    "osm_lakes": 0,
    "osm_beaches": 0,
    "osm_cliffs": 0,
    "osm_industrial": 0
   },
   "geometry": {
    "type": "Point",
    "coordinates": [
     13.765868951937616,
     56.561401617820344
    ]
   }
  },
  {
   "type": "Feature",
   "properties": {
    "timestamp": "2026-07-02T03:56:18.065325",
    "latitude": 54.06241641802804,
    "longitude": 10.83130242460805,
    "elevation": 0.0,
    "class_code": "COASTAL_SEA",
    "class_name": "\u041f\u0440\u0438\u0431\u0435\u0440\u0435\u0436\u044c\u0435 (\u043c\u043e\u0440\u0435)",
    "source_session": 9,
    "noaa_depth": -18.161171913147665,
    "noaa_type": "depth",
    "osm_piers": 0,
    "osm_lighthouses": 0,
    "osm_breakwaters": 0,
    "osm_harbors": 0,
    "osm_rivers": 0,
    "osm_lakes": 0,
    "osm_beaches": 0,
    "osm_cliffs": 0,
    "osm_industrial": 0
   },
   "geometry": {
    "type": "Point",
    "coordinates": [
     10.83130242460805,
     54.06241641802804
    ]
   }
  },
  {
   "type": "Feature",
   "properties": {
    "timestamp": "2026-07-02T06:31:04.789408",
    "latitude": 56.96598559969577,
    "longitude": 17.108195877677726,
    "elevation": 0.0,
    "class_code": "COASTAL_SEA",
    "class_name": "\u041f\u0440\u0438\u0431\u0435\u0440\u0435\u0436\u044c\u0435 (\u043c\u043e\u0440\u0435)",
    "source_session": 10,
    "noaa_depth": -50.1003303527832,
    "noaa_type": "depth",
    "osm_piers": 0,
    "osm_lighthouses": 0,
    "osm_breakwaters": 0,
    "osm_harbors": 0,
    "osm_rivers": 0,
    "osm_lakes": 0,
    "osm_beaches": 0,
    "osm_cliffs": 0,
    "osm_industrial": 0
   },
   "geometry": {
    "type": "Point",
    "coordinates": [
     17.108195877677726,
     56.96598559969577
    ]
   }
  },
  {
   "type": "Feature",
   "properties": {
    "timestamp": "2026-07-02T07:51:47.331852",
    "latitude": 58.52070758719621,
    "longitude": 10.045263386939759,
    "elevation": 0.0,
    "class_code": "OPEN_SEA",
    "class_name": "\u041e\u0442\u043a\u0440\u044b\u0442\u043e\u0435 \u043c\u043e\u0440\u0435",
    "source_session": 12,
    "noaa_depth": -529.7381896972656,
    "noaa_type": "depth",
    "osm_piers": 0,
    "osm_lighthouses": 0,
    "osm_breakwaters": 0,
    "osm_harbors": 0,
    "osm_rivers": 0,
    "osm_lakes": 0,
    "osm_beaches": 0,
    "osm_cliffs": 0,
    "osm_industrial": 0
   },
   "geometry": {
    "type": "Point",
    "coordinates": [
     10.045263386939759,
     58.52070758719621
    ]
   }
  },
  {
   "type": "Feature",
   "properties": {
    "timestamp": "2026-07-10T20:31:19.270687",
    "latitude": 55.61043366540136,
    "longitude": 13.669150242784635,
    "elevation": 33.0,
    "class_code": "NEAR_COAST",
    "class_name": "\u041f\u043e\u0431\u0435\u0440\u0435\u0436\u044c\u0435 (\u0441\u0443\u0448\u0430)",
    "source_session": 13,
    "noaa_depth": 34.504756927490234,
    "noaa_type": "height",
    "osm_piers": 0,
    "osm_lighthouses": 0,
    "osm_breakwaters": 0,
    "osm_harbors": 0,
    "osm_rivers": 0,
    "osm_lakes": 0,
    "osm_beaches": 0,
    "osm_cliffs": 0,
    "osm_industrial": 0
   },
   "geometry": {
    "type": "Point",
    "coordinates": [
     13.669150242784635,
     55.61043366540136
    ]
   }
  },
  {
   "type": "Feature",
   "properties": {
    "timestamp": "2026-07-02T03:49:22.159480",
    "latitude": 54.058496357096296,
    "longitude": 10.884661757313909,
    "elevation": 0.0,
    "class_code": "COASTAL_SEA",
    "class_name": "\u041f\u0440\u0438\u0431\u0435\u0440\u0435\u0436\u044c\u0435 (\u043c\u043e\u0440\u0435)",
    "source_session": 9,
    "noaa_depth": -21.450432777404963,
    "noaa_type": "depth",
    "osm_piers": 0,
    "osm_lighthouses": 0,
    "osm_breakwaters": 0,
    "osm_harbors": 0,
    "osm_rivers": 0,
    "osm_lakes": 0,
    "osm_beaches": 0,
    "osm_cliffs": 0,
    "osm_industrial": 0
   },
   "geometry": {
    "type": "Point",
    "coordinates": [
     10.884661757313909,
     54.058496357096296
    ]
   }
  },
  {
   "type": "Feature",
   "properties": {
    "timestamp": "2026-07-02T07:54:50.092479",
    "latitude": 58.52164000481749,
    "longitude": 10.161378522851924,
    "elevation": 0.0,
    "class_code": "OPEN_SEA",
    "class_name": "\u041e\u0442\u043a\u0440\u044b\u0442\u043e\u0435 \u043c\u043e\u0440\u0435",
    "source_session": 12,
    "noaa_depth": -468.10150146484375,
    "noaa_type": "depth",
    "osm_piers": 0,
    "osm_lighthouses": 0,
    "osm_breakwaters": 0,
    "osm_harbors": 0,
    "osm_rivers": 0,
    "osm_lakes": 0,
    "osm_beaches": 0,
    "osm_cliffs": 0,
    "osm_industrial": 0
   },
   "geometry": {
    "type": "Point",
    "coordinates": [
     10.161378522851924,
     58.52164000481749
    ]
   }
  },
  {
   "type": "Feature",
   "properties": {
    "timestamp": "2026-07-03T14:03:53.560505",
    "latitude": 54.4642541829725,
    "longitude": 8.385085869814516,
    "elevation": 0.0,
    "class_code": "COASTAL_SEA",
    "class_name": "\u041f\u0440\u0438\u0431\u0435\u0440\u0435\u0436\u044c\u0435 (\u043c\u043e\u0440\u0435)",
    "source_session": 3,
    "noaa_depth": -4.703069686889648,
    "noaa_type": "depth",
    "osm_piers": 0,
    "osm_lighthouses": 0,
    "osm_breakwaters": 0,
    "osm_harbors": 0,
    "osm_rivers": 0,
    "osm_lakes": 0,
    "osm_beaches": 0,
    "osm_cliffs": 0,
    "osm_industrial": 0
   },
   "geometry": {
    "type": "Point",
    "coordinates": [
     8.385085869814516,
     54.4642541829725
    ]
   }
  },
  {
   "type": "Feature",
   "properties": {
    "timestamp": "2026-07-02T07:15:24.231002",
    "latitude": 58.523903331357424,
    "longitude": 10.031753513035456,
    "elevation": 0.0,
    "class_code": "OPEN_SEA",
    "class_name": "\u041e\u0442\u043a\u0440\u044b\u0442\u043e\u0435 \u043c\u043e\u0440\u0435",
    "source_session": 12,
    "noaa_depth": -548.073974609375,
    "noaa_type": "depth",
    "osm_piers": 0,
    "osm_lighthouses": 0,
    "osm_breakwaters": 0,
    "osm_harbors": 0,
    "osm_rivers": 0,
    "osm_lakes": 0,
    "osm_beaches": 0,
    "osm_cliffs": 0,
    "osm_industrial": 0
   },
   "geometry": {
    "type": "Point",
    "coordinates": [
     10.031753513035456,
     58.523903331357424
    ]
   }
  },
  {
   "type": "Feature",
   "properties": {
    "timestamp": "2026-07-03T14:03:24.866348",
    "latitude": 55.33576092091436,
    "longitude": 8.25318382205297,
    "elevation": 0.0,
    "class_code": "COASTAL_SEA",
    "class_name": "\u041f\u0440\u0438\u0431\u0435\u0440\u0435\u0436\u044c\u0435 (\u043c\u043e\u0440\u0435)",
    "source_session": 3,
    "noaa_depth": -12.74915599822998,
    "noaa_type": "depth",
    "osm_piers": 0,
    "osm_lighthouses": 0,
    "osm_breakwaters": 0,
    "osm_harbors": 0,
    "osm_rivers": 0,
    "osm_lakes": 0,
    "osm_beaches": 0,
    "osm_cliffs": 0,
    "osm_industrial": 0
   },
   "geometry": {
    "type": "Point",
    "coordinates": [
     8.25318382205297,
     55.33576092091436
    ]
   }
  },
  {
   "type": "Feature",
   "properties": {
    "timestamp": "2026-07-02T02:43:58.996324",
    "latitude": 54.06301201020016,
    "longitude": 11.178865340128803,
    "elevation": 0.0,
    "class_code": "COASTAL_SEA",
    "class_name": "\u041f\u0440\u0438\u0431\u0435\u0440\u0435\u0436\u044c\u0435 (\u043c\u043e\u0440\u0435)",
    "source_session": 9,
    "noaa_depth": -21.999237060546875,
    "noaa_type": "depth",
    "osm_piers": 0,
    "osm_lighthouses": 0,
    "osm_breakwaters": 0,
    "osm_harbors": 0,
    "osm_rivers": 0,
    "osm_lakes": 0,
    "osm_beaches": 0,
    "osm_cliffs": 0,
    "osm_industrial": 0
   },
   "geometry": {
    "type": "Point",
    "coordinates": [
     11.178865340128803,
     54.06301201020016
    ]
   }
  },
  {
   "type": "Feature",
   "properties": {
    "timestamp": "2026-07-02T08:07:15.900914",
    "latitude": 58.52478946330942,
    "longitude": 10.59717185183888,
    "elevation": 0.0,
    "class_code": "OPEN_SEA",
    "class_name": "\u041e\u0442\u043a\u0440\u044b\u0442\u043e\u0435 \u043c\u043e\u0440\u0435",
    "source_session": 12,
    "noaa_depth": -163.23807525634913,
    "noaa_type": "depth",
    "osm_piers": 0,
    "osm_lighthouses": 0,
    "osm_breakwaters": 0,
    "osm_harbors": 0,
    "osm_rivers": 0,
    "osm_lakes": 0,
    "osm_beaches": 0,
    "osm_cliffs": 0,
    "osm_industrial": 0
   },
   "geometry": {
    "type": "Point",
    "coordinates": [
     10.59717185183888,
     58.52478946330942
    ]
   }
  },
  {
   "type": "Feature",
   "properties": {
    "timestamp": "2026-07-02T06:36:50.870848",
    "latitude": 56.96176056340733,
    "longitude": 17.337066292303476,
    "elevation": 0.0,
    "class_code": "COASTAL_SEA",
    "class_name": "\u041f\u0440\u0438\u0431\u0435\u0440\u0435\u0436\u044c\u0435 (\u043c\u043e\u0440\u0435)",
    "source_session": 10,
    "noaa_depth": -76.46760940551843,
    "noaa_type": "depth",
    "osm_piers": 0,
    "osm_lighthouses": 0,
    "osm_breakwaters": 0,
    "osm_harbors": 0,
    "osm_rivers": 0,
    "osm_lakes": 0,
    "osm_beaches": 0,
    "osm_cliffs": 0,
    "osm_industrial": 0
   },
   "geometry": {
    "type": "Point",
    "coordinates": [
     17.337066292303476,
     56.96176056340733
    ]
   }
  },
  {
   "type": "Feature",
   "properties": {
    "timestamp": "2026-07-02T02:49:18.856587",
    "latitude": 54.065650950292685,
    "longitude": 11.251598253687396,
    "elevation": 0.0,
    "class_code": "COASTAL_SEA",
    "class_name": "\u041f\u0440\u0438\u0431\u0435\u0440\u0435\u0436\u044c\u0435 (\u043c\u043e\u0440\u0435)",
    "source_session": 9,
    "noaa_depth": -16.81376838684082,
    "noaa_type": "depth",
    "osm_piers": 0,
    "osm_lighthouses": 0,
    "osm_breakwaters": 0,
    "osm_harbors": 0,
    "osm_rivers": 0,
    "osm_lakes": 0,
    "osm_beaches": 0,
    "osm_cliffs": 0,
    "osm_industrial": 0
   },
   "geometry": {
    "type": "Point",
    "coordinates": [
     11.251598253687396,
     54.065650950292685
    ]
   }
  },
  {
   "type": "Feature",
   "properties": {
    "timestamp": "2026-07-01T19:34:07.733446",
    "latitude": 56.91744585443438,
    "longitude": 8.302045048592408,
    "elevation": 0.0,
    "class_code": "COASTAL_SEA",
    "class_name": "\u041f\u0440\u0438\u0431\u0435\u0440\u0435\u0436\u044c\u0435 (\u043c\u043e\u0440\u0435)",
    "source_session": 5,
    "noaa_depth": -10.770613670349121,
    "noaa_type": "depth",
    "osm_piers": 0,
    "osm_lighthouses": 0,
    "osm_breakwaters": 0,
    "osm_harbors": 0,
    "osm_rivers": 0,
    "osm_lakes": 0,
    "osm_beaches": 0,
    "osm_cliffs": 0,
    "osm_industrial": 0
   },
   "geometry": {
    "type": "Point",
    "coordinates": [
     8.302045048592408,
     56.91744585443438
    ]
   }
  },
  {
   "type": "Feature",
   "properties": {
    "timestamp": "2026-07-03T14:03:31.216643",
    "latitude": 55.11651032813492,
    "longitude": 8.396077707127981,
    "elevation": 0.0,
    "class_code": "COASTAL_SEA",
    "class_name": "\u041f\u0440\u0438\u0431\u0435\u0440\u0435\u0436\u044c\u0435 (\u043c\u043e\u0440\u0435)",
    "source_session": 3,
    "noaa_depth": -4.8315680026984476,
    "noaa_type": "depth",
    "osm_piers": 0,
    "osm_lighthouses": 0,
    "osm_breakwaters": 0,
    "osm_harbors": 0,
    "osm_rivers": 0,
    "osm_lakes": 0,
    "osm_beaches": 0,
    "osm_cliffs": 0,
    "osm_industrial": 0
   },
   "geometry": {
    "type": "Point",
    "coordinates": [
     8.396077707127981,
     55.11651032813492
    ]
   }
  },
  {
   "type": "Feature",
   "properties": {
    "timestamp": "2026-07-10T20:50:11.895171",
    "latitude": 53.85137773512787,
    "longitude": 14.989040796469,
    "elevation": 27.0,
    "class_code": "NEAR_COAST",
    "class_name": "\u041f\u043e\u0431\u0435\u0440\u0435\u0436\u044c\u0435 (\u0441\u0443\u0448\u0430)",
    "source_session": 14,
    "noaa_depth": 26.14946746826172,
    "noaa_type": "height",
    "osm_piers": 0,
    "osm_lighthouses": 0,
    "osm_breakwaters": 0,
    "osm_harbors": 0,
    "osm_rivers": 0,
    "osm_lakes": 0,
    "osm_beaches": 0,
    "osm_cliffs": 0,
    "osm_industrial": 0
   },
   "geometry": {
    "type": "Point",
    "coordinates": [
     14.989040796469,
     53.85137773512787
    ]
   }
  },
  {
   "type": "Feature",
   "properties": {
    "timestamp": "2026-07-02T03:36:18.387413",
    "latitude": 54.07227973107006,
    "longitude": 11.244366151684334,
    "elevation": 0.0,
    "class_code": "COASTAL_SEA",
    "class_name": "\u041f\u0440\u0438\u0431\u0435\u0440\u0435\u0436\u044c\u0435 (\u043c\u043e\u0440\u0435)",
    "source_session": 9,
    "noaa_depth": -15.582826614379883,
    "noaa_type": "depth",
    "osm_piers": 0,
    "osm_lighthouses": 0,
    "osm_breakwaters": 0,
    "osm_harbors": 0,
    "osm_rivers": 0,
    "osm_lakes": 0,
    "osm_beaches": 0,
    "osm_cliffs": 0,
    "osm_industrial": 0
   },
   "geometry": {
    "type": "Point",
    "coordinates": [
     11.244366151684334,
     54.07227973107006
    ]
   }
  },
  {
   "type": "Feature",
   "properties": {
    "timestamp": "2026-07-02T07:52:21.611817",
    "latitude": 58.52081064647722,
    "longitude": 10.069157752037173,
    "elevation": 0.0,
    "class_code": "OPEN_SEA",
    "class_name": "\u041e\u0442\u043a\u0440\u044b\u0442\u043e\u0435 \u043c\u043e\u0440\u0435",
    "source_session": 12,
    "noaa_depth": -517.6508178710765,
    "noaa_type": "depth",
    "osm_piers": 0,
    "osm_lighthouses": 0,
    "osm_breakwaters": 0,
    "osm_harbors": 0,
    "osm_rivers": 0,
    "osm_lakes": 0,
    "osm_beaches": 0,
    "osm_cliffs": 0,
    "osm_industrial": 0
   },
   "geometry": {
    "type": "Point",
    "coordinates": [
     10.069157752037173,
     58.52081064647722
    ]
   }
  },
  {
   "type": "Feature",
   "properties": {
    "timestamp": "2026-07-02T08:03:56.661505",
    "latitude": 58.52533157834586,
    "longitude": 10.480705606867167,
    "elevation": 0.0,
    "class_code": "OPEN_SEA",
    "class_name": "\u041e\u0442\u043a\u0440\u044b\u0442\u043e\u0435 \u043c\u043e\u0440\u0435",
    "source_session": 12,
    "noaa_depth": -213.84754180908106,
    "noaa_type": "depth",
    "osm_piers": 0,
    "osm_lighthouses": 0,
    "osm_breakwaters": 0,
    "osm_harbors": 0,
    "osm_rivers": 0,
    "osm_lakes": 0,
    "osm_beaches": 0,
    "osm_cliffs": 0,
    "osm_industrial": 0
   },
   "geometry": {
    "type": "Point",
    "coordinates": [
     10.480705606867167,
     58.52533157834586
    ]
   }
  },
  {
   "type": "Feature",
   "properties": {
    "timestamp": "2026-07-02T05:58:43.045692",
    "latitude": 56.959483750413234,
    "longitude": 17.538487556105157,
    "elevation": 0.0,
    "class_code": "COASTAL_SEA",
    "class_name": "\u041f\u0440\u0438\u0431\u0435\u0440\u0435\u0436\u044c\u0435 (\u043c\u043e\u0440\u0435)",
    "source_session": 10,
    "noaa_depth": -97.83338165283203,
    "noaa_type": "depth",
    "osm_piers": 0,
    "osm_lighthouses": 0,
    "osm_breakwaters": 0,
    "osm_harbors": 0,
    "osm_rivers": 0,
    "osm_lakes": 0,
    "osm_beaches": 0,
    "osm_cliffs": 0,
    "osm_industrial": 0
   },
   "geometry": {
    "type": "Point",
    "coordinates": [
     17.538487556105157,
     56.959483750413234
    ]
   }
  },
  {
   "type": "Feature",
   "properties": {
    "timestamp": "2026-07-03T14:03:40.629680",
    "latitude": 54.88341531650462,
    "longitude": 8.231200147426039,
    "elevation": 0.0,
    "class_code": "COASTAL_SEA",
    "class_name": "\u041f\u0440\u0438\u0431\u0435\u0440\u0435\u0436\u044c\u0435 (\u043c\u043e\u0440\u0435)",
    "source_session": 3,
    "noaa_depth": -11.8635835647583,
    "noaa_type": "depth",
    "osm_piers": 0,
    "osm_lighthouses": 0,
    "osm_breakwaters": 0,
    "osm_harbors": 0,
    "osm_rivers": 0,
    "osm_lakes": 0,
    "osm_beaches": 0,
    "osm_cliffs": 0,
    "osm_industrial": 0
   },
   "geometry": {
    "type": "Point",
    "coordinates": [
     8.231200147426039,
     54.88341531650462
    ]
   }
  },
  {
   "type": "Feature",
   "properties": {
    "timestamp": "2026-07-02T08:01:16.189517",
    "latitude": 58.52468417554776,
    "longitude": 10.370207586061731,
    "elevation": 0.0,
    "class_code": "OPEN_SEA",
    "class_name": "\u041e\u0442\u043a\u0440\u044b\u0442\u043e\u0435 \u043c\u043e\u0440\u0435",
    "source_session": 12,
    "noaa_depth": -310.2217712402439,
    "noaa_type": "depth",
    "osm_piers": 0,
    "osm_lighthouses": 0,
    "osm_breakwaters": 0,
    "osm_harbors": 0,
    "osm_rivers": 0,
    "osm_lakes": 0,
    "osm_beaches": 0,
    "osm_cliffs": 0,
    "osm_industrial": 0
   },
   "geometry": {
    "type": "Point",
    "coordinates": [
     10.370207586061731,
     58.52468417554776
    ]
   }
  },
  {
   "type": "Feature",
   "properties": {
    "timestamp": "2026-07-02T07:30:23.350728",
    "latitude": 58.52838339637578,
    "longitude": 10.635299983167878,
    "elevation": 0.0,
    "class_code": "OPEN_SEA",
    "class_name": "\u041e\u0442\u043a\u0440\u044b\u0442\u043e\u0435 \u043c\u043e\u0440\u0435",
    "source_session": 12,
    "noaa_depth": -150.60513305664062,
    "noaa_type": "depth",
    "osm_piers": 0,
    "osm_lighthouses": 0,
    "osm_breakwaters": 0,
    "osm_harbors": 0,
    "osm_rivers": 0,
    "osm_lakes": 0,
    "osm_beaches": 0,
    "osm_cliffs": 0,
    "osm_industrial": 0
   },
   "geometry": {
    "type": "Point",
    "coordinates": [
     10.635299983167878,
     58.52838339637578
    ]
   }
  },
  {
   "type": "Feature",
   "properties": {
    "timestamp": "2026-07-10T20:27:46.330418",
    "latitude": 55.60596260824099,
    "longitude": 13.43588053005024,
    "elevation": 106.0,
    "class_code": "COASTLINE",
    "class_name": "\u0421\u0443\u0448\u0430 \u0432\u0434\u0430\u043b\u0438 \u043e\u0442 \u043f\u043e\u0431\u0435\u0440\u0435\u0436\u044c\u044f",
    "source_session": 13,
    "noaa_depth": 103.39476013183594,
    "noaa_type": "height",
    "osm_piers": 0,
    "osm_lighthouses": 0,
    "osm_breakwaters": 0,
    "osm_harbors": 0,
    "osm_rivers": 0,
    "osm_lakes": 0,
    "osm_beaches": 0,
    "osm_cliffs": 0,
    "osm_industrial": 0
   },
   "geometry": {
    "type": "Point",
    "coordinates": [
     13.43588053005024,
     55.60596260824099
    ]
   }
  },
  {
   "type": "Feature",
   "properties": {
    "timestamp": "2026-07-02T06:37:36.772212",
    "latitude": 56.95925567763931,
    "longitude": 17.324747476188612,
    "elevation": 0.0,
    "class_code": "COASTAL_SEA",
    "class_name": "\u041f\u0440\u0438\u0431\u0435\u0440\u0435\u0436\u044c\u0435 (\u043c\u043e\u0440\u0435)",
    "source_session": 10,
    "noaa_depth": -74.05049514770585,
    "noaa_type": "depth",
    "osm_piers": 0,
    "osm_lighthouses": 0,
    "osm_breakwaters": 0,
    "osm_harbors": 0,
    "osm_rivers": 0,
    "osm_lakes": 0,
    "osm_beaches": 0,
    "osm_cliffs": 0,
    "osm_industrial": 0
   },
   "geometry": {
    "type": "Point",
    "coordinates": [
     17.324747476188612,
     56.95925567763931
    ]
   }
  },
  {
   "type": "Feature",
   "properties": {
    "timestamp": "2026-07-02T07:58:51.912621",
    "latitude": 58.52392699032048,
    "longitude": 10.311663171308194,
    "elevation": 0.0,
    "class_code": "OPEN_SEA",
    "class_name": "\u041e\u0442\u043a\u0440\u044b\u0442\u043e\u0435 \u043c\u043e\u0440\u0435",
    "source_session": 12,
    "noaa_depth": -339.1697692871094,
    "noaa_type": "depth",
    "osm_piers": 0,
    "osm_lighthouses": 0,
    "osm_breakwaters": 0,
    "osm_harbors": 0,
    "osm_rivers": 0,
    "osm_lakes": 0,
    "osm_beaches": 0,
    "osm_cliffs": 0,
    "osm_industrial": 0
   },
   "geometry": {
    "type": "Point",
    "coordinates": [
     10.311663171308194,
     58.52392699032048
    ]
   }
  },
  {
   "type": "Feature",
   "properties": {
    "timestamp": "2026-07-02T03:22:02.971747",
    "latitude": 54.078818106524004,
    "longitude": 11.47690831860981,
    "elevation": 0.0,
    "class_code": "COASTAL_SEA",
    "class_name": "\u041f\u0440\u0438\u0431\u0435\u0440\u0435\u0436\u044c\u0435 (\u043c\u043e\u0440\u0435)",
    "source_session": 9,
    "noaa_depth": -7.543997049331665,
    "noaa_type": "depth",
    "osm_piers": 0,
    "osm_lighthouses": 0,
    "osm_breakwaters": 0,
    "osm_harbors": 0,
    "osm_rivers": 0,
    "osm_lakes": 0,
    "osm_beaches": 0,
    "osm_cliffs": 0,
    "osm_industrial": 0
   },
   "geometry": {
    "type": "Point",
    "coordinates": [
     11.47690831860981,
     54.078818106524004
    ]
   }
  },
  {
   "type": "Feature",
   "properties": {
    "timestamp": "2026-07-02T03:44:30.575621",
    "latitude": 54.064615462826076,
    "longitude": 11.04138313122234,
    "elevation": 0.0,
    "class_code": "COASTAL_SEA",
    "class_name": "\u041f\u0440\u0438\u0431\u0435\u0440\u0435\u0436\u044c\u0435 (\u043c\u043e\u0440\u0435)",
    "source_session": 9,
    "noaa_depth": -23.251543045043945,
    "noaa_type": "depth",
    "osm_piers": 0,
    "osm_lighthouses": 0,
    "osm_breakwaters": 0,
    "osm_harbors": 0,
    "osm_rivers": 0,
    "osm_lakes": 0,
    "osm_beaches": 0,
    "osm_cliffs": 0,
    "osm_industrial": 0
   },
   "geometry": {
    "type": "Point",
    "coordinates": [
     11.04138313122234,
     54.064615462826076
    ]
   }
  },
  {
   "type": "Feature",
   "properties": {
    "timestamp": "2026-07-02T07:41:11.173376",
    "latitude": 58.51683347244546,
    "longitude": 9.655868134207184,
    "elevation": 0.0,
    "class_code": "OPEN_SEA",
    "class_name": "\u041e\u0442\u043a\u0440\u044b\u0442\u043e\u0435 \u043c\u043e\u0440\u0435",
    "source_session": 12,
    "noaa_depth": -540.710205078125,
    "noaa_type": "depth",
    "osm_piers": 0,
    "osm_lighthouses": 0,
    "osm_breakwaters": 0,
    "osm_harbors": 0,
    "osm_rivers": 0,
    "osm_lakes": 0,
    "osm_beaches": 0,
    "osm_cliffs": 0,
    "osm_industrial": 0
   },
   "geometry": {
    "type": "Point",
    "coordinates": [
     9.655868134207184,
     58.51683347244546
    ]
   }
  },
  {
   "type": "Feature",
   "properties": {
    "timestamp": "2026-07-02T06:22:59.271449",
    "latitude": 56.9722905995462,
    "longitude": 16.93267389774882,
    "elevation": 0.0,
    "class_code": "COASTAL_SEA",
    "class_name": "\u041f\u0440\u0438\u0431\u0435\u0440\u0435\u0436\u044c\u0435 (\u043c\u043e\u0440\u0435)",
    "source_session": 10,
    "noaa_depth": -5.622580051422119,
    "noaa_type": "depth",
    "osm_piers": 0,
    "osm_lighthouses": 0,
    "osm_breakwaters": 0,
    "osm_harbors": 0,
    "osm_rivers": 0,
    "osm_lakes": 0,
    "osm_beaches": 0,
    "osm_cliffs": 0,
    "osm_industrial": 0
   },
   "geometry": {
    "type": "Point",
    "coordinates": [
     16.93267389774882,
     56.9722905995462
    ]
   }
  },
  {
   "type": "Feature",
   "properties": {
    "timestamp": "2026-07-02T07:05:18.027717",
    "latitude": 58.520353989788354,
    "longitude": 9.673964290214819,
    "elevation": 0.0,
    "class_code": "OPEN_SEA",
    "class_name": "\u041e\u0442\u043a\u0440\u044b\u0442\u043e\u0435 \u043c\u043e\u0440\u0435",
    "source_session": 12,
    "noaa_depth": -521.1755523681641,
    "noaa_type": "depth",
    "osm_piers": 0,
    "osm_lighthouses": 0,
    "osm_breakwaters": 0,
    "osm_harbors": 0,
    "osm_rivers": 0,
    "osm_lakes": 0,
    "osm_beaches": 0,
    "osm_cliffs": 0,
    "osm_industrial": 0
   },
   "geometry": {
    "type": "Point",
    "coordinates": [
     9.673964290214819,
     58.520353989788354
    ]
   }
  },
  {
   "type": "Feature",
   "properties": {
    "timestamp": "2026-07-02T06:30:46.843375",
    "latitude": 56.96640691802561,
    "longitude": 17.090517883078554,
    "elevation": 0.0,
    "class_code": "COASTAL_SEA",
    "class_name": "\u041f\u0440\u0438\u0431\u0435\u0440\u0435\u0436\u044c\u0435 (\u043c\u043e\u0440\u0435)",
    "source_session": 10,
    "noaa_depth": -46.88699150085767,
    "noaa_type": "depth",
    "osm_piers": 0,
    "osm_lighthouses": 0,
    "osm_breakwaters": 0,
    "osm_harbors": 0,
    "osm_rivers": 0,
    "osm_lakes": 0,
    "osm_beaches": 0,
    "osm_cliffs": 0,
    "osm_industrial": 0
   },
   "geometry": {
    "type": "Point",
    "coordinates": [
     17.090517883078554,
     56.96640691802561
    ]
   }
  },
  {
   "type": "Feature",
   "properties": {
    "timestamp": "2026-07-10T20:30:15.400099",
    "latitude": 55.6090889077224,
    "longitude": 13.609087841466248,
    "elevation": 39.0,
    "class_code": "NEAR_COAST",
    "class_name": "\u041f\u043e\u0431\u0435\u0440\u0435\u0436\u044c\u0435 (\u0441\u0443\u0448\u0430)",
    "source_session": 13,
    "noaa_depth": 36.21662139892578,
    "noaa_type": "height",
    "osm_piers": 0,
    "osm_lighthouses": 0,
    "osm_breakwaters": 0,
    "osm_harbors": 0,
    "osm_rivers": 0,
    "osm_lakes": 0,
    "osm_beaches": 0,
    "osm_cliffs": 0,
    "osm_industrial": 0
   },
   "geometry": {
    "type": "Point",
    "coordinates": [
     13.609087841466248,
     55.6090889077224
    ]
   }
  },
  {
   "type": "Feature",
   "properties": {
    "timestamp": "2026-07-02T07:32:44.637104",
    "latitude": 58.528282582014434,
    "longitude": 10.692792208018048,
    "elevation": 0.0,
    "class_code": "OPEN_SEA",
    "class_name": "\u041e\u0442\u043a\u0440\u044b\u0442\u043e\u0435 \u043c\u043e\u0440\u0435",
    "source_session": 12,
    "noaa_depth": -147.1276397705078,
    "noaa_type": "depth",
    "osm_piers": 0,
    "osm_lighthouses": 0,
    "osm_breakwaters": 0,
    "osm_harbors": 0,
    "osm_rivers": 0,
    "osm_lakes": 0,
    "osm_beaches": 0,
    "osm_cliffs": 0,
    "osm_industrial": 0
   },
   "geometry": {
    "type": "Point",
    "coordinates": [
     10.692792208018048,
     58.528282582014434
    ]
   }
  },
  {
   "type": "Feature",
   "properties": {
    "timestamp": "2026-07-02T03:15:23.305855",
    "latitude": 54.06978782388439,
    "longitude": 11.420777594935398,
    "elevation": 0.0,
    "class_code": "COASTAL_SEA",
    "class_name": "\u041f\u0440\u0438\u0431\u0435\u0440\u0435\u0436\u044c\u0435 (\u043c\u043e\u0440\u0435)",
    "source_session": 9,
    "noaa_depth": -9.424425601959063,
    "noaa_type": "depth",
    "osm_piers": 0,
    "osm_lighthouses": 0,
    "osm_breakwaters": 0,
    "osm_harbors": 0,
    "osm_rivers": 0,
    "osm_lakes": 0,
    "osm_beaches": 0,
    "osm_cliffs": 0,
    "osm_industrial": 0
   },
   "geometry": {
    "type": "Point",
    "coordinates": [
     11.420777594935398,
     54.06978782388439
    ]
   }
  },
  {
   "type": "Feature",
   "properties": {
    "timestamp": "2026-07-02T03:36:54.631551",
    "latitude": 54.07111412500305,
    "longitude": 11.220793813070681,
    "elevation": 0.0,
    "class_code": "COASTAL_SEA",
    "class_name": "\u041f\u0440\u0438\u0431\u0435\u0440\u0435\u0436\u044c\u0435 (\u043c\u043e\u0440\u0435)",
    "source_session": 9,
    "noaa_depth": -20.455149650573766,
    "noaa_type": "depth",
    "osm_piers": 0,
    "osm_lighthouses": 0,
    "osm_breakwaters": 0,
    "osm_harbors": 0,
    "osm_rivers": 0,
    "osm_lakes": 0,
    "osm_beaches": 0,
    "osm_cliffs": 0,
    "osm_industrial": 0
   },
   "geometry": {
    "type": "Point",
    "coordinates": [
     11.220793813070681,
     54.07111412500305
    ]
   }
  },
  {
   "type": "Feature",
   "properties": {
    "timestamp": "2026-07-02T07:53:50.010099",
    "latitude": 58.52093204292313,
    "longitude": 10.120459690977997,
    "elevation": 0.0,
    "class_code": "OPEN_SEA",
    "class_name": "\u041e\u0442\u043a\u0440\u044b\u0442\u043e\u0435 \u043c\u043e\u0440\u0435",
    "source_session": 12,
    "noaa_depth": -475.42060089111476,
    "noaa_type": "depth",
    "osm_piers": 0,
    "osm_lighthouses": 0,
    "osm_breakwaters": 0,
    "osm_harbors": 0,
    "osm_rivers": 0,
    "osm_lakes": 0,
    "osm_beaches": 0,
    "osm_cliffs": 0,
    "osm_industrial": 0
   },
   "geometry": {
    "type": "Point",
    "coordinates": [
     10.120459690977997,
     58.52093204292313
    ]
   }
  },
  {
   "type": "Feature",
   "properties": {
    "timestamp": "2026-07-02T06:47:48.980665",
    "latitude": 56.96463326611647,
    "longitude": 17.03275135907271,
    "elevation": 0.0,
    "class_code": "COASTAL_SEA",
    "class_name": "\u041f\u0440\u0438\u0431\u0435\u0440\u0435\u0436\u044c\u0435 (\u043c\u043e\u0440\u0435)",
    "source_session": 10,
    "noaa_depth": -23.199995040893555,
    "noaa_type": "depth",
    "osm_piers": 0,
    "osm_lighthouses": 0,
    "osm_breakwaters": 0,
    "osm_harbors": 0,
    "osm_rivers": 0,
    "osm_lakes": 0,
    "osm_beaches": 0,
    "osm_cliffs": 0,
    "osm_industrial": 0
   },
   "geometry": {
    "type": "Point",
    "coordinates": [
     17.03275135907271,
     56.96463326611647
    ]
   }
  },
  {
   "type": "Feature",
   "properties": {
    "timestamp": "2026-07-02T06:47:10.693366",
    "latitude": 56.965129502993776,
    "longitude": 17.002029407293474,
    "elevation": 0.0,
    "class_code": "COASTAL_SEA",
    "class_name": "\u041f\u0440\u0438\u0431\u0435\u0440\u0435\u0436\u044c\u0435 (\u043c\u043e\u0440\u0435)",
    "source_session": 10,
    "noaa_depth": -15.419994354248047,
    "noaa_type": "depth",
    "osm_piers": 0,
    "osm_lighthouses": 0,
    "osm_breakwaters": 0,
    "osm_harbors": 0,
    "osm_rivers": 0,
    "osm_lakes": 0,
    "osm_beaches": 0,
    "osm_cliffs": 0,
    "osm_industrial": 0
   },
   "geometry": {
    "type": "Point",
    "coordinates": [
     17.002029407293474,
     56.965129502993776
    ]
   }
  },
  {
   "type": "Feature",
   "properties": {
    "timestamp": "2026-07-02T05:57:29.428963",
    "latitude": 56.95342572437525,
    "longitude": 17.533643727418404,
    "elevation": 0.0,
    "class_code": "COASTAL_SEA",
    "class_name": "\u041f\u0440\u0438\u0431\u0435\u0440\u0435\u0436\u044c\u0435 (\u043c\u043e\u0440\u0435)",
    "source_session": 10,
    "noaa_depth": -96.22397613525396,
    "noaa_type": "depth",
    "osm_piers": 0,
    "osm_lighthouses": 0,
    "osm_breakwaters": 0,
    "osm_harbors": 0,
    "osm_rivers": 0,
    "osm_lakes": 0,
    "osm_beaches": 0,
    "osm_cliffs": 0,
    "osm_industrial": 0
   },
   "geometry": {
    "type": "Point",
    "coordinates": [
     17.533643727418404,
     56.95342572437525
    ]
   }
  },
  {
   "type": "Feature",
   "properties": {
    "timestamp": "2026-07-03T01:04:52.433843",
    "latitude": 53.24574328955895,
    "longitude": 9.098508738069203,
    "elevation": 31.0,
    "class_code": "COASTLINE",
    "class_name": "\u0421\u0443\u0448\u0430 \u0432\u0434\u0430\u043b\u0438 \u043e\u0442 \u043f\u043e\u0431\u0435\u0440\u0435\u0436\u044c\u044f",
    "source_session": 11,
    "noaa_depth": 33.04800033570256,
    "noaa_type": "height",
    "osm_piers": 0,
    "osm_lighthouses": 0,
    "osm_breakwaters": 0,
    "osm_harbors": 0,
    "osm_rivers": 0,
    "osm_lakes": 0,
    "osm_beaches": 0,
    "osm_cliffs": 0,
    "osm_industrial": 0
   },
   "geometry": {
    "type": "Point",
    "coordinates": [
     9.098508738069203,
     53.24574328955895
    ]
   }
  },
  {
   "type": "Feature",
   "properties": {
    "timestamp": "2026-07-02T06:07:49.074200",
    "latitude": 56.94772708640332,
    "longitude": 17.532727897814173,
    "elevation": 0.0,
    "class_code": "COASTAL_SEA",
    "class_name": "\u041f\u0440\u0438\u0431\u0435\u0440\u0435\u0436\u044c\u0435 (\u043c\u043e\u0440\u0435)",
    "source_session": 10,
    "noaa_depth": -96.01457214355469,
    "noaa_type": "depth",
    "osm_piers": 0,
    "osm_lighthouses": 0,
    "osm_breakwaters": 0,
    "osm_harbors": 0,
    "osm_rivers": 0,
    "osm_lakes": 0,
    "osm_beaches": 0,
    "osm_cliffs": 0,
    "osm_industrial": 0
   },
   "geometry": {
    "type": "Point",
    "coordinates": [
     17.532727897814173,
     56.94772708640332
    ]
   }
  },
  {
   "type": "Feature",
   "properties": {
    "timestamp": "2026-07-02T02:40:29.474372",
    "latitude": 54.05848870838726,
    "longitude": 11.041742529984528,
    "elevation": 0.0,
    "class_code": "COASTAL_SEA",
    "class_name": "\u041f\u0440\u0438\u0431\u0435\u0440\u0435\u0436\u044c\u0435 (\u043c\u043e\u0440\u0435)",
    "source_session": 9,
    "noaa_depth": -23.286542892456087,
    "noaa_type": "depth",
    "osm_piers": 0,
    "osm_lighthouses": 0,
    "osm_breakwaters": 0,
    "osm_harbors": 0,
    "osm_rivers": 0,
    "osm_lakes": 0,
    "osm_beaches": 0,
    "osm_cliffs": 0,
    "osm_industrial": 0
   },
   "geometry": {
    "type": "Point",
    "coordinates": [
     11.041742529984528,
     54.05848870838726
    ]
   }
  },
  {
   "type": "Feature",
   "properties": {
    "timestamp": "2026-07-03T13:58:16.290688",
    "latitude": 58.90577590146567,
    "longitude": 11.037060757684568,
    "elevation": 0.0,
    "class_code": "COASTAL_SEA",
    "class_name": "\u041f\u0440\u0438\u0431\u0435\u0440\u0435\u0436\u044c\u0435 (\u043c\u043e\u0440\u0435)",
    "source_session": 3,
    "noaa_depth": -22.002967834472656,
    "noaa_type": "depth",
    "osm_piers": 0,
    "osm_lighthouses": 0,
    "osm_breakwaters": 0,
    "osm_harbors": 0,
    "osm_rivers": 0,
    "osm_lakes": 0,
    "osm_beaches": 0,
    "osm_cliffs": 0,
    "osm_industrial": 0
   },
   "geometry": {
    "type": "Point",
    "coordinates": [
     11.037060757684568,
     58.90577590146567
    ]
   }
  },
  {
   "type": "Feature",
   "properties": {
    "timestamp": "2026-07-10T20:50:23.743603",
    "latitude": 53.84358199022916,
    "longitude": 14.988751149930087,
    "elevation": 24.0,
    "class_code": "NEAR_COAST",
    "class_name": "\u041f\u043e\u0431\u0435\u0440\u0435\u0436\u044c\u0435 (\u0441\u0443\u0448\u0430)",
    "source_session": 14,
    "noaa_depth": 26.179468154907227,
    "noaa_type": "height",
    "osm_piers": 0,
    "osm_lighthouses": 0,
    "osm_breakwaters": 0,
    "osm_harbors": 0,
    "osm_rivers": 0,
    "osm_lakes": 0,
    "osm_beaches": 0,
    "osm_cliffs": 0,
    "osm_industrial": 0
   },
   "geometry": {
    "type": "Point",
    "coordinates": [
     14.988751149930087,
     53.84358199022916
    ]
   }
  },
  {
   "type": "Feature",
   "properties": {
    "timestamp": "2026-07-02T07:21:41.017690",
    "latitude": 58.52686244920926,
    "longitude": 10.27171061453352,
    "elevation": 0.0,
    "class_code": "OPEN_SEA",
    "class_name": "\u041e\u0442\u043a\u0440\u044b\u0442\u043e\u0435 \u043c\u043e\u0440\u0435",
    "source_session": 12,
    "noaa_depth": -358.6888122558594,
    "noaa_type": "depth",
    "osm_piers": 0,
    "osm_lighthouses": 0,
    "osm_breakwaters": 0,
    "osm_harbors": 0,
    "osm_rivers": 0,
    "osm_lakes": 0,
    "osm_beaches": 0,
    "osm_cliffs": 0,
    "osm_industrial": 0
   },
   "geometry": {
    "type": "Point",
    "coordinates": [
     10.27171061453352,
     58.52686244920926
    ]
   }
  },
  {
   "type": "Feature",
   "properties": {
    "timestamp": "2026-07-02T06:37:49.934757",
    "latitude": 56.95951598111696,
    "longitude": 17.318958263780512,
    "elevation": 0.0,
    "class_code": "COASTAL_SEA",
    "class_name": "\u041f\u0440\u0438\u0431\u0435\u0440\u0435\u0436\u044c\u0435 (\u043c\u043e\u0440\u0435)",
    "source_session": 10,
    "noaa_depth": -72.97549438476562,
    "noaa_type": "depth",
    "osm_piers": 0,
    "osm_lighthouses": 0,
    "osm_breakwaters": 0,
    "osm_harbors": 0,
    "osm_rivers": 0,
    "osm_lakes": 0,
    "osm_beaches": 0,
    "osm_cliffs": 0,
    "osm_industrial": 0
   },
   "geometry": {
    "type": "Point",
    "coordinates": [
     17.318958263780512,
     56.95951598111696
    ]
   }
  },
  {
   "type": "Feature",
   "properties": {
    "timestamp": "2026-07-02T07:55:03.994685",
    "latitude": 58.52197605768432,
    "longitude": 10.173143223726498,
    "elevation": 0.0,
    "class_code": "OPEN_SEA",
    "class_name": "\u041e\u0442\u043a\u0440\u044b\u0442\u043e\u0435 \u043c\u043e\u0440\u0435",
    "source_session": 12,
    "noaa_depth": -419.15069580078125,
    "noaa_type": "depth",
    "osm_piers": 0,
    "osm_lighthouses": 0,
    "osm_breakwaters": 0,
    "osm_harbors": 0,
    "osm_rivers": 0,
    "osm_lakes": 0,
    "osm_beaches": 0,
    "osm_cliffs": 0,
    "osm_industrial": 0
   },
   "geometry": {
    "type": "Point",
    "coordinates": [
     10.173143223726498,
     58.52197605768432
    ]
   }
  },
  {
   "type": "Feature",
   "properties": {
    "timestamp": "2026-07-02T07:56:21.517121",
    "latitude": 58.52318580697046,
    "longitude": 10.218141380532476,
    "elevation": 0.0,
    "class_code": "OPEN_SEA",
    "class_name": "\u041e\u0442\u043a\u0440\u044b\u0442\u043e\u0435 \u043c\u043e\u0440\u0435",
    "source_session": 12,
    "noaa_depth": -390.69390869140625,
    "noaa_type": "depth",
    "osm_piers": 0,
    "osm_lighthouses": 0,
    "osm_breakwaters": 0,
    "osm_harbors": 0,
    "osm_rivers": 0,
    "osm_lakes": 0,
    "osm_beaches": 0,
    "osm_cliffs": 0,
    "osm_industrial": 0
   },
   "geometry": {
    "type": "Point",
    "coordinates": [
     10.218141380532476,
     58.52318580697046
    ]
   }
  },
  {
   "type": "Feature",
   "properties": {
    "timestamp": "2026-07-02T06:35:06.678476",
    "latitude": 56.963235323938434,
    "longitude": 17.271331613356892,
    "elevation": 0.0,
    "class_code": "COASTAL_SEA",
    "class_name": "\u041f\u0440\u0438\u0431\u0435\u0440\u0435\u0436\u044c\u0435 (\u043c\u043e\u0440\u0435)",
    "source_session": 10,
    "noaa_depth": -65.0886154174798,
    "noaa_type": "depth",
    "osm_piers": 0,
    "osm_lighthouses": 0,
    "osm_breakwaters": 0,
    "osm_harbors": 0,
    "osm_rivers": 0,
    "osm_lakes": 0,
    "osm_beaches": 0,
    "osm_cliffs": 0,
    "osm_industrial": 0
   },
   "geometry": {
    "type": "Point",
    "coordinates": [
     17.271331613356892,
     56.963235323938434
    ]
   }
  },
  {
   "type": "Feature",
   "properties": {
    "timestamp": "2026-07-02T07:37:52.324917",
    "latitude": 58.516392089306066,
    "longitude": 9.550867646078519,
    "elevation": 0.0,
    "class_code": "OPEN_SEA",
    "class_name": "\u041e\u0442\u043a\u0440\u044b\u0442\u043e\u0435 \u043c\u043e\u0440\u0435",
    "source_session": 12,
    "noaa_depth": -541.2694396972669,
    "noaa_type": "depth",
    "osm_piers": 0,
    "osm_lighthouses": 0,
    "osm_breakwaters": 0,
    "osm_harbors": 0,
    "osm_rivers": 0,
    "osm_lakes": 0,
    "osm_beaches": 0,
    "osm_cliffs": 0,
    "osm_industrial": 0
   },
   "geometry": {
    "type": "Point",
    "coordinates": [
     9.550867646078519,
     58.516392089306066
    ]
   }
  },
  {
   "type": "Feature",
   "properties": {
    "timestamp": "2026-07-10T20:31:30.150796",
    "latitude": 55.61091832406317,
    "longitude": 13.699334858532122,
    "elevation": 37.0,
    "class_code": "NEAR_COAST",
    "class_name": "\u041f\u043e\u0431\u0435\u0440\u0435\u0436\u044c\u0435 (\u0441\u0443\u0448\u0430)",
    "source_session": 13,
    "noaa_depth": 37.654754638671875,
    "noaa_type": "height",
    "osm_piers": 0,
    "osm_lighthouses": 0,
    "osm_breakwaters": 0,
    "osm_harbors": 0,
    "osm_rivers": 0,
    "osm_lakes": 0,
    "osm_beaches": 0,
    "osm_cliffs": 0,
    "osm_industrial": 0
   },
   "geometry": {
    "type": "Point",
    "coordinates": [
     13.699334858532122,
     55.61091832406317
    ]
   }
  },
  {
   "type": "Feature",
   "properties": {
    "timestamp": "2026-07-02T07:17:40.011440",
    "latitude": 58.524998781176585,
    "longitude": 10.123423718755136,
    "elevation": 0.0,
    "class_code": "OPEN_SEA",
    "class_name": "\u041e\u0442\u043a\u0440\u044b\u0442\u043e\u0435 \u043c\u043e\u0440\u0435",
    "source_session": 12,
    "noaa_depth": -468.4555969238172,
    "noaa_type": "depth",
    "osm_piers": 0,
    "osm_lighthouses": 0,
    "osm_breakwaters": 0,
    "osm_harbors": 0,
    "osm_rivers": 0,
    "osm_lakes": 0,
    "osm_beaches": 0,
    "osm_cliffs": 0,
    "osm_industrial": 0
   },
   "geometry": {
    "type": "Point",
    "coordinates": [
     10.123423718755136,
     58.524998781176585
    ]
   }
  },
  {
   "type": "Feature",
   "properties": {
    "timestamp": "2026-07-02T07:25:48.629282",
    "latitude": 58.528047404889584,
    "longitude": 10.442985767046775,
    "elevation": 0.0,
    "class_code": "OPEN_SEA",
    "class_name": "\u041e\u0442\u043a\u0440\u044b\u0442\u043e\u0435 \u043c\u043e\u0440\u0435",
    "source_session": 12,
    "noaa_depth": -244.94149780273438,
    "noaa_type": "depth",
    "osm_piers": 0,
    "osm_lighthouses": 0,
    "osm_breakwaters": 0,
    "osm_harbors": 0,
    "osm_rivers": 0,
    "osm_lakes": 0,
    "osm_beaches": 0,
    "osm_cliffs": 0,
    "osm_industrial": 0
   },
   "geometry": {
    "type": "Point",
    "coordinates": [
     10.442985767046775,
     58.528047404889584
    ]
   }
  },
  {
   "type": "Feature",
   "properties": {
    "timestamp": "2026-07-10T20:31:36.642841",
    "latitude": 55.61086985846652,
    "longitude": 13.71517856153472,
    "elevation": 44.0,
    "class_code": "NEAR_COAST",
    "class_name": "\u041f\u043e\u0431\u0435\u0440\u0435\u0436\u044c\u0435 (\u0441\u0443\u0448\u0430)",
    "source_session": 13,
    "noaa_depth": 41.44297790527344,
    "noaa_type": "height",
    "osm_piers": 0,
    "osm_lighthouses": 0,
    "osm_breakwaters": 0,
    "osm_harbors": 0,
    "osm_rivers": 0,
    "osm_lakes": 0,
    "osm_beaches": 0,
    "osm_cliffs": 0,
    "osm_industrial": 0
   },
   "geometry": {
    "type": "Point",
    "coordinates": [
     13.71517856153472,
     55.61086985846652
    ]
   }
  },
  {
   "type": "Feature",
   "properties": {
    "timestamp": "2026-07-10T20:38:09.365517",
    "latitude": 55.85939434453751,
    "longitude": 13.721425974905033,
    "elevation": 130.0,
    "class_code": "COASTLINE",
    "class_name": "\u0421\u0443\u0448\u0430 \u0432\u0434\u0430\u043b\u0438 \u043e\u0442 \u043f\u043e\u0431\u0435\u0440\u0435\u0436\u044c\u044f",
    "source_session": 13,
    "noaa_depth": 132.45404052734375,
    "noaa_type": "height",
    "osm_piers": 0,
    "osm_lighthouses": 0,
    "osm_breakwaters": 0,
    "osm_harbors": 0,
    "osm_rivers": 0,
    "osm_lakes": 0,
    "osm_beaches": 0,
    "osm_cliffs": 0,
    "osm_industrial": 0
   },
   "geometry": {
    "type": "Point",
    "coordinates": [
     13.721425974905033,
     55.85939434453751
    ]
   }
  },
  {
   "type": "Feature",
   "properties": {
    "timestamp": "2026-07-03T01:12:55.280828",
    "latitude": 53.572375672066855,
    "longitude": 10.46210808485766,
    "elevation": 48.0,
    "class_code": "COASTLINE",
    "class_name": "\u0421\u0443\u0448\u0430 \u0432\u0434\u0430\u043b\u0438 \u043e\u0442 \u043f\u043e\u0431\u0435\u0440\u0435\u0436\u044c\u044f",
    "source_session": 11,
    "noaa_depth": 50.31797790527257,
    "noaa_type": "height",
    "osm_piers": 0,
    "osm_lighthouses": 0,
    "osm_breakwaters": 0,
    "osm_harbors": 0,
    "osm_rivers": 0,
    "osm_lakes": 0,
    "osm_beaches": 0,
    "osm_cliffs": 0,
    "osm_industrial": 0
   },
   "geometry": {
    "type": "Point",
    "coordinates": [
     10.46210808485766,
     53.572375672066855
    ]
   }
  },
  {
   "type": "Feature",
   "properties": {
    "timestamp": "2026-07-02T07:25:18.873404",
    "latitude": 58.52800484572549,
    "longitude": 10.418683501736556,
    "elevation": 0.0,
    "class_code": "OPEN_SEA",
    "class_name": "\u041e\u0442\u043a\u0440\u044b\u0442\u043e\u0435 \u043c\u043e\u0440\u0435",
    "source_session": 12,
    "noaa_depth": -272.9961242675781,
    "noaa_type": "depth",
    "osm_piers": 0,
    "osm_lighthouses": 0,
    "osm_breakwaters": 0,
    "osm_harbors": 0,
    "osm_rivers": 0,
    "osm_lakes": 0,
    "osm_beaches": 0,
    "osm_cliffs": 0,
    "osm_industrial": 0
   },
   "geometry": {
    "type": "Point",
    "coordinates": [
     10.418683501736556,
     58.52800484572549
    ]
   }
  },
  {
   "type": "Feature",
   "properties": {
    "timestamp": "2026-07-02T05:43:19.112322",
    "latitude": 56.96272295684951,
    "longitude": 17.46453008925132,
    "elevation": 0.0,
    "class_code": "OPEN_SEA",
    "class_name": "\u041e\u0442\u043a\u0440\u044b\u0442\u043e\u0435 \u043c\u043e\u0440\u0435",
    "source_session": 10,
    "noaa_depth": -102.86834335327211,
    "noaa_type": "depth",
    "osm_piers": 0,
    "osm_lighthouses": 0,
    "osm_breakwaters": 0,
    "osm_harbors": 0,
    "osm_rivers": 0,
    "osm_lakes": 0,
    "osm_beaches": 0,
    "osm_cliffs": 0,
    "osm_industrial": 0
   },
   "geometry": {
    "type": "Point",
    "coordinates": [
     17.46453008925132,
     56.96272295684951
    ]
   }
  },
  {
   "type": "Feature",
   "properties": {
    "timestamp": "2026-07-10T20:49:41.556780",
    "latitude": 53.87258978178738,
    "longitude": 14.988803727874407,
    "elevation": 31.0,
    "class_code": "NEAR_COAST",
    "class_name": "\u041f\u043e\u0431\u0435\u0440\u0435\u0436\u044c\u0435 (\u0441\u0443\u0448\u0430)",
    "source_session": 14,
    "noaa_depth": 26.95288848876953,
    "noaa_type": "height",
    "osm_piers": 0,
    "osm_lighthouses": 0,
    "osm_breakwaters": 0,
    "osm_harbors": 0,
    "osm_rivers": 0,
    "osm_lakes": 0,
    "osm_beaches": 0,
    "osm_cliffs": 0,
    "osm_industrial": 0
   },
   "geometry": {
    "type": "Point",
    "coordinates": [
     14.988803727874407,
     53.87258978178738
    ]
   }
  },
  {
   "type": "Feature",
   "properties": {
    "timestamp": "2026-07-02T07:53:10.489422",
    "latitude": 58.52069862550204,
    "longitude": 10.114477612522965,
    "elevation": 0.0,
    "class_code": "OPEN_SEA",
    "class_name": "\u041e\u0442\u043a\u0440\u044b\u0442\u043e\u0435 \u043c\u043e\u0440\u0435",
    "source_session": 12,
    "noaa_depth": -478.3356018066365,
    "noaa_type": "depth",
    "osm_piers": 0,
    "osm_lighthouses": 0,
    "osm_breakwaters": 0,
    "osm_harbors": 0,
    "osm_rivers": 0,
    "osm_lakes": 0,
    "osm_beaches": 0,
    "osm_cliffs": 0,
    "osm_industrial": 0
   },
   "geometry": {
    "type": "Point",
    "coordinates": [
     10.114477612522965,
     58.52069862550204
    ]
   }
  },
  {
   "type": "Feature",
   "properties": {
    "timestamp": "2026-07-02T06:23:24.037352",
    "latitude": 56.97272120756622,
    "longitude": 16.915210441918994,
    "elevation": 0.0,
    "class_code": "COASTAL_SEA",
    "class_name": "\u041f\u0440\u0438\u0431\u0435\u0440\u0435\u0436\u044c\u0435 (\u043c\u043e\u0440\u0435)",
    "source_session": 10,
    "noaa_depth": -4.002580165863037,
    "noaa_type": "depth",
    "osm_piers": 0,
    "osm_lighthouses": 0,
    "osm_breakwaters": 0,
    "osm_harbors": 0,
    "osm_rivers": 0,
    "osm_lakes": 0,
    "osm_beaches": 0,
    "osm_cliffs": 0,
    "osm_industrial": 0
   },
   "geometry": {
    "type": "Point",
    "coordinates": [
     16.915210441918994,
     56.97272120756622
    ]
   }
  },
  {
   "type": "Feature",
   "properties": {
    "timestamp": "2026-07-02T07:08:06.102479",
    "latitude": 58.52138349531762,
    "longitude": 9.74590930784943,
    "elevation": 0.0,
    "class_code": "OPEN_SEA",
    "class_name": "\u041e\u0442\u043a\u0440\u044b\u0442\u043e\u0435 \u043c\u043e\u0440\u0435",
    "source_session": 12,
    "noaa_depth": -609.6106262207031,
    "noaa_type": "depth",
    "osm_piers": 0,
    "osm_lighthouses": 0,
    "osm_breakwaters": 0,
    "osm_harbors": 0,
    "osm_rivers": 0,
    "osm_lakes": 0,
    "osm_beaches": 0,
    "osm_cliffs": 0,
    "osm_industrial": 0
   },
   "geometry": {
    "type": "Point",
    "coordinates": [
     9.74590930784943,
     58.52138349531762
    ]
   }
  },
  {
   "type": "Feature",
   "properties": {
    "timestamp": "2026-07-02T02:34:49.020826",
    "latitude": 54.053156563758414,
    "longitude": 10.900791106123917,
    "elevation": 0.0,
    "class_code": "COASTAL_SEA",
    "class_name": "\u041f\u0440\u0438\u0431\u0435\u0440\u0435\u0436\u044c\u0435 (\u043c\u043e\u0440\u0435)",
    "source_session": 9,
    "noaa_depth": -22.194074630737305,
    "noaa_type": "depth",
    "osm_piers": 0,
    "osm_lighthouses": 0,
    "osm_breakwaters": 0,
    "osm_harbors": 0,
    "osm_rivers": 0,
    "osm_lakes": 0,
    "osm_beaches": 0,
    "osm_cliffs": 0,
    "osm_industrial": 0
   },
   "geometry": {
    "type": "Point",
    "coordinates": [
     10.900791106123917,
     54.053156563758414
    ]
   }
  },
  {
   "type": "Feature",
   "properties": {
    "timestamp": "2026-07-02T08:07:40.726324",
    "latitude": 58.5249686758149,
    "longitude": 10.615097992770016,
    "elevation": 0.0,
    "class_code": "OPEN_SEA",
    "class_name": "\u041e\u0442\u043a\u0440\u044b\u0442\u043e\u0435 \u043c\u043e\u0440\u0435",
    "source_session": 12,
    "noaa_depth": -156.94448852539426,
    "noaa_type": "depth",
    "osm_piers": 0,
    "osm_lighthouses": 0,
    "osm_breakwaters": 0,
    "osm_harbors": 0,
    "osm_rivers": 0,
    "osm_lakes": 0,
    "osm_beaches": 0,
    "osm_cliffs": 0,
    "osm_industrial": 0
   },
   "geometry": {
    "type": "Point",
    "coordinates": [
     10.615097992770016,
     58.5249686758149
    ]
   }
  },
  {
   "type": "Feature",
   "properties": {
    "timestamp": "2026-07-10T20:36:52.192050",
    "latitude": 55.763847151943,
    "longitude": 13.724792225086356,
    "elevation": 130.0,
    "class_code": "COASTLINE",
    "class_name": "\u0421\u0443\u0448\u0430 \u0432\u0434\u0430\u043b\u0438 \u043e\u0442 \u043f\u043e\u0431\u0435\u0440\u0435\u0436\u044c\u044f",
    "source_session": 13,
    "noaa_depth": 131.62202453613472,
    "noaa_type": "height",
    "osm_piers": 0,
    "osm_lighthouses": 0,
    "osm_breakwaters": 0,
    "osm_harbors": 0,
    "osm_rivers": 0,
    "osm_lakes": 0,
    "osm_beaches": 0,
    "osm_cliffs": 0,
    "osm_industrial": 0
   },
   "geometry": {
    "type": "Point",
    "coordinates": [
     13.724792225086356,
     55.763847151943
    ]
   }
  },
  {
   "type": "Feature",
   "properties": {
    "timestamp": "2026-07-02T05:57:58.317505",
    "latitude": 56.95336718783809,
    "longitude": 17.5506351979555,
    "elevation": 0.0,
    "class_code": "COASTAL_SEA",
    "class_name": "\u041f\u0440\u0438\u0431\u0435\u0440\u0435\u0436\u044c\u0435 (\u043c\u043e\u0440\u0435)",
    "source_session": 10,
    "noaa_depth": -96.62338256835938,
    "noaa_type": "depth",
    "osm_piers": 0,
    "osm_lighthouses": 0,
    "osm_breakwaters": 0,
    "osm_harbors": 0,
    "osm_rivers": 0,
    "osm_lakes": 0,
    "osm_beaches": 0,
    "osm_cliffs": 0,
    "osm_industrial": 0
   },
   "geometry": {
    "type": "Point",
    "coordinates": [
     17.5506351979555,
     56.95336718783809
    ]
   }
  },
  {
   "type": "Feature",
   "properties": {
    "timestamp": "2026-07-02T06:00:54.935910",
    "latitude": 56.95105127692309,
    "longitude": 17.442123275917993,
    "elevation": 0.0,
    "class_code": "OPEN_SEA",
    "class_name": "\u041e\u0442\u043a\u0440\u044b\u0442\u043e\u0435 \u043c\u043e\u0440\u0435",
    "source_session": 10,
    "noaa_depth": -101.30834197998038,
    "noaa_type": "depth",
    "osm_piers": 0,
    "osm_lighthouses": 0,
    "osm_breakwaters": 0,
    "osm_harbors": 0,
    "osm_rivers": 0,
    "osm_lakes": 0,
    "osm_beaches": 0,
    "osm_cliffs": 0,
    "osm_industrial": 0
   },
   "geometry": {
    "type": "Point",
    "coordinates": [
     17.442123275917993,
     56.95105127692309
    ]
   }
  },
  {
   "type": "Feature",
   "properties": {
    "timestamp": "2026-07-02T06:17:28.183296",
    "latitude": 56.968961532673276,
    "longitude": 17.12125525652957,
    "elevation": 0.0,
    "class_code": "COASTAL_SEA",
    "class_name": "\u041f\u0440\u0438\u0431\u0435\u0440\u0435\u0436\u044c\u0435 (\u043c\u043e\u0440\u0435)",
    "source_session": 10,
    "noaa_depth": -52.460229873657234,
    "noaa_type": "depth",
    "osm_piers": 0,
    "osm_lighthouses": 0,
    "osm_breakwaters": 0,
    "osm_harbors": 0,
    "osm_rivers": 0,
    "osm_lakes": 0,
    "osm_beaches": 0,
    "osm_cliffs": 0,
    "osm_industrial": 0
   },
   "geometry": {
    "type": "Point",
    "coordinates": [
     17.12125525652957,
     56.968961532673276
    ]
   }
  },
  {
   "type": "Feature",
   "properties": {
    "timestamp": "2026-07-02T06:21:27.581649",
    "latitude": 56.97140506132743,
    "longitude": 16.972359543671313,
    "elevation": 0.0,
    "class_code": "COASTAL_SEA",
    "class_name": "\u041f\u0440\u0438\u0431\u0435\u0440\u0435\u0436\u044c\u0435 (\u043c\u043e\u0440\u0435)",
    "source_session": 10,
    "noaa_depth": -13.475776672363281,
    "noaa_type": "depth",
    "osm_piers": 0,
    "osm_lighthouses": 0,
    "osm_breakwaters": 0,
    "osm_harbors": 0,
    "osm_rivers": 0,
    "osm_lakes": 0,
    "osm_beaches": 0,
    "osm_cliffs": 0,
    "osm_industrial": 0
   },
   "geometry": {
    "type": "Point",
    "coordinates": [
     16.972359543671313,
     56.97140506132743
    ]
   }
  },
  {
   "type": "Feature",
   "properties": {
    "timestamp": "2026-07-02T05:50:09.934258",
    "latitude": 56.95718940452134,
    "longitude": 17.443428933859035,
    "elevation": 0.0,
    "class_code": "OPEN_SEA",
    "class_name": "\u041e\u0442\u043a\u0440\u044b\u0442\u043e\u0435 \u043c\u043e\u0440\u0435",
    "source_session": 10,
    "noaa_depth": -101.8733444213867,
    "noaa_type": "depth",
    "osm_piers": 0,
    "osm_lighthouses": 0,
    "osm_breakwaters": 0,
    "osm_harbors": 0,
    "osm_rivers": 0,
    "osm_lakes": 0,
    "osm_beaches": 0,
    "osm_cliffs": 0,
    "osm_industrial": 0
   },
   "geometry": {
    "type": "Point",
    "coordinates": [
     17.443428933859035,
     56.95718940452134
    ]
   }
  },
  {
   "type": "Feature",
   "properties": {
    "timestamp": "2026-07-02T06:33:53.173882",
    "latitude": 56.96434709423132,
    "longitude": 17.22447589069682,
    "elevation": 0.0,
    "class_code": "COASTAL_SEA",
    "class_name": "\u041f\u0440\u0438\u0431\u0435\u0440\u0435\u0436\u044c\u0435 (\u043c\u043e\u0440\u0435)",
    "source_session": 10,
    "noaa_depth": -74.16634368896484,
    "noaa_type": "depth",
    "osm_piers": 0,
    "osm_lighthouses": 0,
    "osm_breakwaters": 0,
    "osm_harbors": 0,
    "osm_rivers": 0,
    "osm_lakes": 0,
    "osm_beaches": 0,
    "osm_cliffs": 0,
    "osm_industrial": 0
   },
   "geometry": {
    "type": "Point",
    "coordinates": [
     17.22447589069682,
     56.96434709423132
    ]
   }
  },
  {
   "type": "Feature",
   "properties": {
    "timestamp": "2026-07-02T03:46:11.866112",
    "latitude": 54.062311486493876,
    "longitude": 10.982860184901034,
    "elevation": 0.0,
    "class_code": "COASTAL_SEA",
    "class_name": "\u041f\u0440\u0438\u0431\u0435\u0440\u0435\u0436\u044c\u0435 (\u043c\u043e\u0440\u0435)",
    "source_session": 9,
    "noaa_depth": -22.635514736174475,
    "noaa_type": "depth",
    "osm_piers": 0,
    "osm_lighthouses": 0,
    "osm_breakwaters": 0,
    "osm_harbors": 0,
    "osm_rivers": 0,
    "osm_lakes": 0,
    "osm_beaches": 0,
    "osm_cliffs": 0,
    "osm_industrial": 0
   },
   "geometry": {
    "type": "Point",
    "coordinates": [
     10.982860184901034,
     54.062311486493876
    ]
   }
  },
  {
   "type": "Feature",
   "properties": {
    "timestamp": "2026-07-02T06:01:02.120088",
    "latitude": 56.95090843852605,
    "longitude": 17.44770128392261,
    "elevation": 0.0,
    "class_code": "OPEN_SEA",
    "class_name": "\u041e\u0442\u043a\u0440\u044b\u0442\u043e\u0435 \u043c\u043e\u0440\u0435",
    "source_session": 10,
    "noaa_depth": -101.13333892822266,
    "noaa_type": "depth",
    "osm_piers": 0,
    "osm_lighthouses": 0,
    "osm_breakwaters": 0,
    "osm_harbors": 0,
    "osm_rivers": 0,
    "osm_lakes": 0,
    "osm_beaches": 0,
    "osm_cliffs": 0,
    "osm_industrial": 0
   },
   "geometry": {
    "type": "Point",
    "coordinates": [
     17.44770128392261,
     56.95090843852605
    ]
   }
  },
  {
   "type": "Feature",
   "properties": {
    "timestamp": "2026-07-02T06:35:14.214887",
    "latitude": 56.963282140777174,
    "longitude": 17.277467422161973,
    "elevation": 0.0,
    "class_code": "COASTAL_SEA",
    "class_name": "\u041f\u0440\u0438\u0431\u0435\u0440\u0435\u0436\u044c\u0435 (\u043c\u043e\u0440\u0435)",
    "source_session": 10,
    "noaa_depth": -65.9836196899414,
    "noaa_type": "depth",
    "osm_piers": 0,
    "osm_lighthouses": 0,
    "osm_breakwaters": 0,
    "osm_harbors": 0,
    "osm_rivers": 0,
    "osm_lakes": 0,
    "osm_beaches": 0,
    "osm_cliffs": 0,
    "osm_industrial": 0
   },
   "geometry": {
    "type": "Point",
    "coordinates": [
     17.277467422161973,
     56.963282140777174
    ]
   }
  },
  {
   "type": "Feature",
   "properties": {
    "timestamp": "2026-07-03T13:58:54.068045",
    "latitude": 56.011397972793596,
    "longitude": 10.348729736957909,
    "elevation": 0.0,
    "class_code": "COASTAL_SEA",
    "class_name": "\u041f\u0440\u0438\u0431\u0435\u0440\u0435\u0436\u044c\u0435 (\u043c\u043e\u0440\u0435)",
    "source_session": 3,
    "noaa_depth": -13.854092597961426,
    "noaa_type": "depth",
    "osm_piers": 0,
    "osm_lighthouses": 0,
    "osm_breakwaters": 0,
    "osm_harbors": 0,
    "osm_rivers": 0,
    "osm_lakes": 0,
    "osm_beaches": 0,
    "osm_cliffs": 0,
    "osm_industrial": 0
   },
   "geometry": {
    "type": "Point",
    "coordinates": [
     10.348729736957909,
     56.011397972793596
    ]
   }
  },
  {
   "type": "Feature",
   "properties": {
    "timestamp": "2026-07-02T07:49:42.421358",
    "latitude": 58.52016079610151,
    "longitude": 9.975491111239558,
    "elevation": 0.0,
    "class_code": "OPEN_SEA",
    "class_name": "\u041e\u0442\u043a\u0440\u044b\u0442\u043e\u0435 \u043c\u043e\u0440\u0435",
    "source_session": 12,
    "noaa_depth": -529.2529296874854,
    "noaa_type": "depth",
    "osm_piers": 0,
    "osm_lighthouses": 0,
    "osm_breakwaters": 0,
    "osm_harbors": 0,
    "osm_rivers": 0,
    "osm_lakes": 0,
    "osm_beaches": 0,
    "osm_cliffs": 0,
    "osm_industrial": 0
   },
   "geometry": {
    "type": "Point",
    "coordinates": [
     9.975491111239558,
     58.52016079610151
    ]
   }
  },
  {
   "type": "Feature",
   "properties": {
    "timestamp": "2026-07-10T20:30:58.496848",
    "latitude": 55.60998555228306,
    "longitude": 13.638156098736635,
    "elevation": 33.0,
    "class_code": "NEAR_COAST",
    "class_name": "\u041f\u043e\u0431\u0435\u0440\u0435\u0436\u044c\u0435 (\u0441\u0443\u0448\u0430)",
    "source_session": 13,
    "noaa_depth": 32.78839874267578,
    "noaa_type": "height",
    "osm_piers": 0,
    "osm_lighthouses": 0,
    "osm_breakwaters": 0,
    "osm_harbors": 0,
    "osm_rivers": 0,
    "osm_lakes": 0,
    "osm_beaches": 0,
    "osm_cliffs": 0,
    "osm_industrial": 0
   },
   "geometry": {
    "type": "Point",
    "coordinates": [
     13.638156098736635,
     55.60998555228306
    ]
   }
  },
  {
   "type": "Feature",
   "properties": {
    "timestamp": "2026-07-02T02:34:35.836283",
    "latitude": 54.053030631978295,
    "longitude": 10.897957273066542,
    "elevation": 0.0,
    "class_code": "COASTAL_SEA",
    "class_name": "\u041f\u0440\u0438\u0431\u0435\u0440\u0435\u0436\u044c\u0435 (\u043c\u043e\u0440\u0435)",
    "source_session": 9,
    "noaa_depth": -22.010433197021484,
    "noaa_type": "depth",
    "osm_piers": 0,
    "osm_lighthouses": 0,
    "osm_breakwaters": 0,
    "osm_harbors": 0,
    "osm_rivers": 0,
    "osm_lakes": 0,
    "osm_beaches": 0,
    "osm_cliffs": 0,
    "osm_industrial": 0
   },
   "geometry": {
    "type": "Point",
    "coordinates": [
     10.897957273066542,
     54.053030631978295
    ]
   }
  },
  {
   "type": "Feature",
   "properties": {
    "timestamp": "2026-07-02T07:20:36.927836",
    "latitude": 58.526557573809136,
    "longitude": 10.223161156242897,
    "elevation": 0.0,
    "class_code": "OPEN_SEA",
    "class_name": "\u041e\u0442\u043a\u0440\u044b\u0442\u043e\u0435 \u043c\u043e\u0440\u0435",
    "source_session": 12,
    "noaa_depth": -386.95391845703125,
    "noaa_type": "depth",
    "osm_piers": 0,
    "osm_lighthouses": 0,
    "osm_breakwaters": 0,
    "osm_harbors": 0,
    "osm_rivers": 0,
    "osm_lakes": 0,
    "osm_beaches": 0,
    "osm_cliffs": 0,
    "osm_industrial": 0
   },
   "geometry": {
    "type": "Point",
    "coordinates": [
     10.223161156242897,
     58.526557573809136
    ]
   }
  },
  {
   "type": "Feature",
   "properties": {
    "timestamp": "2026-07-10T20:49:06.070528",
    "latitude": 53.90203168687676,
    "longitude": 14.98646822077453,
    "elevation": 17.0,
    "class_code": "NEAR_COAST",
    "class_name": "\u041f\u043e\u0431\u0435\u0440\u0435\u0436\u044c\u0435 (\u0441\u0443\u0448\u0430)",
    "source_session": 14,
    "noaa_depth": 18.82400131225586,
    "noaa_type": "height",
    "osm_piers": 0,
    "osm_lighthouses": 0,
    "osm_breakwaters": 0,
    "osm_harbors": 0,
    "osm_rivers": 0,
    "osm_lakes": 0,
    "osm_beaches": 0,
    "osm_cliffs": 0,
    "osm_industrial": 0
   },
   "geometry": {
    "type": "Point",
    "coordinates": [
     14.98646822077453,
     53.90203168687676
    ]
   }
  },
  {
   "type": "Feature",
   "properties": {
    "timestamp": "2026-07-02T07:43:49.129746",
    "latitude": 58.51834589218291,
    "longitude": 9.740840189063984,
    "elevation": 0.0,
    "class_code": "OPEN_SEA",
    "class_name": "\u041e\u0442\u043a\u0440\u044b\u0442\u043e\u0435 \u043c\u043e\u0440\u0435",
    "source_session": 12,
    "noaa_depth": -587.8056030273438,
    "noaa_type": "depth",
    "osm_piers": 0,
    "osm_lighthouses": 0,
    "osm_breakwaters": 0,
    "osm_harbors": 0,
    "osm_rivers": 0,
    "osm_lakes": 0,
    "osm_beaches": 0,
    "osm_cliffs": 0,
    "osm_industrial": 0
   },
   "geometry": {
    "type": "Point",
    "coordinates": [
     9.740840189063984,
     58.51834589218291
    ]
   }
  },
  {
   "type": "Feature",
   "properties": {
    "timestamp": "2026-07-02T07:06:58.494691",
    "latitude": 58.52083011720407,
    "longitude": 9.703938522795138,
    "elevation": 0.0,
    "class_code": "OPEN_SEA",
    "class_name": "\u041e\u0442\u043a\u0440\u044b\u0442\u043e\u0435 \u043c\u043e\u0440\u0435",
    "source_session": 12,
    "noaa_depth": -550.1179809570185,
    "noaa_type": "depth",
    "osm_piers": 0,
    "osm_lighthouses": 0,
    "osm_breakwaters": 0,
    "osm_harbors": 0,
    "osm_rivers": 0,
    "osm_lakes": 0,
    "osm_beaches": 0,
    "osm_cliffs": 0,
    "osm_industrial": 0
   },
   "geometry": {
    "type": "Point",
    "coordinates": [
     9.703938522795138,
     58.52083011720407
    ]
   }
  },
  {
   "type": "Feature",
   "properties": {
    "timestamp": "2026-07-02T06:24:35.733096",
    "latitude": 56.97352156357556,
    "longitude": 16.877279987487693,
    "elevation": 2.0,
    "class_code": "NEAR_COAST",
    "class_name": "\u041f\u043e\u0431\u0435\u0440\u0435\u0436\u044c\u0435 (\u0441\u0443\u0448\u0430)",
    "source_session": 10,
    "noaa_depth": 1.7300000190734863,
    "noaa_type": "height",
    "osm_piers": 0,
    "osm_lighthouses": 0,
    "osm_breakwaters": 0,
    "osm_harbors": 0,
    "osm_rivers": 0,
    "osm_lakes": 0,
    "osm_beaches": 0,
    "osm_cliffs": 0,
    "osm_industrial": 0
   },
   "geometry": {
    "type": "Point",
    "coordinates": [
     16.877279987487693,
     56.97352156357556
    ]
   }
  },
  {
   "type": "Feature",
   "properties": {
    "timestamp": "2026-07-02T05:51:09.303519",
    "latitude": 56.95699976497137,
    "longitude": 17.46114983621216,
    "elevation": 0.0,
    "class_code": "OPEN_SEA",
    "class_name": "\u041e\u0442\u043a\u0440\u044b\u0442\u043e\u0435 \u043c\u043e\u0440\u0435",
    "source_session": 10,
    "noaa_depth": -102.17333984375,
    "noaa_type": "depth",
    "osm_piers": 0,
    "osm_lighthouses": 0,
    "osm_breakwaters": 0,
    "osm_harbors": 0,
    "osm_rivers": 0,
    "osm_lakes": 0,
    "osm_beaches": 0,
    "osm_cliffs": 0,
    "osm_industrial": 0
   },
   "geometry": {
    "type": "Point",
    "coordinates": [
     17.46114983621216,
     56.95699976497137
    ]
   }
  },
  {
   "type": "Feature",
   "properties": {
    "timestamp": "2026-07-01T19:35:01.208251",
    "latitude": 54.12346999275319,
    "longitude": 8.782046666701921,
    "elevation": 0.0,
    "class_code": "COASTAL_SEA",
    "class_name": "\u041f\u0440\u0438\u0431\u0435\u0440\u0435\u0436\u044c\u0435 (\u043c\u043e\u0440\u0435)",
    "source_session": 5,
    "noaa_depth": -4.0,
    "noaa_type": "depth",
    "osm_piers": 0,
    "osm_lighthouses": 0,
    "osm_breakwaters": 0,
    "osm_harbors": 0,
    "osm_rivers": 0,
    "osm_lakes": 0,
    "osm_beaches": 0,
    "osm_cliffs": 0,
    "osm_industrial": 0
   },
   "geometry": {
    "type": "Point",
    "coordinates": [
     8.782046666701921,
     54.12346999275319
    ]
   }
  },
  {
   "type": "Feature",
   "properties": {
    "timestamp": "2026-07-02T07:27:20.971572",
    "latitude": 58.528284839193965,
    "longitude": 10.523707072317531,
    "elevation": 0.0,
    "class_code": "OPEN_SEA",
    "class_name": "\u041e\u0442\u043a\u0440\u044b\u0442\u043e\u0435 \u043c\u043e\u0440\u0435",
    "source_session": 12,
    "noaa_depth": -184.68701171875,
    "noaa_type": "depth",
    "osm_piers": 0,
    "osm_lighthouses": 0,
    "osm_breakwaters": 0,
    "osm_harbors": 0,
    "osm_rivers": 0,
    "osm_lakes": 0,
    "osm_beaches": 0,
    "osm_cliffs": 0,
    "osm_industrial": 0
   },
   "geometry": {
    "type": "Point",
    "coordinates": [
     10.523707072317531,
     58.528284839193965
    ]
   }
  },
  {
   "type": "Feature",
   "properties": {
    "timestamp": "2026-07-02T07:52:06.068767",
    "latitude": 58.52076583812582,
    "longitude": 10.056942214085286,
    "elevation": 0.0,
    "class_code": "OPEN_SEA",
    "class_name": "\u041e\u0442\u043a\u0440\u044b\u0442\u043e\u0435 \u043c\u043e\u0440\u0435",
    "source_session": 12,
    "noaa_depth": -513.8982086181641,
    "noaa_type": "depth",
    "osm_piers": 0,
    "osm_lighthouses": 0,
    "osm_breakwaters": 0,
    "osm_harbors": 0,
    "osm_rivers": 0,
    "osm_lakes": 0,
    "osm_beaches": 0,
    "osm_cliffs": 0,
    "osm_industrial": 0
   },
   "geometry": {
    "type": "Point",
    "coordinates": [
     10.056942214085286,
     58.52076583812582
    ]
   }
  },
  {
   "type": "Feature",
   "properties": {
    "timestamp": "2026-07-02T03:28:10.107005",
    "latitude": 54.07496830448335,
    "longitude": 11.344692429263786,
    "elevation": 0.0,
    "class_code": "COASTAL_SEA",
    "class_name": "\u041f\u0440\u0438\u0431\u0435\u0440\u0435\u0436\u044c\u0435 (\u043c\u043e\u0440\u0435)",
    "source_session": 9,
    "noaa_depth": -9.911474704742432,
    "noaa_type": "depth",
    "osm_piers": 0,
    "osm_lighthouses": 0,
    "osm_breakwaters": 0,
    "osm_harbors": 0,
    "osm_rivers": 0,
    "osm_lakes": 0,
    "osm_beaches": 0,
    "osm_cliffs": 0,
    "osm_industrial": 0
   },
   "geometry": {
    "type": "Point",
    "coordinates": [
     11.344692429263786,
     54.07496830448335
    ]
   }
  },
  {
   "type": "Feature",
   "properties": {
    "timestamp": "2026-07-02T06:38:59.720938",
    "latitude": 56.960087199556305,
    "longitude": 17.269674417696674,
    "elevation": 0.0,
    "class_code": "COASTAL_SEA",
    "class_name": "\u041f\u0440\u0438\u0431\u0435\u0440\u0435\u0436\u044c\u0435 (\u043c\u043e\u0440\u0435)",
    "source_session": 10,
    "noaa_depth": -66.66361999511719,
    "noaa_type": "depth",
    "osm_piers": 0,
    "osm_lighthouses": 0,
    "osm_breakwaters": 0,
    "osm_harbors": 0,
    "osm_rivers": 0,
    "osm_lakes": 0,
    "osm_beaches": 0,
    "osm_cliffs": 0,
    "osm_industrial": 0
   },
   "geometry": {
    "type": "Point",
    "coordinates": [
     17.269674417696674,
     56.960087199556305
    ]
   }
  },
  {
   "type": "Feature",
   "properties": {
    "timestamp": "2026-07-02T05:52:53.613141",
    "latitude": 56.956288411660054,
    "longitude": 17.51902668851642,
    "elevation": 0.0,
    "class_code": "OPEN_SEA",
    "class_name": "\u041e\u0442\u043a\u0440\u044b\u0442\u043e\u0435 \u043c\u043e\u0440\u0435",
    "source_session": 10,
    "noaa_depth": -101.4145736694336,
    "noaa_type": "depth",
    "osm_piers": 0,
    "osm_lighthouses": 0,
    "osm_breakwaters": 0,
    "osm_harbors": 0,
    "osm_rivers": 0,
    "osm_lakes": 0,
    "osm_beaches": 0,
    "osm_cliffs": 0,
    "osm_industrial": 0
   },
   "geometry": {
    "type": "Point",
    "coordinates": [
     17.51902668851642,
     56.956288411660054
    ]
   }
  },
  {
   "type": "Feature",
   "properties": {
    "timestamp": "2026-07-02T02:33:21.272771",
    "latitude": 54.052300226593154,
    "longitude": 10.876709355163198,
    "elevation": 0.0,
    "class_code": "COASTAL_SEA",
    "class_name": "\u041f\u0440\u0438\u0431\u0435\u0440\u0435\u0436\u044c\u0435 (\u043c\u043e\u0440\u0435)",
    "source_session": 9,
    "noaa_depth": -21.230432510375977,
    "noaa_type": "depth",
    "osm_piers": 0,
    "osm_lighthouses": 0,
    "osm_breakwaters": 0,
    "osm_harbors": 0,
    "osm_rivers": 0,
    "osm_lakes": 0,
    "osm_beaches": 0,
    "osm_cliffs": 0,
    "osm_industrial": 0
   },
   "geometry": {
    "type": "Point",
    "coordinates": [
     10.876709355163198,
     54.052300226593154
    ]
   }
  },
  {
   "type": "Feature",
   "properties": {
    "timestamp": "2026-07-02T06:13:44.983104",
    "latitude": 56.96653996316035,
    "longitude": 17.239883029202907,
    "elevation": 0.0,
    "class_code": "COASTAL_SEA",
    "class_name": "\u041f\u0440\u0438\u0431\u0435\u0440\u0435\u0436\u044c\u0435 (\u043c\u043e\u0440\u0435)",
    "source_session": 10,
    "noaa_depth": -69.45063400268396,
    "noaa_type": "depth",
    "osm_piers": 0,
    "osm_lighthouses": 0,
    "osm_breakwaters": 0,
    "osm_harbors": 0,
    "osm_rivers": 0,
    "osm_lakes": 0,
    "osm_beaches": 0,
    "osm_cliffs": 0,
    "osm_industrial": 0
   },
   "geometry": {
    "type": "Point",
    "coordinates": [
     17.239883029202907,
     56.96653996316035
    ]
   }
  },
  {
   "type": "Feature",
   "properties": {
    "timestamp": "2026-07-02T06:28:59.792716",
    "latitude": 56.967675525552934,
    "longitude": 17.00324351168342,
    "elevation": 0.0,
    "class_code": "COASTAL_SEA",
    "class_name": "\u041f\u0440\u0438\u0431\u0435\u0440\u0435\u0436\u044c\u0435 (\u043c\u043e\u0440\u0435)",
    "source_session": 10,
    "noaa_depth": -17.743499755859375,
    "noaa_type": "depth",
    "osm_piers": 0,
    "osm_lighthouses": 0,
    "osm_breakwaters": 0,
    "osm_harbors": 0,
    "osm_rivers": 0,
    "osm_lakes": 0,
    "osm_beaches": 0,
    "osm_cliffs": 0,
    "osm_industrial": 0
   },
   "geometry": {
    "type": "Point",
    "coordinates": [
     17.00324351168342,
     56.967675525552934
    ]
   }
  },
  {
   "type": "Feature",
   "properties": {
    "timestamp": "2026-07-02T08:12:25.812197",
    "latitude": 58.52583130436542,
    "longitude": 10.821322227117617,
    "elevation": 0.0,
    "class_code": "OPEN_SEA",
    "class_name": "\u041e\u0442\u043a\u0440\u044b\u0442\u043e\u0435 \u043c\u043e\u0440\u0435",
    "source_session": 12,
    "noaa_depth": -100.69749069213867,
    "noaa_type": "depth",
    "osm_piers": 0,
    "osm_lighthouses": 0,
    "osm_breakwaters": 0,
    "osm_harbors": 0,
    "osm_rivers": 0,
    "osm_lakes": 0,
    "osm_beaches": 0,
    "osm_cliffs": 0,
    "osm_industrial": 0
   },
   "geometry": {
    "type": "Point",
    "coordinates": [
     10.821322227117617,
     58.52583130436542
    ]
   }
  },
  {
   "type": "Feature",
   "properties": {
    "timestamp": "2026-07-03T14:05:26.806522",
    "latitude": 54.21154744506491,
    "longitude": 8.361041853046688,
    "elevation": 0.0,
    "class_code": "COASTAL_SEA",
    "class_name": "\u041f\u0440\u0438\u0431\u0435\u0440\u0435\u0436\u044c\u0435 (\u043c\u043e\u0440\u0435)",
    "source_session": 3,
    "noaa_depth": -12.351318359375,
    "noaa_type": "depth",
    "osm_piers": 0,
    "osm_lighthouses": 0,
    "osm_breakwaters": 0,
    "osm_harbors": 0,
    "osm_rivers": 0,
    "osm_lakes": 0,
    "osm_beaches": 0,
    "osm_cliffs": 0,
    "osm_industrial": 0
   },
   "geometry": {
    "type": "Point",
    "coordinates": [
     8.361041853046688,
     54.21154744506491
    ]
   }
  },
  {
   "type": "Feature",
   "properties": {
    "timestamp": "2026-07-02T03:41:47.351504",
    "latitude": 54.06839347340358,
    "longitude": 11.137996376242452,
    "elevation": 0.0,
    "class_code": "COASTAL_SEA",
    "class_name": "\u041f\u0440\u0438\u0431\u0435\u0440\u0435\u0436\u044c\u0435 (\u043c\u043e\u0440\u0435)",
    "source_session": 9,
    "noaa_depth": -23.23747444152832,
    "noaa_type": "depth",
    "osm_piers": 0,
    "osm_lighthouses": 0,
    "osm_breakwaters": 0,
    "osm_harbors": 0,
    "osm_rivers": 0,
    "osm_lakes": 0,
    "osm_beaches": 0,
    "osm_cliffs": 0,
    "osm_industrial": 0
   },
   "geometry": {
    "type": "Point",
    "coordinates": [
     11.137996376242452,
     54.06839347340358
    ]
   }
  },
  {
   "type": "Feature",
   "properties": {
    "timestamp": "2026-07-02T05:47:52.528042",
    "latitude": 56.95977268429591,
    "longitude": 17.48393788400269,
    "elevation": 0.0,
    "class_code": "OPEN_SEA",
    "class_name": "\u041e\u0442\u043a\u0440\u044b\u0442\u043e\u0435 \u043c\u043e\u0440\u0435",
    "source_session": 10,
    "noaa_depth": -103.34686279296875,
    "noaa_type": "depth",
    "osm_piers": 0,
    "osm_lighthouses": 0,
    "osm_breakwaters": 0,
    "osm_harbors": 0,
    "osm_rivers": 0,
    "osm_lakes": 0,
    "osm_beaches": 0,
    "osm_cliffs": 0,
    "osm_industrial": 0
   },
   "geometry": {
    "type": "Point",
    "coordinates": [
     17.48393788400269,
     56.95977268429591
    ]
   }
  },
  {
   "type": "Feature",
   "properties": {
    "timestamp": "2026-07-02T06:38:41.908557",
    "latitude": 56.96007783537701,
    "longitude": 17.28261110549196,
    "elevation": 0.0,
    "class_code": "COASTAL_SEA",
    "class_name": "\u041f\u0440\u0438\u0431\u0435\u0440\u0435\u0436\u044c\u0435 (\u043c\u043e\u0440\u0435)",
    "source_session": 10,
    "noaa_depth": -68.4336166381836,
    "noaa_type": "depth",
    "osm_piers": 0,
    "osm_lighthouses": 0,
    "osm_breakwaters": 0,
    "osm_harbors": 0,
    "osm_rivers": 0,
    "osm_lakes": 0,
    "osm_beaches": 0,
    "osm_cliffs": 0,
    "osm_industrial": 0
   },
   "geometry": {
    "type": "Point",
    "coordinates": [
     17.28261110549196,
     56.96007783537701
    ]
   }
  },
  {
   "type": "Feature",
   "properties": {
    "timestamp": "2026-07-02T07:55:46.752952",
    "latitude": 58.52265934087254,
    "longitude": 10.195706868828236,
    "elevation": 0.0,
    "class_code": "OPEN_SEA",
    "class_name": "\u041e\u0442\u043a\u0440\u044b\u0442\u043e\u0435 \u043c\u043e\u0440\u0435",
    "source_session": 12,
    "noaa_depth": -402.4456787109375,
    "noaa_type": "depth",
    "osm_piers": 0,
    "osm_lighthouses": 0,
    "osm_breakwaters": 0,
    "osm_harbors": 0,
    "osm_rivers": 0,
    "osm_lakes": 0,
    "osm_beaches": 0,
    "osm_cliffs": 0,
    "osm_industrial": 0
   },
   "geometry": {
    "type": "Point",
    "coordinates": [
     10.195706868828236,
     58.52265934087254
    ]
   }
  },
  {
   "type": "Feature",
   "properties": {
    "timestamp": "2026-07-02T03:14:08.459029",
    "latitude": 54.06899980024902,
    "longitude": 11.385547897608449,
    "elevation": 0.0,
    "class_code": "COASTAL_SEA",
    "class_name": "\u041f\u0440\u0438\u0431\u0435\u0440\u0435\u0436\u044c\u0435 (\u043c\u043e\u0440\u0435)",
    "source_session": 9,
    "noaa_depth": -12.006438255310059,
    "noaa_type": "depth",
    "osm_piers": 0,
    "osm_lighthouses": 0,
    "osm_breakwaters": 0,
    "osm_harbors": 0,
    "osm_rivers": 0,
    "osm_lakes": 0,
    "osm_beaches": 0,
    "osm_cliffs": 0,
    "osm_industrial": 0
   },
   "geometry": {
    "type": "Point",
    "coordinates": [
     11.385547897608449,
     54.06899980024902
    ]
   }
  },
  {
   "type": "Feature",
   "properties": {
    "timestamp": "2026-07-02T11:55:25.301599",
    "latitude": 61.22272796572973,
    "longitude": 8.153219546934329,
    "elevation": 0.0,
    "class_code": "COASTLINE",
    "class_name": "\u0421\u0443\u0448\u0430 \u0432\u0434\u0430\u043b\u0438 \u043e\u0442 \u043f\u043e\u0431\u0435\u0440\u0435\u0436\u044c\u044f",
    "source_session": 5,
    "noaa_depth": 1338.4432373046875,
    "noaa_type": "height",
    "osm_piers": 0,
    "osm_lighthouses": 0,
    "osm_breakwaters": 0,
    "osm_harbors": 0,
    "osm_rivers": 0,
    "osm_lakes": 0,
    "osm_beaches": 0,
    "osm_cliffs": 0,
    "osm_industrial": 0
   },
   "geometry": {
    "type": "Point",
    "coordinates": [
     8.153219546934329,
     61.22272796572973
    ]
   }
  },
  {
   "type": "Feature",
   "properties": {
    "timestamp": "2026-07-02T06:40:18.807363",
    "latitude": 56.96194038957958,
    "longitude": 17.367212333756285,
    "elevation": 0.0,
    "class_code": "COASTAL_SEA",
    "class_name": "\u041f\u0440\u0438\u0431\u0435\u0440\u0435\u0436\u044c\u0435 (\u043c\u043e\u0440\u0435)",
    "source_session": 10,
    "noaa_depth": -84.51114654541016,
    "noaa_type": "depth",
    "osm_piers": 0,
    "osm_lighthouses": 0,
    "osm_breakwaters": 0,
    "osm_harbors": 0,
    "osm_rivers": 0,
    "osm_lakes": 0,
    "osm_beaches": 0,
    "osm_cliffs": 0,
    "osm_industrial": 0
   },
   "geometry": {
    "type": "Point",
    "coordinates": [
     17.367212333756285,
     56.96194038957958
    ]
   }
  },
  {
   "type": "Feature",
   "properties": {
    "timestamp": "2026-07-10T20:31:07.755092",
    "latitude": 55.610058252294905,
    "longitude": 13.653398685636143,
    "elevation": 32.0,
    "class_code": "NEAR_COAST",
    "class_name": "\u041f\u043e\u0431\u0435\u0440\u0435\u0436\u044c\u0435 (\u0441\u0443\u0448\u0430)",
    "source_session": 13,
    "noaa_depth": 33.88840103149414,
    "noaa_type": "height",
    "osm_piers": 0,
    "osm_lighthouses": 0,
    "osm_breakwaters": 0,
    "osm_harbors": 0,
    "osm_rivers": 0,
    "osm_lakes": 0,
    "osm_beaches": 0,
    "osm_cliffs": 0,
    "osm_industrial": 0
   },
   "geometry": {
    "type": "Point",
    "coordinates": [
     13.653398685636143,
     55.610058252294905
    ]
   }
  },
  {
   "type": "Feature",
   "properties": {
    "timestamp": "2026-07-01T19:34:19.814398",
    "latitude": 55.527788874284575,
    "longitude": 8.123768817981817,
    "elevation": 0.0,
    "class_code": "COASTAL_SEA",
    "class_name": "\u041f\u0440\u0438\u0431\u0435\u0440\u0435\u0436\u044c\u0435 (\u043c\u043e\u0440\u0435)",
    "source_session": 5,
    "noaa_depth": -3.4082574844360356,
    "noaa_type": "depth",
    "osm_piers": 0,
    "osm_lighthouses": 0,
    "osm_breakwaters": 0,
    "osm_harbors": 0,
    "osm_rivers": 0,
    "osm_lakes": 0,
    "osm_beaches": 0,
    "osm_cliffs": 0,
    "osm_industrial": 0
   },
   "geometry": {
    "type": "Point",
    "coordinates": [
     8.123768817981817,
     55.527788874284575
    ]
   }
  },
  {
   "type": "Feature",
   "properties": {
    "timestamp": "2026-07-02T07:54:33.450048",
    "latitude": 58.52162880299981,
    "longitude": 10.150236406512677,
    "elevation": 0.0,
    "class_code": "OPEN_SEA",
    "class_name": "\u041e\u0442\u043a\u0440\u044b\u0442\u043e\u0435 \u043c\u043e\u0440\u0435",
    "source_session": 12,
    "noaa_depth": -451.4964904785156,
    "noaa_type": "depth",
    "osm_piers": 0,
    "osm_lighthouses": 0,
    "osm_breakwaters": 0,
    "osm_harbors": 0,
    "osm_rivers": 0,
    "osm_lakes": 0,
    "osm_beaches": 0,
    "osm_cliffs": 0,
    "osm_industrial": 0
   },
   "geometry": {
    "type": "Point",
    "coordinates": [
     10.150236406512677,
     58.52162880299981
    ]
   }
  },
  {
   "type": "Feature",
   "properties": {
    "timestamp": "2026-07-02T07:29:13.891625",
    "latitude": 58.5282825992679,
    "longitude": 10.594252340700395,
    "elevation": 0.0,
    "class_code": "OPEN_SEA",
    "class_name": "\u041e\u0442\u043a\u0440\u044b\u0442\u043e\u0435 \u043c\u043e\u0440\u0435",
    "source_session": 12,
    "noaa_depth": -163.778076171875,
    "noaa_type": "depth",
    "osm_piers": 0,
    "osm_lighthouses": 0,
    "osm_breakwaters": 0,
    "osm_harbors": 0,
    "osm_rivers": 0,
    "osm_lakes": 0,
    "osm_beaches": 0,
    "osm_cliffs": 0,
    "osm_industrial": 0
   },
   "geometry": {
    "type": "Point",
    "coordinates": [
     10.594252340700395,
     58.5282825992679
    ]
   }
  },
  {
   "type": "Feature",
   "properties": {
    "timestamp": "2026-07-02T07:33:33.732290",
    "latitude": 58.528316181082594,
    "longitude": 10.708442695130401,
    "elevation": 0.0,
    "class_code": "OPEN_SEA",
    "class_name": "\u041e\u0442\u043a\u0440\u044b\u0442\u043e\u0435 \u043c\u043e\u0440\u0435",
    "source_session": 12,
    "noaa_depth": -140.22634887695392,
    "noaa_type": "depth",
    "osm_piers": 0,
    "osm_lighthouses": 0,
    "osm_breakwaters": 0,
    "osm_harbors": 0,
    "osm_rivers": 0,
    "osm_lakes": 0,
    "osm_beaches": 0,
    "osm_cliffs": 0,
    "osm_industrial": 0
   },
   "geometry": {
    "type": "Point",
    "coordinates": [
     10.708442695130401,
     58.528316181082594
    ]
   }
  },
  {
   "type": "Feature",
   "properties": {
    "timestamp": "2026-07-02T07:44:12.608094",
    "latitude": 58.518375019641816,
    "longitude": 9.758465771943554,
    "elevation": 0.0,
    "class_code": "OPEN_SEA",
    "class_name": "\u041e\u0442\u043a\u0440\u044b\u0442\u043e\u0435 \u043c\u043e\u0440\u0435",
    "source_session": 12,
    "noaa_depth": -621.3556213378853,
    "noaa_type": "depth",
    "osm_piers": 0,
    "osm_lighthouses": 0,
    "osm_breakwaters": 0,
    "osm_harbors": 0,
    "osm_rivers": 0,
    "osm_lakes": 0,
    "osm_beaches": 0,
    "osm_cliffs": 0,
    "osm_industrial": 0
   },
   "geometry": {
    "type": "Point",
    "coordinates": [
     9.758465771943554,
     58.518375019641816
    ]
   }
  },
  {
   "type": "Feature",
   "properties": {
    "timestamp": "2026-07-02T06:41:09.320710",
    "latitude": 56.96156583973569,
    "longitude": 17.414925756072577,
    "elevation": 0.0,
    "class_code": "COASTAL_SEA",
    "class_name": "\u041f\u0440\u0438\u0431\u0435\u0440\u0435\u0436\u044c\u0435 (\u043c\u043e\u0440\u0435)",
    "source_session": 10,
    "noaa_depth": -99.36017608642578,
    "noaa_type": "depth",
    "osm_piers": 0,
    "osm_lighthouses": 0,
    "osm_breakwaters": 0,
    "osm_harbors": 0,
    "osm_rivers": 0,
    "osm_lakes": 0,
    "osm_beaches": 0,
    "osm_cliffs": 0,
    "osm_industrial": 0
   },
   "geometry": {
    "type": "Point",
    "coordinates": [
     17.414925756072577,
     56.96156583973569
    ]
   }
  },
  {
   "type": "Feature",
   "properties": {
    "timestamp": "2026-07-03T01:05:36.027292",
    "latitude": 53.29828984797933,
    "longitude": 10.06579042165384,
    "elevation": 43.0,
    "class_code": "COASTLINE",
    "class_name": "\u0421\u0443\u0448\u0430 \u0432\u0434\u0430\u043b\u0438 \u043e\u0442 \u043f\u043e\u0431\u0435\u0440\u0435\u0436\u044c\u044f",
    "source_session": 11,
    "noaa_depth": 47.40351104736328,
    "noaa_type": "height",
    "osm_piers": 0,
    "osm_lighthouses": 0,
    "osm_breakwaters": 0,
    "osm_harbors": 0,
    "osm_rivers": 0,
    "osm_lakes": 0,
    "osm_beaches": 0,
    "osm_cliffs": 0,
    "osm_industrial": 0
   },
   "geometry": {
    "type": "Point",
    "coordinates": [
     10.06579042165384,
     53.29828984797933
    ]
   }
  },
  {
   "type": "Feature",
   "properties": {
    "timestamp": "2026-07-02T03:22:40.200013",
    "latitude": 54.07837509881865,
    "longitude": 11.462696216458436,
    "elevation": 0.0,
    "class_code": "COASTAL_SEA",
    "class_name": "\u041f\u0440\u0438\u0431\u0435\u0440\u0435\u0436\u044c\u0435 (\u043c\u043e\u0440\u0435)",
    "source_session": 9,
    "noaa_depth": -8.587639331817627,
    "noaa_type": "depth",
    "osm_piers": 0,
    "osm_lighthouses": 0,
    "osm_breakwaters": 0,
    "osm_harbors": 0,
    "osm_rivers": 0,
    "osm_lakes": 0,
    "osm_beaches": 0,
    "osm_cliffs": 0,
    "osm_industrial": 0
   },
   "geometry": {
    "type": "Point",
    "coordinates": [
     11.462696216458436,
     54.07837509881865
    ]
   }
  },
  {
   "type": "Feature",
   "properties": {
    "timestamp": "2026-07-02T03:36:25.385470",
    "latitude": 54.07191973096083,
    "longitude": 11.239750438749951,
    "elevation": 0.0,
    "class_code": "COASTAL_SEA",
    "class_name": "\u041f\u0440\u0438\u0431\u0435\u0440\u0435\u0436\u044c\u0435 (\u043c\u043e\u0440\u0435)",
    "source_session": 9,
    "noaa_depth": -15.302826881408691,
    "noaa_type": "depth",
    "osm_piers": 0,
    "osm_lighthouses": 0,
    "osm_breakwaters": 0,
    "osm_harbors": 0,
    "osm_rivers": 0,
    "osm_lakes": 0,
    "osm_beaches": 0,
    "osm_cliffs": 0,
    "osm_industrial": 0
   },
   "geometry": {
    "type": "Point",
    "coordinates": [
     11.239750438749951,
     54.07191973096083
    ]
   }
  },
  {
   "type": "Feature",
   "properties": {
    "timestamp": "2026-07-02T06:01:32.567539",
    "latitude": 56.95111684192746,
    "longitude": 17.469069345355635,
    "elevation": 0.0,
    "class_code": "OPEN_SEA",
    "class_name": "\u041e\u0442\u043a\u0440\u044b\u0442\u043e\u0435 \u043c\u043e\u0440\u0435",
    "source_session": 10,
    "noaa_depth": -103.58686065673828,
    "noaa_type": "depth",
    "osm_piers": 0,
    "osm_lighthouses": 0,
    "osm_breakwaters": 0,
    "osm_harbors": 0,
    "osm_rivers": 0,
    "osm_lakes": 0,
    "osm_beaches": 0,
    "osm_cliffs": 0,
    "osm_industrial": 0
   },
   "geometry": {
    "type": "Point",
    "coordinates": [
     17.469069345355635,
     56.95111684192746
    ]
   }
  },
  {
   "type": "Feature",
   "properties": {
    "timestamp": "2026-07-02T03:15:04.323449",
    "latitude": 54.06964683673053,
    "longitude": 11.410644494912052,
    "elevation": 0.0,
    "class_code": "COASTAL_SEA",
    "class_name": "\u041f\u0440\u0438\u0431\u0435\u0440\u0435\u0436\u044c\u0435 (\u043c\u043e\u0440\u0435)",
    "source_session": 9,
    "noaa_depth": -11.389426231384277,
    "noaa_type": "depth",
    "osm_piers": 0,
    "osm_lighthouses": 0,
    "osm_breakwaters": 0,
    "osm_harbors": 0,
    "osm_rivers": 0,
    "osm_lakes": 0,
    "osm_beaches": 0,
    "osm_cliffs": 0,
    "osm_industrial": 0
   },
   "geometry": {
    "type": "Point",
    "coordinates": [
     11.410644494912052,
     54.06964683673053
    ]
   }
  },
  {
   "type": "Feature",
   "properties": {
    "timestamp": "2026-07-03T14:04:15.881964",
    "latitude": 54.294295509111485,
    "longitude": 8.558859162135827,
    "elevation": 0.0,
    "class_code": "COASTAL_SEA",
    "class_name": "\u041f\u0440\u0438\u0431\u0435\u0440\u0435\u0436\u044c\u0435 (\u043c\u043e\u0440\u0435)",
    "source_session": 3,
    "noaa_depth": -1.4315309524536133,
    "noaa_type": "depth",
    "osm_piers": 0,
    "osm_lighthouses": 0,
    "osm_breakwaters": 0,
    "osm_harbors": 0,
    "osm_rivers": 0,
    "osm_lakes": 0,
    "osm_beaches": 0,
    "osm_cliffs": 0,
    "osm_industrial": 0
   },
   "geometry": {
    "type": "Point",
    "coordinates": [
     8.558859162135827,
     54.294295509111485
    ]
   }
  },
  {
   "type": "Feature",
   "properties": {
    "timestamp": "2026-07-02T08:05:16.519891",
    "latitude": 58.52540550246102,
    "longitude": 10.514698722498355,
    "elevation": 0.0,
    "class_code": "OPEN_SEA",
    "class_name": "\u041e\u0442\u043a\u0440\u044b\u0442\u043e\u0435 \u043c\u043e\u0440\u0435",
    "source_session": 12,
    "noaa_depth": -191.37200927734375,
    "noaa_type": "depth",
    "osm_piers": 0,
    "osm_lighthouses": 0,
    "osm_breakwaters": 0,
    "osm_harbors": 0,
    "osm_rivers": 0,
    "osm_lakes": 0,
    "osm_beaches": 0,
    "osm_cliffs": 0,
    "osm_industrial": 0
   },
   "geometry": {
    "type": "Point",
    "coordinates": [
     10.514698722498355,
     58.52540550246102
    ]
   }
  },
  {
   "type": "Feature",
   "properties": {
    "timestamp": "2026-07-03T14:02:41.066480",
    "latitude": 57.22662167730606,
    "longitude": 8.903900578430763,
    "elevation": 0.0,
    "class_code": "COASTAL_SEA",
    "class_name": "\u041f\u0440\u0438\u0431\u0435\u0440\u0435\u0436\u044c\u0435 (\u043c\u043e\u0440\u0435)",
    "source_session": 3,
    "noaa_depth": -18.35691261291504,
    "noaa_type": "depth",
    "osm_piers": 0,
    "osm_lighthouses": 0,
    "osm_breakwaters": 0,
    "osm_harbors": 0,
    "osm_rivers": 0,
    "osm_lakes": 0,
    "osm_beaches": 0,
    "osm_cliffs": 0,
    "osm_industrial": 0
   },
   "geometry": {
    "type": "Point",
    "coordinates": [
     8.903900578430763,
     57.22662167730606
    ]
   }
  },
  {
   "type": "Feature",
   "properties": {
    "timestamp": "2026-07-02T06:40:26.491479",
    "latitude": 56.96179993382933,
    "longitude": 17.373262327053588,
    "elevation": 0.0,
    "class_code": "COASTAL_SEA",
    "class_name": "\u041f\u0440\u0438\u0431\u0435\u0440\u0435\u0436\u044c\u0435 (\u043c\u043e\u0440\u0435)",
    "source_session": 10,
    "noaa_depth": -85.4911422729492,
    "noaa_type": "depth",
    "osm_piers": 0,
    "osm_lighthouses": 0,
    "osm_breakwaters": 0,
    "osm_harbors": 0,
    "osm_rivers": 0,
    "osm_lakes": 0,
    "osm_beaches": 0,
    "osm_cliffs": 0,
    "osm_industrial": 0
   },
   "geometry": {
    "type": "Point",
    "coordinates": [
     17.373262327053588,
     56.96179993382933
    ]
   }
  },
  {
   "type": "Feature",
   "properties": {
    "timestamp": "2026-07-02T03:18:10.752111",
    "latitude": 54.072386440628364,
    "longitude": 11.500125163161357,
    "elevation": 0.0,
    "class_code": "COASTAL_SEA",
    "class_name": "\u041f\u0440\u0438\u0431\u0435\u0440\u0435\u0436\u044c\u0435 (\u043c\u043e\u0440\u0435)",
    "source_session": 9,
    "noaa_depth": -5.415039539337017,
    "noaa_type": "depth",
    "osm_piers": 0,
    "osm_lighthouses": 0,
    "osm_breakwaters": 0,
    "osm_harbors": 0,
    "osm_rivers": 0,
    "osm_lakes": 0,
    "osm_beaches": 0,
    "osm_cliffs": 0,
    "osm_industrial": 0
   },
   "geometry": {
    "type": "Point",
    "coordinates": [
     11.500125163161357,
     54.072386440628364
    ]
   }
  },
  {
   "type": "Feature",
   "properties": {
    "timestamp": "2026-07-02T02:42:00.292479",
    "latitude": 54.06037388943028,
    "longitude": 11.083508585805497,
    "elevation": 0.0,
    "class_code": "COASTAL_SEA",
    "class_name": "\u041f\u0440\u0438\u0431\u0435\u0440\u0435\u0436\u044c\u0435 (\u043c\u043e\u0440\u0435)",
    "source_session": 9,
    "noaa_depth": -23.834326744079608,
    "noaa_type": "depth",
    "osm_piers": 0,
    "osm_lighthouses": 0,
    "osm_breakwaters": 0,
    "osm_harbors": 0,
    "osm_rivers": 0,
    "osm_lakes": 0,
    "osm_beaches": 0,
    "osm_cliffs": 0,
    "osm_industrial": 0
   },
   "geometry": {
    "type": "Point",
    "coordinates": [
     11.083508585805497,
     54.06037388943028
    ]
   }
  },
  {
   "type": "Feature",
   "properties": {
    "timestamp": "2026-07-02T08:07:22.732888",
    "latitude": 58.52497987656608,
    "longitude": 10.602860986385899,
    "elevation": 0.0,
    "class_code": "OPEN_SEA",
    "class_name": "\u041e\u0442\u043a\u0440\u044b\u0442\u043e\u0435 \u043c\u043e\u0440\u0435",
    "source_session": 12,
    "noaa_depth": -163.75949096679688,
    "noaa_type": "depth",
    "osm_piers": 0,
    "osm_lighthouses": 0,
    "osm_breakwaters": 0,
    "osm_harbors": 0,
    "osm_rivers": 0,
    "osm_lakes": 0,
    "osm_beaches": 0,
    "osm_cliffs": 0,
    "osm_industrial": 0
   },
   "geometry": {
    "type": "Point",
    "coordinates": [
     10.602860986385899,
     58.52497987656608
    ]
   }
  },
  {
   "type": "Feature",
   "properties": {
    "timestamp": "2026-07-02T07:20:08.522060",
    "latitude": 58.52616780308365,
    "longitude": 10.199374133306726,
    "elevation": 0.0,
    "class_code": "OPEN_SEA",
    "class_name": "\u041e\u0442\u043a\u0440\u044b\u0442\u043e\u0435 \u043c\u043e\u0440\u0435",
    "source_session": 12,
    "noaa_depth": -401.7906799316406,
    "noaa_type": "depth",
    "osm_piers": 0,
    "osm_lighthouses": 0,
    "osm_breakwaters": 0,
    "osm_harbors": 0,
    "osm_rivers": 0,
    "osm_lakes": 0,
    "osm_beaches": 0,
    "osm_cliffs": 0,
    "osm_industrial": 0
   },
   "geometry": {
    "type": "Point",
    "coordinates": [
     10.199374133306726,
     58.52616780308365
    ]
   }
  },
  {
   "type": "Feature",
   "properties": {
    "timestamp": "2026-07-02T06:16:21.910914",
    "latitude": 56.96810736605354,
    "longitude": 17.14822562622789,
    "elevation": 0.0,
    "class_code": "COASTAL_SEA",
    "class_name": "\u041f\u0440\u0438\u0431\u0435\u0440\u0435\u0436\u044c\u0435 (\u043c\u043e\u0440\u0435)",
    "source_session": 10,
    "noaa_depth": -64.87960815429688,
    "noaa_type": "depth",
    "osm_piers": 0,
    "osm_lighthouses": 0,
    "osm_breakwaters": 0,
    "osm_harbors": 0,
    "osm_rivers": 0,
    "osm_lakes": 0,
    "osm_beaches": 0,
    "osm_cliffs": 0,
    "osm_industrial": 0
   },
   "geometry": {
    "type": "Point",
    "coordinates": [
     17.14822562622789,
     56.96810736605354
    ]
   }
  },
  {
   "type": "Feature",
   "properties": {
    "timestamp": "2026-07-02T06:30:59.822796",
    "latitude": 56.96591537951093,
    "longitude": 17.102746592934764,
    "elevation": 0.0,
    "class_code": "COASTAL_SEA",
    "class_name": "\u041f\u0440\u0438\u0431\u0435\u0440\u0435\u0436\u044c\u0435 (\u043c\u043e\u0440\u0435)",
    "source_session": 10,
    "noaa_depth": -46.19533157348633,
    "noaa_type": "depth",
    "osm_piers": 0,
    "osm_lighthouses": 0,
    "osm_breakwaters": 0,
    "osm_harbors": 0,
    "osm_rivers": 0,
    "osm_lakes": 0,
    "osm_beaches": 0,
    "osm_cliffs": 0,
    "osm_industrial": 0
   },
   "geometry": {
    "type": "Point",
    "coordinates": [
     17.102746592934764,
     56.96591537951093
    ]
   }
  },
  {
   "type": "Feature",
   "properties": {
    "timestamp": "2026-07-02T02:36:20.817746",
    "latitude": 54.054005450405654,
    "longitude": 10.919201929666619,
    "elevation": 0.0,
    "class_code": "COASTAL_SEA",
    "class_name": "\u041f\u0440\u0438\u0431\u0435\u0440\u0435\u0436\u044c\u0435 (\u043c\u043e\u0440\u0435)",
    "source_session": 9,
    "noaa_depth": -22.949073791503213,
    "noaa_type": "depth",
    "osm_piers": 0,
    "osm_lighthouses": 0,
    "osm_breakwaters": 0,
    "osm_harbors": 0,
    "osm_rivers": 0,
    "osm_lakes": 0,
    "osm_beaches": 0,
    "osm_cliffs": 0,
    "osm_industrial": 0
   },
   "geometry": {
    "type": "Point",
    "coordinates": [
     10.919201929666619,
     54.054005450405654
    ]
   }
  },
  {
   "type": "Feature",
   "properties": {
    "timestamp": "2026-07-10T20:29:17.582430",
    "latitude": 55.607901427968386,
    "longitude": 13.531887359085008,
    "elevation": 79.0,
    "class_code": "COASTLINE",
    "class_name": "\u0421\u0443\u0448\u0430 \u0432\u0434\u0430\u043b\u0438 \u043e\u0442 \u043f\u043e\u0431\u0435\u0440\u0435\u0436\u044c\u044f",
    "source_session": 13,
    "noaa_depth": 74.21728897094727,
    "noaa_type": "height",
    "osm_piers": 0,
    "osm_lighthouses": 0,
    "osm_breakwaters": 0,
    "osm_harbors": 0,
    "osm_rivers": 0,
    "osm_lakes": 0,
    "osm_beaches": 0,
    "osm_cliffs": 0,
    "osm_industrial": 0
   },
   "geometry": {
    "type": "Point",
    "coordinates": [
     13.531887359085008,
     55.607901427968386
    ]
   }
  },
  {
   "type": "Feature",
   "properties": {
    "timestamp": "2026-07-02T06:46:08.982523",
    "latitude": 56.96499139999835,
    "longitude": 16.947150390078946,
    "elevation": 0.0,
    "class_code": "COASTAL_SEA",
    "class_name": "\u041f\u0440\u0438\u0431\u0435\u0440\u0435\u0436\u044c\u0435 (\u043c\u043e\u0440\u0435)",
    "source_session": 10,
    "noaa_depth": -10.936408042907715,
    "noaa_type": "depth",
    "osm_piers": 0,
    "osm_lighthouses": 0,
    "osm_breakwaters": 0,
    "osm_harbors": 0,
    "osm_rivers": 0,
    "osm_lakes": 0,
    "osm_beaches": 0,
    "osm_cliffs": 0,
    "osm_industrial": 0
   },
   "geometry": {
    "type": "Point",
    "coordinates": [
     16.947150390078946,
     56.96499139999835
    ]
   }
  },
  {
   "type": "Feature",
   "properties": {
    "timestamp": "2026-07-02T06:01:24.270024",
    "latitude": 56.95092248821665,
    "longitude": 17.463620060612673,
    "elevation": 0.0,
    "class_code": "OPEN_SEA",
    "class_name": "\u041e\u0442\u043a\u0440\u044b\u0442\u043e\u0435 \u043c\u043e\u0440\u0435",
    "source_session": 10,
    "noaa_depth": -103.39334106445312,
    "noaa_type": "depth",
    "osm_piers": 0,
    "osm_lighthouses": 0,
    "osm_breakwaters": 0,
    "osm_harbors": 0,
    "osm_rivers": 0,
    "osm_lakes": 0,
    "osm_beaches": 0,
    "osm_cliffs": 0,
    "osm_industrial": 0
   },
   "geometry": {
    "type": "Point",
    "coordinates": [
     17.463620060612673,
     56.95092248821665
    ]
   }
  },
  {
   "type": "Feature",
   "properties": {
    "timestamp": "2026-07-02T03:52:20.385410",
    "latitude": 54.05716411195573,
    "longitude": 10.801706325511336,
    "elevation": 0.0,
    "class_code": "COASTAL_SEA",
    "class_name": "\u041f\u0440\u0438\u0431\u0435\u0440\u0435\u0436\u044c\u0435 (\u043c\u043e\u0440\u0435)",
    "source_session": 9,
    "noaa_depth": -16.346172332763672,
    "noaa_type": "depth",
    "osm_piers": 0,
    "osm_lighthouses": 0,
    "osm_breakwaters": 0,
    "osm_harbors": 0,
    "osm_rivers": 0,
    "osm_lakes": 0,
    "osm_beaches": 0,
    "osm_cliffs": 0,
    "osm_industrial": 0
   },
   "geometry": {
    "type": "Point",
    "coordinates": [
     10.801706325511336,
     54.05716411195573
    ]
   }
  },
  {
   "type": "Feature",
   "properties": {
    "timestamp": "2026-07-02T06:40:46.054200",
    "latitude": 56.961542430245444,
    "longitude": 17.391734115099577,
    "elevation": 0.0,
    "class_code": "COASTAL_SEA",
    "class_name": "\u041f\u0440\u0438\u0431\u0435\u0440\u0435\u0436\u044c\u0435 (\u043c\u043e\u0440\u0435)",
    "source_session": 10,
    "noaa_depth": -90.45114135742116,
    "noaa_type": "depth",
    "osm_piers": 0,
    "osm_lighthouses": 0,
    "osm_breakwaters": 0,
    "osm_harbors": 0,
    "osm_rivers": 0,
    "osm_lakes": 0,
    "osm_beaches": 0,
    "osm_cliffs": 0,
    "osm_industrial": 0
   },
   "geometry": {
    "type": "Point",
    "coordinates": [
     17.391734115099577,
     56.961542430245444
    ]
   }
  },
  {
   "type": "Feature",
   "properties": {
    "timestamp": "2026-07-02T03:41:14.285259",
    "latitude": 54.0699670110927,
    "longitude": 11.152938405090433,
    "elevation": 0.0,
    "class_code": "COASTAL_SEA",
    "class_name": "\u041f\u0440\u0438\u0431\u0435\u0440\u0435\u0436\u044c\u0435 (\u043c\u043e\u0440\u0435)",
    "source_session": 9,
    "noaa_depth": -22.877475738525394,
    "noaa_type": "depth",
    "osm_piers": 0,
    "osm_lighthouses": 0,
    "osm_breakwaters": 0,
    "osm_harbors": 0,
    "osm_rivers": 0,
    "osm_lakes": 0,
    "osm_beaches": 0,
    "osm_cliffs": 0,
    "osm_industrial": 0
   },
   "geometry": {
    "type": "Point",
    "coordinates": [
     11.152938405090433,
     54.0699670110927
    ]
   }
  },
  {
   "type": "Feature",
   "properties": {
    "timestamp": "2026-07-02T07:01:08.096529",
    "latitude": 58.51940850912915,
    "longitude": 9.570486446756062,
    "elevation": 0.0,
    "class_code": "OPEN_SEA",
    "class_name": "\u041e\u0442\u043a\u0440\u044b\u0442\u043e\u0435 \u043c\u043e\u0440\u0435",
    "source_session": 12,
    "noaa_depth": -540.568878173827,
    "noaa_type": "depth",
    "osm_piers": 0,
    "osm_lighthouses": 0,
    "osm_breakwaters": 0,
    "osm_harbors": 0,
    "osm_rivers": 0,
    "osm_lakes": 0,
    "osm_beaches": 0,
    "osm_cliffs": 0,
    "osm_industrial": 0
   },
   "geometry": {
    "type": "Point",
    "coordinates": [
     9.570486446756062,
     58.51940850912915
    ]
   }
  },
  {
   "type": "Feature",
   "properties": {
    "timestamp": "2026-07-02T07:39:02.558771",
    "latitude": 58.51609183445095,
    "longitude": 9.585582101031381,
    "elevation": 0.0,
    "class_code": "OPEN_SEA",
    "class_name": "\u041e\u0442\u043a\u0440\u044b\u0442\u043e\u0435 \u043c\u043e\u0440\u0435",
    "source_session": 12,
    "noaa_depth": -544.7589111328125,
    "noaa_type": "depth",
    "osm_piers": 0,
    "osm_lighthouses": 0,
    "osm_breakwaters": 0,
    "osm_harbors": 0,
    "osm_rivers": 0,
    "osm_lakes": 0,
    "osm_beaches": 0,
    "osm_cliffs": 0,
    "osm_industrial": 0
   },
   "geometry": {
    "type": "Point",
    "coordinates": [
     9.585582101031381,
     58.51609183445095
    ]
   }
  },
  {
   "type": "Feature",
   "properties": {
    "timestamp": "2026-07-03T01:03:07.827333",
    "latitude": 53.3004477646398,
    "longitude": 8.593052755064457,
    "elevation": -1.0,
    "class_code": "COASTLINE",
    "class_name": "\u0421\u0443\u0448\u0430 \u0432\u0434\u0430\u043b\u0438 \u043e\u0442 \u043f\u043e\u0431\u0435\u0440\u0435\u0436\u044c\u044f",
    "source_session": 11,
    "noaa_depth": -0.9283777773376294,
    "noaa_type": "depth",
    "osm_piers": 0,
    "osm_lighthouses": 0,
    "osm_breakwaters": 0,
    "osm_harbors": 0,
    "osm_rivers": 0,
    "osm_lakes": 0,
    "osm_beaches": 0,
    "osm_cliffs": 0,
    "osm_industrial": 0
   },
   "geometry": {
    "type": "Point",
    "coordinates": [
     8.593052755064457,
     53.3004477646398
    ]
   }
  },
  {
   "type": "Feature",
   "properties": {
    "timestamp": "2026-07-02T08:12:10.444937",
    "latitude": 58.5258537053133,
    "longitude": 10.810308921371918,
    "elevation": 0.0,
    "class_code": "OPEN_SEA",
    "class_name": "\u041e\u0442\u043a\u0440\u044b\u0442\u043e\u0435 \u043c\u043e\u0440\u0435",
    "source_session": 12,
    "noaa_depth": -103.8224868774414,
    "noaa_type": "depth",
    "osm_piers": 0,
    "osm_lighthouses": 0,
    "osm_breakwaters": 0,
    "osm_harbors": 0,
    "osm_rivers": 0,
    "osm_lakes": 0,
    "osm_beaches": 0,
    "osm_cliffs": 0,
    "osm_industrial": 0
   },
   "geometry": {
    "type": "Point",
    "coordinates": [
     10.810308921371918,
     58.5258537053133
    ]
   }
  },
  {
   "type": "Feature",
   "properties": {
    "timestamp": "2026-07-02T06:54:55.475190",
    "latitude": 58.518591700106825,
    "longitude": 9.528147873634047,
    "elevation": 0.0,
    "class_code": "OPEN_SEA",
    "class_name": "\u041e\u0442\u043a\u0440\u044b\u0442\u043e\u0435 \u043c\u043e\u0440\u0435",
    "source_session": 12,
    "noaa_depth": -512.0197143554688,
    "noaa_type": "depth",
    "osm_piers": 0,
    "osm_lighthouses": 0,
    "osm_breakwaters": 0,
    "osm_harbors": 0,
    "osm_rivers": 0,
    "osm_lakes": 0,
    "osm_beaches": 0,
    "osm_cliffs": 0,
    "osm_industrial": 0
   },
   "geometry": {
    "type": "Point",
    "coordinates": [
     9.528147873634047,
     58.518591700106825
    ]
   }
  },
  {
   "type": "Feature",
   "properties": {
    "timestamp": "2026-07-02T05:49:36.740941",
    "latitude": 56.95791283548857,
    "longitude": 17.42583246401677,
    "elevation": 0.0,
    "class_code": "OPEN_SEA",
    "class_name": "\u041e\u0442\u043a\u0440\u044b\u0442\u043e\u0435 \u043c\u043e\u0440\u0435",
    "source_session": 10,
    "noaa_depth": -100.9101753234865,
    "noaa_type": "depth",
    "osm_piers": 0,
    "osm_lighthouses": 0,
    "osm_breakwaters": 0,
    "osm_harbors": 0,
    "osm_rivers": 0,
    "osm_lakes": 0,
    "osm_beaches": 0,
    "osm_cliffs": 0,
    "osm_industrial": 0
   },
   "geometry": {
    "type": "Point",
    "coordinates": [
     17.42583246401677,
     56.95791283548857
    ]
   }
  },
  {
   "type": "Feature",
   "properties": {
    "timestamp": "2026-07-02T03:28:47.714351",
    "latitude": 54.07525779404768,
    "longitude": 11.32519479911633,
    "elevation": 0.0,
    "class_code": "COASTAL_SEA",
    "class_name": "\u041f\u0440\u0438\u0431\u0435\u0440\u0435\u0436\u044c\u0435 (\u043c\u043e\u0440\u0435)",
    "source_session": 9,
    "noaa_depth": -10.957550287246859,
    "noaa_type": "depth",
    "osm_piers": 0,
    "osm_lighthouses": 0,
    "osm_breakwaters": 0,
    "osm_harbors": 0,
    "osm_rivers": 0,
    "osm_lakes": 0,
    "osm_beaches": 0,
    "osm_cliffs": 0,
    "osm_industrial": 0
   },
   "geometry": {
    "type": "Point",
    "coordinates": [
     11.32519479911633,
     54.07525779404768
    ]
   }
  },
  {
   "type": "Feature",
   "properties": {
    "timestamp": "2026-07-02T06:09:30.191729",
    "latitude": 56.963920567527666,
    "longitude": 17.403443094652754,
    "elevation": 0.0,
    "class_code": "COASTAL_SEA",
    "class_name": "\u041f\u0440\u0438\u0431\u0435\u0440\u0435\u0436\u044c\u0435 (\u043c\u043e\u0440\u0435)",
    "source_session": 10,
    "noaa_depth": -92.63017272949219,
    "noaa_type": "depth",
    "osm_piers": 0,
    "osm_lighthouses": 0,
    "osm_breakwaters": 0,
    "osm_harbors": 0,
    "osm_rivers": 0,
    "osm_lakes": 0,
    "osm_beaches": 0,
    "osm_cliffs": 0,
    "osm_industrial": 0
   },
   "geometry": {
    "type": "Point",
    "coordinates": [
     17.403443094652754,
     56.963920567527666
    ]
   }
  },
  {
   "type": "Feature",
   "properties": {
    "timestamp": "2026-07-02T07:24:15.195099",
    "latitude": 58.527691250387086,
    "longitude": 10.377807606727131,
    "elevation": 0.0,
    "class_code": "OPEN_SEA",
    "class_name": "\u041e\u0442\u043a\u0440\u044b\u0442\u043e\u0435 \u043c\u043e\u0440\u0435",
    "source_session": 12,
    "noaa_depth": -293.9217834472656,
    "noaa_type": "depth",
    "osm_piers": 0,
    "osm_lighthouses": 0,
    "osm_breakwaters": 0,
    "osm_harbors": 0,
    "osm_rivers": 0,
    "osm_lakes": 0,
    "osm_beaches": 0,
    "osm_cliffs": 0,
    "osm_industrial": 0
   },
   "geometry": {
    "type": "Point",
    "coordinates": [
     10.377807606727131,
     58.527691250387086
    ]
   }
  },
  {
   "type": "Feature",
   "properties": {
    "timestamp": "2026-07-02T07:19:59.914805",
    "latitude": 58.52598665268649,
    "longitude": 10.193453723243687,
    "elevation": 0.0,
    "class_code": "OPEN_SEA",
    "class_name": "\u041e\u0442\u043a\u0440\u044b\u0442\u043e\u0435 \u043c\u043e\u0440\u0435",
    "source_session": 12,
    "noaa_depth": -406.9106750488281,
    "noaa_type": "depth",
    "osm_piers": 0,
    "osm_lighthouses": 0,
    "osm_breakwaters": 0,
    "osm_harbors": 0,
    "osm_rivers": 0,
    "osm_lakes": 0,
    "osm_beaches": 0,
    "osm_cliffs": 0,
    "osm_industrial": 0
   },
   "geometry": {
    "type": "Point",
    "coordinates": [
     10.193453723243687,
     58.52598665268649
    ]
   }
  },
  {
   "type": "Feature",
   "properties": {
    "timestamp": "2026-07-02T07:24:08.482167",
    "latitude": 58.52772485002174,
    "longitude": 10.371452950780283,
    "elevation": 0.0,
    "class_code": "OPEN_SEA",
    "class_name": "\u041e\u0442\u043a\u0440\u044b\u0442\u043e\u0435 \u043c\u043e\u0440\u0435",
    "source_session": 12,
    "noaa_depth": -303.4117736816406,
    "noaa_type": "depth",
    "osm_piers": 0,
    "osm_lighthouses": 0,
    "osm_breakwaters": 0,
    "osm_harbors": 0,
    "osm_rivers": 0,
    "osm_lakes": 0,
    "osm_beaches": 0,
    "osm_cliffs": 0,
    "osm_industrial": 0
   },
   "geometry": {
    "type": "Point",
    "coordinates": [
     10.371452950780283,
     58.52772485002174
    ]
   }
  },
  {
   "type": "Feature",
   "properties": {
    "timestamp": "2026-07-03T14:02:27.443468",
    "latitude": 57.75199230630837,
    "longitude": 10.49771698888265,
    "elevation": 0.0,
    "class_code": "COASTAL_SEA",
    "class_name": "\u041f\u0440\u0438\u0431\u0435\u0440\u0435\u0436\u044c\u0435 (\u043c\u043e\u0440\u0435)",
    "source_session": 3,
    "noaa_depth": -54.10712432861328,
    "noaa_type": "depth",
    "osm_piers": 0,
    "osm_lighthouses": 0,
    "osm_breakwaters": 0,
    "osm_harbors": 0,
    "osm_rivers": 0,
    "osm_lakes": 0,
    "osm_beaches": 0,
    "osm_cliffs": 0,
    "osm_industrial": 0
   },
   "geometry": {
    "type": "Point",
    "coordinates": [
     10.49771698888265,
     57.75199230630837
    ]
   }
  },
  {
   "type": "Feature",
   "properties": {
    "timestamp": "2026-07-10T20:51:00.032707",
    "latitude": 53.81527227037465,
    "longitude": 14.988227320232268,
    "elevation": 28.0,
    "class_code": "NEAR_COAST",
    "class_name": "\u041f\u043e\u0431\u0435\u0440\u0435\u0436\u044c\u0435 (\u0441\u0443\u0448\u0430)",
    "source_session": 14,
    "noaa_depth": 25.80177879333496,
    "noaa_type": "height",
    "osm_piers": 0,
    "osm_lighthouses": 0,
    "osm_breakwaters": 0,
    "osm_harbors": 0,
    "osm_rivers": 0,
    "osm_lakes": 0,
    "osm_beaches": 0,
    "osm_cliffs": 0,
    "osm_industrial": 0
   },
   "geometry": {
    "type": "Point",
    "coordinates": [
     14.988227320232268,
     53.81527227037465
    ]
   }
  },
  {
   "type": "Feature",
   "properties": {
    "timestamp": "2026-07-02T07:50:29.570092",
    "latitude": 58.52063128905128,
    "longitude": 10.003142451981237,
    "elevation": 0.0,
    "class_code": "OPEN_SEA",
    "class_name": "\u041e\u0442\u043a\u0440\u044b\u0442\u043e\u0435 \u043c\u043e\u0440\u0435",
    "source_session": 12,
    "noaa_depth": -554.2839660644747,
    "noaa_type": "depth",
    "osm_piers": 0,
    "osm_lighthouses": 0,
    "osm_breakwaters": 0,
    "osm_harbors": 0,
    "osm_rivers": 0,
    "osm_lakes": 0,
    "osm_beaches": 0,
    "osm_cliffs": 0,
    "osm_industrial": 0
   },
   "geometry": {
    "type": "Point",
    "coordinates": [
     10.003142451981237,
     58.52063128905128
    ]
   }
  },
  {
   "type": "Feature",
   "properties": {
    "timestamp": "2026-07-02T06:33:13.709096",
    "latitude": 56.964546059452815,
    "longitude": 17.19675748168932,
    "elevation": 0.0,
    "class_code": "COASTAL_SEA",
    "class_name": "\u041f\u0440\u0438\u0431\u0435\u0440\u0435\u0436\u044c\u0435 (\u043c\u043e\u0440\u0435)",
    "source_session": 10,
    "noaa_depth": -72.71981048583984,
    "noaa_type": "depth",
    "osm_piers": 0,
    "osm_lighthouses": 0,
    "osm_breakwaters": 0,
    "osm_harbors": 0,
    "osm_rivers": 0,
    "osm_lakes": 0,
    "osm_beaches": 0,
    "osm_cliffs": 0,
    "osm_industrial": 0
   },
   "geometry": {
    "type": "Point",
    "coordinates": [
     17.19675748168932,
     56.964546059452815
    ]
   }
  },
  {
   "type": "Feature",
   "properties": {
    "timestamp": "2026-07-02T07:17:21.089823",
    "latitude": 58.52486437199866,
    "longitude": 10.111895170635352,
    "elevation": 0.0,
    "class_code": "OPEN_SEA",
    "class_name": "\u041e\u0442\u043a\u0440\u044b\u0442\u043e\u0435 \u043c\u043e\u0440\u0435",
    "source_session": 12,
    "noaa_depth": -479.9906005859304,
    "noaa_type": "depth",
    "osm_piers": 0,
    "osm_lighthouses": 0,
    "osm_breakwaters": 0,
    "osm_harbors": 0,
    "osm_rivers": 0,
    "osm_lakes": 0,
    "osm_beaches": 0,
    "osm_cliffs": 0,
    "osm_industrial": 0
   },
   "geometry": {
    "type": "Point",
    "coordinates": [
     10.111895170635352,
     58.52486437199866
    ]
   }
  },
  {
   "type": "Feature",
   "properties": {
    "timestamp": "2026-07-02T08:03:20.472880",
    "latitude": 58.524973156127544,
    "longitude": 10.457498231601818,
    "elevation": 0.0,
    "class_code": "OPEN_SEA",
    "class_name": "\u041e\u0442\u043a\u0440\u044b\u0442\u043e\u0435 \u043c\u043e\u0440\u0435",
    "source_session": 12,
    "noaa_depth": -230.2915039062546,
    "noaa_type": "depth",
    "osm_piers": 0,
    "osm_lighthouses": 0,
    "osm_breakwaters": 0,
    "osm_harbors": 0,
    "osm_rivers": 0,
    "osm_lakes": 0,
    "osm_beaches": 0,
    "osm_cliffs": 0,
    "osm_industrial": 0
   },
   "geometry": {
    "type": "Point",
    "coordinates": [
     10.457498231601818,
     58.524973156127544
    ]
   }
  },
  {
   "type": "Feature",
   "properties": {
    "timestamp": "2026-07-02T07:09:56.555573",
    "latitude": 58.52196520398165,
    "longitude": 9.817773905177388,
    "elevation": 0.0,
    "class_code": "OPEN_SEA",
    "class_name": "\u041e\u0442\u043a\u0440\u044b\u0442\u043e\u0435 \u043c\u043e\u0440\u0435",
    "source_session": 12,
    "noaa_depth": -655.8097534179688,
    "noaa_type": "depth",
    "osm_piers": 0,
    "osm_lighthouses": 0,
    "osm_breakwaters": 0,
    "osm_harbors": 0,
    "osm_rivers": 0,
    "osm_lakes": 0,
    "osm_beaches": 0,
    "osm_cliffs": 0,
    "osm_industrial": 0
   },
   "geometry": {
    "type": "Point",
    "coordinates": [
     9.817773905177388,
     58.52196520398165
    ]
   }
  },
  {
   "type": "Feature",
   "properties": {
    "timestamp": "2026-07-02T06:15:54.686988",
    "latitude": 56.96775628380122,
    "longitude": 17.168821348091065,
    "elevation": 0.0,
    "class_code": "COASTAL_SEA",
    "class_name": "\u041f\u0440\u0438\u0431\u0435\u0440\u0435\u0436\u044c\u0435 (\u043c\u043e\u0440\u0435)",
    "source_session": 10,
    "noaa_depth": -68.03085327148438,
    "noaa_type": "depth",
    "osm_piers": 0,
    "osm_lighthouses": 0,
    "osm_breakwaters": 0,
    "osm_harbors": 0,
    "osm_rivers": 0,
    "osm_lakes": 0,
    "osm_beaches": 0,
    "osm_cliffs": 0,
    "osm_industrial": 0
   },
   "geometry": {
    "type": "Point",
    "coordinates": [
     17.168821348091065,
     56.96775628380122
    ]
   }
  },
  {
   "type": "Feature",
   "properties": {
    "timestamp": "2026-07-02T03:44:09.050755",
    "latitude": 54.065725179585606,
    "longitude": 11.055406381234068,
    "elevation": 0.0,
    "class_code": "COASTAL_SEA",
    "class_name": "\u041f\u0440\u0438\u0431\u0435\u0440\u0435\u0436\u044c\u0435 (\u043c\u043e\u0440\u0435)",
    "source_session": 9,
    "noaa_depth": -23.49154281616211,
    "noaa_type": "depth",
    "osm_piers": 0,
    "osm_lighthouses": 0,
    "osm_breakwaters": 0,
    "osm_harbors": 0,
    "osm_rivers": 0,
    "osm_lakes": 0,
    "osm_beaches": 0,
    "osm_cliffs": 0,
    "osm_industrial": 0
   },
   "geometry": {
    "type": "Point",
    "coordinates": [
     11.055406381234068,
     54.065725179585606
    ]
   }
  },
  {
   "type": "Feature",
   "properties": {
    "timestamp": "2026-07-02T06:26:33.751407",
    "latitude": 56.96736409771585,
    "longitude": 16.917025465531083,
    "elevation": 0.0,
    "class_code": "COASTAL_SEA",
    "class_name": "\u041f\u0440\u0438\u0431\u0435\u0440\u0435\u0436\u044c\u0435 (\u043c\u043e\u0440\u0435)",
    "source_session": 10,
    "noaa_depth": -3.8925801515579224,
    "noaa_type": "depth",
    "osm_piers": 0,
    "osm_lighthouses": 0,
    "osm_breakwaters": 0,
    "osm_harbors": 0,
    "osm_rivers": 0,
    "osm_lakes": 0,
    "osm_beaches": 0,
    "osm_cliffs": 0,
    "osm_industrial": 0
   },
   "geometry": {
    "type": "Point",
    "coordinates": [
     16.917025465531083,
     56.96736409771585
    ]
   }
  },
  {
   "type": "Feature",
   "properties": {
    "timestamp": "2026-07-10T20:56:47.836763",
    "latitude": 56.669676645276,
    "longitude": 14.109198086471771,
    "elevation": 143.0,
    "class_code": "COASTLINE",
    "class_name": "\u0421\u0443\u0448\u0430 \u0432\u0434\u0430\u043b\u0438 \u043e\u0442 \u043f\u043e\u0431\u0435\u0440\u0435\u0436\u044c\u044f",
    "source_session": 15,
    "noaa_depth": 137.09605407714844,
    "noaa_type": "height",
    "osm_piers": 0,
    "osm_lighthouses": 0,
    "osm_breakwaters": 0,
    "osm_harbors": 0,
    "osm_rivers": 0,
    "osm_lakes": 0,
    "osm_beaches": 0,
    "osm_cliffs": 0,
    "osm_industrial": 0
   },
   "geometry": {
    "type": "Point",
    "coordinates": [
     14.109198086471771,
     56.669676645276
    ]
   }
  },
  {
   "type": "Feature",
   "properties": {
    "timestamp": "2026-07-02T05:44:33.238022",
    "latitude": 56.963366039577316,
    "longitude": 17.431264325362207,
    "elevation": 0.0,
    "class_code": "OPEN_SEA",
    "class_name": "\u041e\u0442\u043a\u0440\u044b\u0442\u043e\u0435 \u043c\u043e\u0440\u0435",
    "source_session": 10,
    "noaa_depth": -101.53017425537108,
    "noaa_type": "depth",
    "osm_piers": 0,
    "osm_lighthouses": 0,
    "osm_breakwaters": 0,
    "osm_harbors": 0,
    "osm_rivers": 0,
    "osm_lakes": 0,
    "osm_beaches": 0,
    "osm_cliffs": 0,
    "osm_industrial": 0
   },
   "geometry": {
    "type": "Point",
    "coordinates": [
     17.431264325362207,
     56.963366039577316
    ]
   }
  },
  {
   "type": "Feature",
   "properties": {
    "timestamp": "2026-07-02T06:33:59.558491",
    "latitude": 56.964183239721685,
    "longitude": 17.22986081380896,
    "elevation": 0.0,
    "class_code": "COASTAL_SEA",
    "class_name": "\u041f\u0440\u0438\u0431\u0435\u0440\u0435\u0436\u044c\u0435 (\u043c\u043e\u0440\u0435)",
    "source_session": 10,
    "noaa_depth": -72.70634460449219,
    "noaa_type": "depth",
    "osm_piers": 0,
    "osm_lighthouses": 0,
    "osm_breakwaters": 0,
    "osm_harbors": 0,
    "osm_rivers": 0,
    "osm_lakes": 0,
    "osm_beaches": 0,
    "osm_cliffs": 0,
    "osm_industrial": 0
   },
   "geometry": {
    "type": "Point",
    "coordinates": [
     17.22986081380896,
     56.964183239721685
    ]
   }
  },
  {
   "type": "Feature",
   "properties": {
    "timestamp": "2026-07-10T20:49:15.854843",
    "latitude": 53.887450997667,
    "longitude": 14.988014636557558,
    "elevation": 29.0,
    "class_code": "NEAR_COAST",
    "class_name": "\u041f\u043e\u0431\u0435\u0440\u0435\u0436\u044c\u0435 (\u0441\u0443\u0448\u0430)",
    "source_session": 14,
    "noaa_depth": 24.152888298034668,
    "noaa_type": "height",
    "osm_piers": 0,
    "osm_lighthouses": 0,
    "osm_breakwaters": 0,
    "osm_harbors": 0,
    "osm_rivers": 0,
    "osm_lakes": 0,
    "osm_beaches": 0,
    "osm_cliffs": 0,
    "osm_industrial": 0
   },
   "geometry": {
    "type": "Point",
    "coordinates": [
     14.988014636557558,
     53.887450997667
    ]
   }
  },
  {
   "type": "Feature",
   "properties": {
    "timestamp": "2026-07-02T06:19:18.799573",
    "latitude": 56.970248776442894,
    "longitude": 17.04751828148406,
    "elevation": 0.0,
    "class_code": "COASTAL_SEA",
    "class_name": "\u041f\u0440\u0438\u0431\u0435\u0440\u0435\u0436\u044c\u0435 (\u043c\u043e\u0440\u0435)",
    "source_session": 10,
    "noaa_depth": -21.254854202270508,
    "noaa_type": "depth",
    "osm_piers": 0,
    "osm_lighthouses": 0,
    "osm_breakwaters": 0,
    "osm_harbors": 0,
    "osm_rivers": 0,
    "osm_lakes": 0,
    "osm_beaches": 0,
    "osm_cliffs": 0,
    "osm_industrial": 0
   },
   "geometry": {
    "type": "Point",
    "coordinates": [
     17.04751828148406,
     56.970248776442894
    ]
   }
  },
  {
   "type": "Feature",
   "properties": {
    "timestamp": "2026-07-02T03:50:51.027270",
    "latitude": 54.0562172257734,
    "longitude": 10.841832234969461,
    "elevation": 0.0,
    "class_code": "COASTAL_SEA",
    "class_name": "\u041f\u0440\u0438\u0431\u0435\u0440\u0435\u0436\u044c\u0435 (\u043c\u043e\u0440\u0435)",
    "source_session": 9,
    "noaa_depth": -19.612363815307617,
    "noaa_type": "depth",
    "osm_piers": 0,
    "osm_lighthouses": 0,
    "osm_breakwaters": 0,
    "osm_harbors": 0,
    "osm_rivers": 0,
    "osm_lakes": 0,
    "osm_beaches": 0,
    "osm_cliffs": 0,
    "osm_industrial": 0
   },
   "geometry": {
    "type": "Point",
    "coordinates": [
     10.841832234969461,
     54.0562172257734
    ]
   }
  },
  {
   "type": "Feature",
   "properties": {
    "timestamp": "2026-07-02T07:26:08.877054",
    "latitude": 58.52837443663177,
    "longitude": 10.461319808190717,
    "elevation": 0.0,
    "class_code": "OPEN_SEA",
    "class_name": "\u041e\u0442\u043a\u0440\u044b\u0442\u043e\u0435 \u043c\u043e\u0440\u0435",
    "source_session": 12,
    "noaa_depth": -227.4114990234375,
    "noaa_type": "depth",
    "osm_piers": 0,
    "osm_lighthouses": 0,
    "osm_breakwaters": 0,
    "osm_harbors": 0,
    "osm_rivers": 0,
    "osm_lakes": 0,
    "osm_beaches": 0,
    "osm_cliffs": 0,
    "osm_industrial": 0
   },
   "geometry": {
    "type": "Point",
    "coordinates": [
     10.461319808190717,
     58.52837443663177
    ]
   }
  },
  {
   "type": "Feature",
   "properties": {
    "timestamp": "2026-07-02T05:46:20.087260",
    "latitude": 56.96072080191469,
    "longitude": 17.44278934803026,
    "elevation": 0.0,
    "class_code": "OPEN_SEA",
    "class_name": "\u041e\u0442\u043a\u0440\u044b\u0442\u043e\u0435 \u043c\u043e\u0440\u0435",
    "source_session": 10,
    "noaa_depth": -102.47334289550781,
    "noaa_type": "depth",
    "osm_piers": 0,
    "osm_lighthouses": 0,
    "osm_breakwaters": 0,
    "osm_harbors": 0,
    "osm_rivers": 0,
    "osm_lakes": 0,
    "osm_beaches": 0,
    "osm_cliffs": 0,
    "osm_industrial": 0
   },
   "geometry": {
    "type": "Point",
    "coordinates": [
     17.44278934803026,
     56.96072080191469
    ]
   }
  },
  {
   "type": "Feature",
   "properties": {
    "timestamp": "2026-07-02T03:37:58.870743",
    "latitude": 54.07043539104931,
    "longitude": 11.187319201854974,
    "elevation": 0.0,
    "class_code": "COASTAL_SEA",
    "class_name": "\u041f\u0440\u0438\u0431\u0435\u0440\u0435\u0436\u044c\u0435 (\u043c\u043e\u0440\u0435)",
    "source_session": 9,
    "noaa_depth": -22.06663942337069,
    "noaa_type": "depth",
    "osm_piers": 0,
    "osm_lighthouses": 0,
    "osm_breakwaters": 0,
    "osm_harbors": 0,
    "osm_rivers": 0,
    "osm_lakes": 0,
    "osm_beaches": 0,
    "osm_cliffs": 0,
    "osm_industrial": 0
   },
   "geometry": {
    "type": "Point",
    "coordinates": [
     11.187319201854974,
     54.07043539104931
    ]
   }
  },
  {
   "type": "Feature",
   "properties": {
    "timestamp": "2026-07-02T07:29:53.000574",
    "latitude": 58.528484193193975,
    "longitude": 10.617760274017273,
    "elevation": 0.0,
    "class_code": "OPEN_SEA",
    "class_name": "\u041e\u0442\u043a\u0440\u044b\u0442\u043e\u0435 \u043c\u043e\u0440\u0435",
    "source_session": 12,
    "noaa_depth": -154.49449157714844,
    "noaa_type": "depth",
    "osm_piers": 0,
    "osm_lighthouses": 0,
    "osm_breakwaters": 0,
    "osm_harbors": 0,
    "osm_rivers": 0,
    "osm_lakes": 0,
    "osm_beaches": 0,
    "osm_cliffs": 0,
    "osm_industrial": 0
   },
   "geometry": {
    "type": "Point",
    "coordinates": [
     10.617760274017273,
     58.528484193193975
    ]
   }
  },
  {
   "type": "Feature",
   "properties": {
    "timestamp": "2026-07-02T03:24:00.315480",
    "latitude": 54.077574129084844,
    "longitude": 11.439184073963792,
    "elevation": 0.0,
    "class_code": "COASTAL_SEA",
    "class_name": "\u041f\u0440\u0438\u0431\u0435\u0440\u0435\u0436\u044c\u0435 (\u043c\u043e\u0440\u0435)",
    "source_session": 9,
    "noaa_depth": -15.072639465332031,
    "noaa_type": "depth",
    "osm_piers": 0,
    "osm_lighthouses": 0,
    "osm_breakwaters": 0,
    "osm_harbors": 0,
    "osm_rivers": 0,
    "osm_lakes": 0,
    "osm_beaches": 0,
    "osm_cliffs": 0,
    "osm_industrial": 0
   },
   "geometry": {
    "type": "Point",
    "coordinates": [
     11.439184073963792,
     54.077574129084844
    ]
   }
  },
  {
   "type": "Feature",
   "properties": {
    "timestamp": "2026-07-02T06:16:34.357679",
    "latitude": 56.9684467424191,
    "longitude": 17.137927765296308,
    "elevation": 0.0,
    "class_code": "COASTAL_SEA",
    "class_name": "\u041f\u0440\u0438\u0431\u0435\u0440\u0435\u0436\u044c\u0435 (\u043c\u043e\u0440\u0435)",
    "source_session": 10,
    "noaa_depth": -60.03960800171023,
    "noaa_type": "depth",
    "osm_piers": 0,
    "osm_lighthouses": 0,
    "osm_breakwaters": 0,
    "osm_harbors": 0,
    "osm_rivers": 0,
    "osm_lakes": 0,
    "osm_beaches": 0,
    "osm_cliffs": 0,
    "osm_industrial": 0
   },
   "geometry": {
    "type": "Point",
    "coordinates": [
     17.137927765296308,
     56.9684467424191
    ]
   }
  },
  {
   "type": "Feature",
   "properties": {
    "timestamp": "2026-07-02T05:41:34.093234",
    "latitude": 56.96204409674266,
    "longitude": 17.507609474148417,
    "elevation": 0.0,
    "class_code": "OPEN_SEA",
    "class_name": "\u041e\u0442\u043a\u0440\u044b\u0442\u043e\u0435 \u043c\u043e\u0440\u0435",
    "source_session": 10,
    "noaa_depth": -102.74456787109297,
    "noaa_type": "depth",
    "osm_piers": 0,
    "osm_lighthouses": 0,
    "osm_breakwaters": 0,
    "osm_harbors": 0,
    "osm_rivers": 0,
    "osm_lakes": 0,
    "osm_beaches": 0,
    "osm_cliffs": 0,
    "osm_industrial": 0
   },
   "geometry": {
    "type": "Point",
    "coordinates": [
     17.507609474148417,
     56.96204409674266
    ]
   }
  },
  {
   "type": "Feature",
   "properties": {
    "timestamp": "2026-07-02T07:39:30.213048",
    "latitude": 58.51639653905068,
    "longitude": 9.597753088098687,
    "elevation": 0.0,
    "class_code": "OPEN_SEA",
    "class_name": "\u041e\u0442\u043a\u0440\u044b\u0442\u043e\u0435 \u043c\u043e\u0440\u0435",
    "source_session": 12,
    "noaa_depth": -551.6538696289131,
    "noaa_type": "depth",
    "osm_piers": 0,
    "osm_lighthouses": 0,
    "osm_breakwaters": 0,
    "osm_harbors": 0,
    "osm_rivers": 0,
    "osm_lakes": 0,
    "osm_beaches": 0,
    "osm_cliffs": 0,
    "osm_industrial": 0
   },
   "geometry": {
    "type": "Point",
    "coordinates": [
     9.597753088098687,
     58.51639653905068
    ]
   }
  },
  {
   "type": "Feature",
   "properties": {
    "timestamp": "2026-07-02T03:26:02.139022",
    "latitude": 54.07646610237082,
    "longitude": 11.391403175180766,
    "elevation": 0.0,
    "class_code": "COASTAL_SEA",
    "class_name": "\u041f\u0440\u0438\u0431\u0435\u0440\u0435\u0436\u044c\u0435 (\u043c\u043e\u0440\u0435)",
    "source_session": 9,
    "noaa_depth": -12.991437911987994,
    "noaa_type": "depth",
    "osm_piers": 0,
    "osm_lighthouses": 0,
    "osm_breakwaters": 0,
    "osm_harbors": 0,
    "osm_rivers": 0,
    "osm_lakes": 0,
    "osm_beaches": 0,
    "osm_cliffs": 0,
    "osm_industrial": 0
   },
   "geometry": {
    "type": "Point",
    "coordinates": [
     11.391403175180766,
     54.07646610237082
    ]
   }
  },
  {
   "type": "Feature",
   "properties": {
    "timestamp": "2026-07-02T05:45:03.415226",
    "latitude": 56.96355330592236,
    "longitude": 17.420001039968287,
    "elevation": 0.0,
    "class_code": "COASTAL_SEA",
    "class_name": "\u041f\u0440\u0438\u0431\u0435\u0440\u0435\u0436\u044c\u0435 (\u043c\u043e\u0440\u0435)",
    "source_session": 10,
    "noaa_depth": -99.73017883300781,
    "noaa_type": "depth",
    "osm_piers": 0,
    "osm_lighthouses": 0,
    "osm_breakwaters": 0,
    "osm_harbors": 0,
    "osm_rivers": 0,
    "osm_lakes": 0,
    "osm_beaches": 0,
    "osm_cliffs": 0,
    "osm_industrial": 0
   },
   "geometry": {
    "type": "Point",
    "coordinates": [
     17.420001039968287,
     56.96355330592236
    ]
   }
  },
  {
   "type": "Feature",
   "properties": {
    "timestamp": "2026-07-02T03:38:05.737553",
    "latitude": 54.070498330606526,
    "longitude": 11.18255320989481,
    "elevation": 0.0,
    "class_code": "COASTAL_SEA",
    "class_name": "\u041f\u0440\u0438\u0431\u0435\u0440\u0435\u0436\u044c\u0435 (\u043c\u043e\u0440\u0435)",
    "source_session": 9,
    "noaa_depth": -22.119138717651012,
    "noaa_type": "depth",
    "osm_piers": 0,
    "osm_lighthouses": 0,
    "osm_breakwaters": 0,
    "osm_harbors": 0,
    "osm_rivers": 0,
    "osm_lakes": 0,
    "osm_beaches": 0,
    "osm_cliffs": 0,
    "osm_industrial": 0
   },
   "geometry": {
    "type": "Point",
    "coordinates": [
     11.18255320989481,
     54.070498330606526
    ]
   }
  },
  {
   "type": "Feature",
   "properties": {
    "timestamp": "2026-07-02T06:48:19.229146",
    "latitude": 56.96476902969182,
    "longitude": 17.049721375732855,
    "elevation": 0.0,
    "class_code": "COASTAL_SEA",
    "class_name": "\u041f\u0440\u0438\u0431\u0435\u0440\u0435\u0436\u044c\u0435 (\u043c\u043e\u0440\u0435)",
    "source_session": 10,
    "noaa_depth": -22.233183860778052,
    "noaa_type": "depth",
    "osm_piers": 0,
    "osm_lighthouses": 0,
    "osm_breakwaters": 0,
    "osm_harbors": 0,
    "osm_rivers": 0,
    "osm_lakes": 0,
    "osm_beaches": 0,
    "osm_cliffs": 0,
    "osm_industrial": 0
   },
   "geometry": {
    "type": "Point",
    "coordinates": [
     17.049721375732855,
     56.96476902969182
    ]
   }
  },
  {
   "type": "Feature",
   "properties": {
    "timestamp": "2026-07-02T06:09:19.486589",
    "latitude": 56.96378246005391,
    "longitude": 17.409235641426754,
    "elevation": 0.0,
    "class_code": "COASTAL_SEA",
    "class_name": "\u041f\u0440\u0438\u0431\u0435\u0440\u0435\u0436\u044c\u0435 (\u043c\u043e\u0440\u0435)",
    "source_session": 10,
    "noaa_depth": -97.25017547607422,
    "noaa_type": "depth",
    "osm_piers": 0,
    "osm_lighthouses": 0,
    "osm_breakwaters": 0,
    "osm_harbors": 0,
    "osm_rivers": 0,
    "osm_lakes": 0,
    "osm_beaches": 0,
    "osm_cliffs": 0,
    "osm_industrial": 0
   },
   "geometry": {
    "type": "Point",
    "coordinates": [
     17.409235641426754,
     56.96378246005391
    ]
   }
  },
  {
   "type": "Feature",
   "properties": {
    "timestamp": "2026-07-02T06:11:36.623059",
    "latitude": 56.96519173256165,
    "longitude": 17.318618757575564,
    "elevation": 0.0,
    "class_code": "COASTAL_SEA",
    "class_name": "\u041f\u0440\u0438\u0431\u0435\u0440\u0435\u0436\u044c\u0435 (\u043c\u043e\u0440\u0435)",
    "source_session": 10,
    "noaa_depth": -72.39550018310547,
    "noaa_type": "depth",
    "osm_piers": 0,
    "osm_lighthouses": 0,
    "osm_breakwaters": 0,
    "osm_harbors": 0,
    "osm_rivers": 0,
    "osm_lakes": 0,
    "osm_beaches": 0,
    "osm_cliffs": 0,
    "osm_industrial": 0
   },
   "geometry": {
    "type": "Point",
    "coordinates": [
     17.318618757575564,
     56.96519173256165
    ]
   }
  },
  {
   "type": "Feature",
   "properties": {
    "timestamp": "2026-07-02T03:36:47.133516",
    "latitude": 54.07127776497834,
    "longitude": 11.225581273463082,
    "elevation": 0.0,
    "class_code": "COASTAL_SEA",
    "class_name": "\u041f\u0440\u0438\u0431\u0435\u0440\u0435\u0436\u044c\u0435 (\u043c\u043e\u0440\u0435)",
    "source_session": 9,
    "noaa_depth": -18.057650566104005,
    "noaa_type": "depth",
    "osm_piers": 0,
    "osm_lighthouses": 0,
    "osm_breakwaters": 0,
    "osm_harbors": 0,
    "osm_rivers": 0,
    "osm_lakes": 0,
    "osm_beaches": 0,
    "osm_cliffs": 0,
    "osm_industrial": 0
   },
   "geometry": {
    "type": "Point",
    "coordinates": [
     11.225581273463082,
     54.07127776497834
    ]
   }
  },
  {
   "type": "Feature",
   "properties": {
    "timestamp": "2026-07-02T07:35:39.431051",
    "latitude": 58.528766405477725,
    "longitude": 10.793844118632238,
    "elevation": 0.0,
    "class_code": "OPEN_SEA",
    "class_name": "\u041e\u0442\u043a\u0440\u044b\u0442\u043e\u0435 \u043c\u043e\u0440\u0435",
    "source_session": 12,
    "noaa_depth": -108.02339553833298,
    "noaa_type": "depth",
    "osm_piers": 0,
    "osm_lighthouses": 0,
    "osm_breakwaters": 0,
    "osm_harbors": 0,
    "osm_rivers": 0,
    "osm_lakes": 0,
    "osm_beaches": 0,
    "osm_cliffs": 0,
    "osm_industrial": 0
   },
   "geometry": {
    "type": "Point",
    "coordinates": [
     10.793844118632238,
     58.528766405477725
    ]
   }
  },
  {
   "type": "Feature",
   "properties": {
    "timestamp": "2026-07-02T04:01:30.788220",
    "latitude": 54.06892223703301,
    "longitude": 11.011166273518906,
    "elevation": 0.0,
    "class_code": "COASTAL_SEA",
    "class_name": "\u041f\u0440\u0438\u0431\u0435\u0440\u0435\u0436\u044c\u0435 (\u043c\u043e\u0440\u0435)",
    "source_session": 9,
    "noaa_depth": -22.540828704833984,
    "noaa_type": "depth",
    "osm_piers": 0,
    "osm_lighthouses": 0,
    "osm_breakwaters": 0,
    "osm_harbors": 0,
    "osm_rivers": 0,
    "osm_lakes": 0,
    "osm_beaches": 0,
    "osm_cliffs": 0,
    "osm_industrial": 0
   },
   "geometry": {
    "type": "Point",
    "coordinates": [
     11.011166273518906,
     54.06892223703301
    ]
   }
  },
  {
   "type": "Feature",
   "properties": {
    "timestamp": "2026-07-10T20:35:27.162425",
    "latitude": 55.69429799095198,
    "longitude": 13.725319821670416,
    "elevation": 88.0,
    "class_code": "COASTLINE",
    "class_name": "\u0421\u0443\u0448\u0430 \u0432\u0434\u0430\u043b\u0438 \u043e\u0442 \u043f\u043e\u0431\u0435\u0440\u0435\u0436\u044c\u044f",
    "source_session": 13,
    "noaa_depth": 87.4294662475586,
    "noaa_type": "height",
    "osm_piers": 0,
    "osm_lighthouses": 0,
    "osm_breakwaters": 0,
    "osm_harbors": 0,
    "osm_rivers": 0,
    "osm_lakes": 0,
    "osm_beaches": 0,
    "osm_cliffs": 0,
    "osm_industrial": 0
   },
   "geometry": {
    "type": "Point",
    "coordinates": [
     13.725319821670416,
     55.69429799095198
    ]
   }
  },
  {
   "type": "Feature",
   "properties": {
    "timestamp": "2026-07-02T03:20:27.061648",
    "latitude": 54.078604115745904,
    "longitude": 11.511563543890226,
    "elevation": 0.0,
    "class_code": "COASTAL_SEA",
    "class_name": "\u041f\u0440\u0438\u0431\u0435\u0440\u0435\u0436\u044c\u0435 (\u043c\u043e\u0440\u0435)",
    "source_session": 9,
    "noaa_depth": -5.996081829071045,
    "noaa_type": "depth",
    "osm_piers": 0,
    "osm_lighthouses": 0,
    "osm_breakwaters": 0,
    "osm_harbors": 0,
    "osm_rivers": 0,
    "osm_lakes": 0,
    "osm_beaches": 0,
    "osm_cliffs": 0,
    "osm_industrial": 0
   },
   "geometry": {
    "type": "Point",
    "coordinates": [
     11.511563543890226,
     54.078604115745904
    ]
   }
  },
  {
   "type": "Feature",
   "properties": {
    "timestamp": "2026-07-10T20:38:29.577120",
    "latitude": 55.882322363798366,
    "longitude": 13.719176513667593,
    "elevation": 139.0,
    "class_code": "COASTLINE",
    "class_name": "\u0421\u0443\u0448\u0430 \u0432\u0434\u0430\u043b\u0438 \u043e\u0442 \u043f\u043e\u0431\u0435\u0440\u0435\u0436\u044c\u044f",
    "source_session": 13,
    "noaa_depth": 136.5948028564453,
    "noaa_type": "height",
    "osm_piers": 0,
    "osm_lighthouses": 0,
    "osm_breakwaters": 0,
    "osm_harbors": 0,
    "osm_rivers": 0,
    "osm_lakes": 0,
    "osm_beaches": 0,
    "osm_cliffs": 0,
    "osm_industrial": 0
   },
   "geometry": {
    "type": "Point",
    "coordinates": [
     13.719176513667593,
     55.882322363798366
    ]
   }
  },
  {
   "type": "Feature",
   "properties": {
    "timestamp": "2026-07-02T04:01:11.231653",
    "latitude": 54.06849422991613,
    "longitude": 11.000238841502219,
    "elevation": 0.0,
    "class_code": "COASTAL_SEA",
    "class_name": "\u041f\u0440\u0438\u0431\u0435\u0440\u0435\u0436\u044c\u0435 (\u043c\u043e\u0440\u0435)",
    "source_session": 9,
    "noaa_depth": -22.383703231811523,
    "noaa_type": "depth",
    "osm_piers": 0,
    "osm_lighthouses": 0,
    "osm_breakwaters": 0,
    "osm_harbors": 0,
    "osm_rivers": 0,
    "osm_lakes": 0,
    "osm_beaches": 0,
    "osm_cliffs": 0,
    "osm_industrial": 0
   },
   "geometry": {
    "type": "Point",
    "coordinates": [
     11.000238841502219,
     54.06849422991613
    ]
   }
  },
  {
   "type": "Feature",
   "properties": {
    "timestamp": "2026-07-02T03:20:04.311810",
    "latitude": 54.07823661915972,
    "longitude": 11.520971010878876,
    "elevation": 0.0,
    "class_code": "COASTAL_SEA",
    "class_name": "\u041f\u0440\u0438\u0431\u0435\u0440\u0435\u0436\u044c\u0435 (\u043c\u043e\u0440\u0435)",
    "source_session": 9,
    "noaa_depth": -4.4960819482803345,
    "noaa_type": "depth",
    "osm_piers": 0,
    "osm_lighthouses": 0,
    "osm_breakwaters": 0,
    "osm_harbors": 0,
    "osm_rivers": 0,
    "osm_lakes": 0,
    "osm_beaches": 0,
    "osm_cliffs": 0,
    "osm_industrial": 0
   },
   "geometry": {
    "type": "Point",
    "coordinates": [
     11.520971010878876,
     54.07823661915972
    ]
   }
  },
  {
   "type": "Feature",
   "properties": {
    "timestamp": "2026-07-02T06:22:09.239683",
    "latitude": 56.971733406338025,
    "longitude": 16.96651535484216,
    "elevation": 0.0,
    "class_code": "COASTAL_SEA",
    "class_name": "\u041f\u0440\u0438\u0431\u0435\u0440\u0435\u0436\u044c\u0435 (\u043c\u043e\u0440\u0435)",
    "source_session": 10,
    "noaa_depth": -8.494454860684517,
    "noaa_type": "depth",
    "osm_piers": 0,
    "osm_lighthouses": 0,
    "osm_breakwaters": 0,
    "osm_harbors": 0,
    "osm_rivers": 0,
    "osm_lakes": 0,
    "osm_beaches": 0,
    "osm_cliffs": 0,
    "osm_industrial": 0
   },
   "geometry": {
    "type": "Point",
    "coordinates": [
     16.96651535484216,
     56.971733406338025
    ]
   }
  },
  {
   "type": "Feature",
   "properties": {
    "timestamp": "2026-07-02T07:13:36.052226",
    "latitude": 58.52326206504781,
    "longitude": 9.964531182686406,
    "elevation": 0.0,
    "class_code": "OPEN_SEA",
    "class_name": "\u041e\u0442\u043a\u0440\u044b\u0442\u043e\u0435 \u043c\u043e\u0440\u0435",
    "source_session": 12,
    "noaa_depth": -545.29345703125,
    "noaa_type": "depth",
    "osm_piers": 0,
    "osm_lighthouses": 0,
    "osm_breakwaters": 0,
    "osm_harbors": 0,
    "osm_rivers": 0,
    "osm_lakes": 0,
    "osm_beaches": 0,
    "osm_cliffs": 0,
    "osm_industrial": 0
   },
   "geometry": {
    "type": "Point",
    "coordinates": [
     9.964531182686406,
     58.52326206504781
    ]
   }
  },
  {
   "type": "Feature",
   "properties": {
    "timestamp": "2026-07-02T07:24:26.877948",
    "latitude": 58.52780324904411,
    "longitude": 10.383969046783694,
    "elevation": 0.0,
    "class_code": "OPEN_SEA",
    "class_name": "\u041e\u0442\u043a\u0440\u044b\u0442\u043e\u0435 \u043c\u043e\u0440\u0435",
    "source_session": 12,
    "noaa_depth": -284.831787109375,
    "noaa_type": "depth",
    "osm_piers": 0,
    "osm_lighthouses": 0,
    "osm_breakwaters": 0,
    "osm_harbors": 0,
    "osm_rivers": 0,
    "osm_lakes": 0,
    "osm_beaches": 0,
    "osm_cliffs": 0,
    "osm_industrial": 0
   },
   "geometry": {
    "type": "Point",
    "coordinates": [
     10.383969046783694,
     58.52780324904411
    ]
   }
  },
  {
   "type": "Feature",
   "properties": {
    "timestamp": "2026-07-02T07:34:03.478287",
    "latitude": 58.528416978093965,
    "longitude": 10.731864754718274,
    "elevation": 0.0,
    "class_code": "OPEN_SEA",
    "class_name": "\u041e\u0442\u043a\u0440\u044b\u0442\u043e\u0435 \u043c\u043e\u0440\u0435",
    "source_session": 12,
    "noaa_depth": -133.9263458251953,
    "noaa_type": "depth",
    "osm_piers": 0,
    "osm_lighthouses": 0,
    "osm_breakwaters": 0,
    "osm_harbors": 0,
    "osm_rivers": 0,
    "osm_lakes": 0,
    "osm_beaches": 0,
    "osm_cliffs": 0,
    "osm_industrial": 0
   },
   "geometry": {
    "type": "Point",
    "coordinates": [
     10.731864754718274,
     58.528416978093965
    ]
   }
  },
  {
   "type": "Feature",
   "properties": {
    "timestamp": "2026-07-10T20:55:49.085024",
    "latitude": 56.601413120184645,
    "longitude": 14.111584936003753,
    "elevation": 150.0,
    "class_code": "COASTLINE",
    "class_name": "\u0421\u0443\u0448\u0430 \u0432\u0434\u0430\u043b\u0438 \u043e\u0442 \u043f\u043e\u0431\u0435\u0440\u0435\u0436\u044c\u044f",
    "source_session": 15,
    "noaa_depth": 142.11932373046875,
    "noaa_type": "height",
    "osm_piers": 0,
    "osm_lighthouses": 0,
    "osm_breakwaters": 0,
    "osm_harbors": 0,
    "osm_rivers": 0,
    "osm_lakes": 0,
    "osm_beaches": 0,
    "osm_cliffs": 0,
    "osm_industrial": 0
   },
   "geometry": {
    "type": "Point",
    "coordinates": [
     14.111584936003753,
     56.601413120184645
    ]
   }
  },
  {
   "type": "Feature",
   "properties": {
    "timestamp": "2026-07-02T11:49:30.372839",
    "latitude": 56.84087826178406,
    "longitude": 9.944066553496791,
    "elevation": 51.0,
    "class_code": "COASTLINE",
    "class_name": "\u0421\u0443\u0448\u0430 \u0432\u0434\u0430\u043b\u0438 \u043e\u0442 \u043f\u043e\u0431\u0435\u0440\u0435\u0436\u044c\u044f",
    "source_session": 5,
    "noaa_depth": 54.66417694091797,
    "noaa_type": "height",
    "osm_piers": 0,
    "osm_lighthouses": 0,
    "osm_breakwaters": 0,
    "osm_harbors": 0,
    "osm_rivers": 0,
    "osm_lakes": 0,
    "osm_beaches": 0,
    "osm_cliffs": 0,
    "osm_industrial": 0
   },
   "geometry": {
    "type": "Point",
    "coordinates": [
     9.944066553496791,
     56.84087826178406
    ]
   }
  },
  {
   "type": "Feature",
   "properties": {
    "timestamp": "2026-07-02T07:47:32.754195",
    "latitude": 58.51962075537904,
    "longitude": 9.89217116801434,
    "elevation": 0.0,
    "class_code": "OPEN_SEA",
    "class_name": "\u041e\u0442\u043a\u0440\u044b\u0442\u043e\u0435 \u043c\u043e\u0440\u0435",
    "source_session": 12,
    "noaa_depth": -522.3323364257812,
    "noaa_type": "depth",
    "osm_piers": 0,
    "osm_lighthouses": 0,
    "osm_breakwaters": 0,
    "osm_harbors": 0,
    "osm_rivers": 0,
    "osm_lakes": 0,
    "osm_beaches": 0,
    "osm_cliffs": 0,
    "osm_industrial": 0
   },
   "geometry": {
    "type": "Point",
    "coordinates": [
     9.89217116801434,
     58.51962075537904
    ]
   }
  },
  {
   "type": "Feature",
   "properties": {
    "timestamp": "2026-07-02T02:42:53.697155",
    "latitude": 54.060835906079916,
    "longitude": 11.102256393400623,
    "elevation": 0.0,
    "class_code": "COASTAL_SEA",
    "class_name": "\u041f\u0440\u0438\u0431\u0435\u0440\u0435\u0436\u044c\u0435 (\u043c\u043e\u0440\u0435)",
    "source_session": 9,
    "noaa_depth": -23.904808044433594,
    "noaa_type": "depth",
    "osm_piers": 0,
    "osm_lighthouses": 0,
    "osm_breakwaters": 0,
    "osm_harbors": 0,
    "osm_rivers": 0,
    "osm_lakes": 0,
    "osm_beaches": 0,
    "osm_cliffs": 0,
    "osm_industrial": 0
   },
   "geometry": {
    "type": "Point",
    "coordinates": [
     11.102256393400623,
     54.060835906079916
    ]
   }
  },
  {
   "type": "Feature",
   "properties": {
    "timestamp": "2026-07-02T05:40:53.395773",
    "latitude": 56.96212602879115,
    "longitude": 17.513041595765298,
    "elevation": 0.0,
    "class_code": "OPEN_SEA",
    "class_name": "\u041e\u0442\u043a\u0440\u044b\u0442\u043e\u0435 \u043c\u043e\u0440\u0435",
    "source_session": 10,
    "noaa_depth": -103.26957321166853,
    "noaa_type": "depth",
    "osm_piers": 0,
    "osm_lighthouses": 0,
    "osm_breakwaters": 0,
    "osm_harbors": 0,
    "osm_rivers": 0,
    "osm_lakes": 0,
    "osm_beaches": 0,
    "osm_cliffs": 0,
    "osm_industrial": 0
   },
   "geometry": {
    "type": "Point",
    "coordinates": [
     17.513041595765298,
     56.96212602879115
    ]
   }
  },
  {
   "type": "Feature",
   "properties": {
    "timestamp": "2026-07-02T07:02:53.125470",
    "latitude": 58.51986556931341,
    "longitude": 9.622525926536968,
    "elevation": 0.0,
    "class_code": "OPEN_SEA",
    "class_name": "\u041e\u0442\u043a\u0440\u044b\u0442\u043e\u0435 \u043c\u043e\u0440\u0435",
    "source_session": 12,
    "noaa_depth": -548.6536254882812,
    "noaa_type": "depth",
    "osm_piers": 0,
    "osm_lighthouses": 0,
    "osm_breakwaters": 0,
    "osm_harbors": 0,
    "osm_rivers": 0,
    "osm_lakes": 0,
    "osm_beaches": 0,
    "osm_cliffs": 0,
    "osm_industrial": 0
   },
   "geometry": {
    "type": "Point",
    "coordinates": [
     9.622525926536968,
     58.51986556931341
    ]
   }
  },
  {
   "type": "Feature",
   "properties": {
    "timestamp": "2026-07-02T08:03:14.225059",
    "latitude": 58.52486114843324,
    "longitude": 10.451852033919343,
    "elevation": 0.0,
    "class_code": "OPEN_SEA",
    "class_name": "\u041e\u0442\u043a\u0440\u044b\u0442\u043e\u0435 \u043c\u043e\u0440\u0435",
    "source_session": 12,
    "noaa_depth": -234.13650512694664,
    "noaa_type": "depth",
    "osm_piers": 0,
    "osm_lighthouses": 0,
    "osm_breakwaters": 0,
    "osm_harbors": 0,
    "osm_rivers": 0,
    "osm_lakes": 0,
    "osm_beaches": 0,
    "osm_cliffs": 0,
    "osm_industrial": 0
   },
   "geometry": {
    "type": "Point",
    "coordinates": [
     10.451852033919343,
     58.52486114843324
    ]
   }
  },
  {
   "type": "Feature",
   "properties": {
    "timestamp": "2026-07-02T11:52:46.144494",
    "latitude": 61.16976754867314,
    "longitude": 9.251658046302662,
    "elevation": 0.0,
    "class_code": "COASTLINE",
    "class_name": "\u0421\u0443\u0448\u0430 \u0432\u0434\u0430\u043b\u0438 \u043e\u0442 \u043f\u043e\u0431\u0435\u0440\u0435\u0436\u044c\u044f",
    "source_session": 5,
    "noaa_depth": 874.750244140625,
    "noaa_type": "height",
    "osm_piers": 0,
    "osm_lighthouses": 0,
    "osm_breakwaters": 0,
    "osm_harbors": 0,
    "osm_rivers": 0,
    "osm_lakes": 0,
    "osm_beaches": 0,
    "osm_cliffs": 0,
    "osm_industrial": 0
   },
   "geometry": {
    "type": "Point",
    "coordinates": [
     9.251658046302662,
     61.16976754867314
    ]
   }
  },
  {
   "type": "Feature",
   "properties": {
    "timestamp": "2026-07-02T07:57:47.700681",
    "latitude": 58.52385530330362,
    "longitude": 10.274737467833283,
    "elevation": 0.0,
    "class_code": "OPEN_SEA",
    "class_name": "\u041e\u0442\u043a\u0440\u044b\u0442\u043e\u0435 \u043c\u043e\u0440\u0435",
    "source_session": 12,
    "noaa_depth": -359.92880249023574,
    "noaa_type": "depth",
    "osm_piers": 0,
    "osm_lighthouses": 0,
    "osm_breakwaters": 0,
    "osm_harbors": 0,
    "osm_rivers": 0,
    "osm_lakes": 0,
    "osm_beaches": 0,
    "osm_cliffs": 0,
    "osm_industrial": 0
   },
   "geometry": {
    "type": "Point",
    "coordinates": [
     10.274737467833283,
     58.52385530330362
    ]
   }
  },
  {
   "type": "Feature",
   "properties": {
    "timestamp": "2026-07-02T08:13:49.253233",
    "latitude": 58.5223903489152,
    "longitude": 10.784435166845345,
    "elevation": 0.0,
    "class_code": "OPEN_SEA",
    "class_name": "\u041e\u0442\u043a\u0440\u044b\u0442\u043e\u0435 \u043c\u043e\u0440\u0435",
    "source_session": 12,
    "noaa_depth": -112.93839263916016,
    "noaa_type": "depth",
    "osm_piers": 0,
    "osm_lighthouses": 0,
    "osm_breakwaters": 0,
    "osm_harbors": 0,
    "osm_rivers": 0,
    "osm_lakes": 0,
    "osm_beaches": 0,
    "osm_cliffs": 0,
    "osm_industrial": 0
   },
   "geometry": {
    "type": "Point",
    "coordinates": [
     10.784435166845345,
     58.5223903489152
    ]
   }
  },
  {
   "type": "Feature",
   "properties": {
    "timestamp": "2026-07-02T03:15:40.195907",
    "latitude": 54.070069796740945,
    "longitude": 11.430824821229699,
    "elevation": 0.0,
    "class_code": "COASTAL_SEA",
    "class_name": "\u041f\u0440\u0438\u0431\u0435\u0440\u0435\u0436\u044c\u0435 (\u043c\u043e\u0440\u0435)",
    "source_session": 9,
    "noaa_depth": -8.84942626953125,
    "noaa_type": "depth",
    "osm_piers": 0,
    "osm_lighthouses": 0,
    "osm_breakwaters": 0,
    "osm_harbors": 0,
    "osm_rivers": 0,
    "osm_lakes": 0,
    "osm_beaches": 0,
    "osm_cliffs": 0,
    "osm_industrial": 0
   },
   "geometry": {
    "type": "Point",
    "coordinates": [
     11.430824821229699,
     54.070069796740945
    ]
   }
  },
  {
   "type": "Feature",
   "properties": {
    "timestamp": "2026-07-04T15:14:36.203551",
    "latitude": 56.33772284481395,
    "longitude": 10.160369610268805,
    "elevation": 80.0,
    "class_code": "COASTLINE",
    "class_name": "\u0421\u0443\u0448\u0430 \u0432\u0434\u0430\u043b\u0438 \u043e\u0442 \u043f\u043e\u0431\u0435\u0440\u0435\u0436\u044c\u044f",
    "source_session": 3,
    "noaa_depth": 78.02724456787976,
    "noaa_type": "height",
    "osm_piers": 0,
    "osm_lighthouses": 0,
    "osm_breakwaters": 0,
    "osm_harbors": 0,
    "osm_rivers": 0,
    "osm_lakes": 0,
    "osm_beaches": 0,
    "osm_cliffs": 0,
    "osm_industrial": 0
   },
   "geometry": {
    "type": "Point",
    "coordinates": [
     10.160369610268805,
     56.33772284481395
    ]
   }
  },
  {
   "type": "Feature",
   "properties": {
    "timestamp": "2026-07-03T01:12:48.727490",
    "latitude": 53.69611374533494,
    "longitude": 10.495083596798054,
    "elevation": 71.0,
    "class_code": "COASTLINE",
    "class_name": "\u0421\u0443\u0448\u0430 \u0432\u0434\u0430\u043b\u0438 \u043e\u0442 \u043f\u043e\u0431\u0435\u0440\u0435\u0436\u044c\u044f",
    "source_session": 11,
    "noaa_depth": 73.3616676330443,
    "noaa_type": "height",
    "osm_piers": 0,
    "osm_lighthouses": 0,
    "osm_breakwaters": 0,
    "osm_harbors": 0,
    "osm_rivers": 0,
    "osm_lakes": 0,
    "osm_beaches": 0,
    "osm_cliffs": 0,
    "osm_industrial": 0
   },
   "geometry": {
    "type": "Point",
    "coordinates": [
     10.495083596798054,
     53.69611374533494
    ]
   }
  },
  {
   "type": "Feature",
   "properties": {
    "timestamp": "2026-07-10T20:26:38.969486",
    "latitude": 55.60429077841123,
    "longitude": 13.384182759003163,
    "elevation": 30.0,
    "class_code": "NEAR_COAST",
    "class_name": "\u041f\u043e\u0431\u0435\u0440\u0435\u0436\u044c\u0435 (\u0441\u0443\u0448\u0430)",
    "source_session": 13,
    "noaa_depth": 32.917043685913086,
    "noaa_type": "height",
    "osm_piers": 0,
    "osm_lighthouses": 0,
    "osm_breakwaters": 0,
    "osm_harbors": 0,
    "osm_rivers": 0,
    "osm_lakes": 0,
    "osm_beaches": 0,
    "osm_cliffs": 0,
    "osm_industrial": 0
   },
   "geometry": {
    "type": "Point",
    "coordinates": [
     13.384182759003163,
     55.60429077841123
    ]
   }
  },
  {
   "type": "Feature",
   "properties": {
    "timestamp": "2026-07-02T06:12:58.397519",
    "latitude": 56.966259085806236,
    "longitude": 17.262366692236835,
    "elevation": 0.0,
    "class_code": "COASTAL_SEA",
    "class_name": "\u041f\u0440\u0438\u0431\u0435\u0440\u0435\u0436\u044c\u0435 (\u043c\u043e\u0440\u0435)",
    "source_session": 10,
    "noaa_depth": -60.80063533782702,
    "noaa_type": "depth",
    "osm_piers": 0,
    "osm_lighthouses": 0,
    "osm_breakwaters": 0,
    "osm_harbors": 0,
    "osm_rivers": 0,
    "osm_lakes": 0,
    "osm_beaches": 0,
    "osm_cliffs": 0,
    "osm_industrial": 0
   },
   "geometry": {
    "type": "Point",
    "coordinates": [
     17.262366692236835,
     56.966259085806236
    ]
   }
  },
  {
   "type": "Feature",
   "properties": {
    "timestamp": "2026-07-02T06:47:59.509828",
    "latitude": 56.964628584603915,
    "longitude": 17.038500998092843,
    "elevation": 0.0,
    "class_code": "COASTAL_SEA",
    "class_name": "\u041f\u0440\u0438\u0431\u0435\u0440\u0435\u0436\u044c\u0435 (\u043c\u043e\u0440\u0435)",
    "source_session": 10,
    "noaa_depth": -21.248184204101562,
    "noaa_type": "depth",
    "osm_piers": 0,
    "osm_lighthouses": 0,
    "osm_breakwaters": 0,
    "osm_harbors": 0,
    "osm_rivers": 0,
    "osm_lakes": 0,
    "osm_beaches": 0,
    "osm_cliffs": 0,
    "osm_industrial": 0
   },
   "geometry": {
    "type": "Point",
    "coordinates": [
     17.038500998092843,
     56.964628584603915
    ]
   }
  },
  {
   "type": "Feature",
   "properties": {
    "timestamp": "2026-07-02T03:50:08.481184",
    "latitude": 54.05669572780295,
    "longitude": 10.856452237333638,
    "elevation": 0.0,
    "class_code": "COASTAL_SEA",
    "class_name": "\u041f\u0440\u0438\u0431\u0435\u0440\u0435\u0436\u044c\u0435 (\u043c\u043e\u0440\u0435)",
    "source_session": 9,
    "noaa_depth": -20.38736343383789,
    "noaa_type": "depth",
    "osm_piers": 0,
    "osm_lighthouses": 0,
    "osm_breakwaters": 0,
    "osm_harbors": 0,
    "osm_rivers": 0,
    "osm_lakes": 0,
    "osm_beaches": 0,
    "osm_cliffs": 0,
    "osm_industrial": 0
   },
   "geometry": {
    "type": "Point",
    "coordinates": [
     10.856452237333638,
     54.05669572780295
    ]
   }
  },
  {
   "type": "Feature",
   "properties": {
    "timestamp": "2026-07-02T03:11:58.216500",
    "latitude": 54.067300025007256,
    "longitude": 11.320039303665624,
    "elevation": 0.0,
    "class_code": "COASTAL_SEA",
    "class_name": "\u041f\u0440\u0438\u0431\u0435\u0440\u0435\u0436\u044c\u0435 (\u043c\u043e\u0440\u0435)",
    "source_session": 9,
    "noaa_depth": -10.342550277709961,
    "noaa_type": "depth",
    "osm_piers": 0,
    "osm_lighthouses": 0,
    "osm_breakwaters": 0,
    "osm_harbors": 0,
    "osm_rivers": 0,
    "osm_lakes": 0,
    "osm_beaches": 0,
    "osm_cliffs": 0,
    "osm_industrial": 0
   },
   "geometry": {
    "type": "Point",
    "coordinates": [
     11.320039303665624,
     54.067300025007256
    ]
   }
  },
  {
   "type": "Feature",
   "properties": {
    "timestamp": "2026-07-02T02:39:33.372870",
    "latitude": 54.05563319092748,
    "longitude": 10.966937523372955,
    "elevation": 0.0,
    "class_code": "COASTAL_SEA",
    "class_name": "\u041f\u0440\u0438\u0431\u0435\u0440\u0435\u0436\u044c\u0435 (\u043c\u043e\u0440\u0435)",
    "source_session": 9,
    "noaa_depth": -23.627256393432713,
    "noaa_type": "depth",
    "osm_piers": 0,
    "osm_lighthouses": 0,
    "osm_breakwaters": 0,
    "osm_harbors": 0,
    "osm_rivers": 0,
    "osm_lakes": 0,
    "osm_beaches": 0,
    "osm_cliffs": 0,
    "osm_industrial": 0
   },
   "geometry": {
    "type": "Point",
    "coordinates": [
     10.966937523372955,
     54.05563319092748
    ]
   }
  },
  {
   "type": "Feature",
   "properties": {
    "timestamp": "2026-07-02T02:51:34.403154",
    "latitude": 54.06595309410874,
    "longitude": 11.26164547998174,
    "elevation": 0.0,
    "class_code": "COASTAL_SEA",
    "class_name": "\u041f\u0440\u0438\u0431\u0435\u0440\u0435\u0436\u044c\u0435 (\u043c\u043e\u0440\u0435)",
    "source_session": 9,
    "noaa_depth": -16.643768310546875,
    "noaa_type": "depth",
    "osm_piers": 0,
    "osm_lighthouses": 0,
    "osm_breakwaters": 0,
    "osm_harbors": 0,
    "osm_rivers": 0,
    "osm_lakes": 0,
    "osm_beaches": 0,
    "osm_cliffs": 0,
    "osm_industrial": 0
   },
   "geometry": {
    "type": "Point",
    "coordinates": [
     11.26164547998174,
     54.06595309410874
    ]
   }
  },
  {
   "type": "Feature",
   "properties": {
    "timestamp": "2026-07-02T07:18:34.874208",
    "latitude": 58.52524519666507,
    "longitude": 10.139374763919013,
    "elevation": 0.0,
    "class_code": "OPEN_SEA",
    "class_name": "\u041e\u0442\u043a\u0440\u044b\u0442\u043e\u0435 \u043c\u043e\u0440\u0435",
    "source_session": 12,
    "noaa_depth": -454.39149475097656,
    "noaa_type": "depth",
    "osm_piers": 0,
    "osm_lighthouses": 0,
    "osm_breakwaters": 0,
    "osm_harbors": 0,
    "osm_rivers": 0,
    "osm_lakes": 0,
    "osm_beaches": 0,
    "osm_cliffs": 0,
    "osm_industrial": 0
   },
   "geometry": {
    "type": "Point",
    "coordinates": [
     10.139374763919013,
     58.52524519666507
    ]
   }
  },
  {
   "type": "Feature",
   "properties": {
    "timestamp": "2026-07-02T03:08:21.710626",
    "latitude": 54.06697523086106,
    "longitude": 11.299858977347935,
    "elevation": 0.0,
    "class_code": "COASTAL_SEA",
    "class_name": "\u041f\u0440\u0438\u0431\u0435\u0440\u0435\u0436\u044c\u0435 (\u043c\u043e\u0440\u0435)",
    "source_session": 9,
    "noaa_depth": -14.993524789810294,
    "noaa_type": "depth",
    "osm_piers": 0,
    "osm_lighthouses": 0,
    "osm_breakwaters": 0,
    "osm_harbors": 0,
    "osm_rivers": 0,
    "osm_lakes": 0,
    "osm_beaches": 0,
    "osm_cliffs": 0,
    "osm_industrial": 0
   },
   "geometry": {
    "type": "Point",
    "coordinates": [
     11.299858977347935,
     54.06697523086106
    ]
   }
  },
  {
   "type": "Feature",
   "properties": {
    "timestamp": "2026-07-02T03:49:07.039691",
    "latitude": 54.05979074726497,
    "longitude": 10.894021993776146,
    "elevation": 0.0,
    "class_code": "COASTAL_SEA",
    "class_name": "\u041f\u0440\u0438\u0431\u0435\u0440\u0435\u0436\u044c\u0435 (\u043c\u043e\u0440\u0435)",
    "source_session": 9,
    "noaa_depth": -21.670433044433594,
    "noaa_type": "depth",
    "osm_piers": 0,
    "osm_lighthouses": 0,
    "osm_breakwaters": 0,
    "osm_harbors": 0,
    "osm_rivers": 0,
    "osm_lakes": 0,
    "osm_beaches": 0,
    "osm_cliffs": 0,
    "osm_industrial": 0
   },
   "geometry": {
    "type": "Point",
    "coordinates": [
     10.894021993776146,
     54.05979074726497
    ]
   }
  },
  {
   "type": "Feature",
   "properties": {
    "timestamp": "2026-07-02T07:41:21.072247",
    "latitude": 58.517079945293496,
    "longitude": 9.661664610915444,
    "elevation": 0.0,
    "class_code": "OPEN_SEA",
    "class_name": "\u041e\u0442\u043a\u0440\u044b\u0442\u043e\u0435 \u043c\u043e\u0440\u0435",
    "source_session": 12,
    "noaa_depth": -536.9651794433594,
    "noaa_type": "depth",
    "osm_piers": 0,
    "osm_lighthouses": 0,
    "osm_breakwaters": 0,
    "osm_harbors": 0,
    "osm_rivers": 0,
    "osm_lakes": 0,
    "osm_beaches": 0,
    "osm_cliffs": 0,
    "osm_industrial": 0
   },
   "geometry": {
    "type": "Point",
    "coordinates": [
     9.661664610915444,
     58.517079945293496
    ]
   }
  },
  {
   "type": "Feature",
   "properties": {
    "timestamp": "2026-07-02T03:41:31.530864",
    "latitude": 54.06912360230659,
    "longitude": 11.148086539401298,
    "elevation": 0.0,
    "class_code": "COASTAL_SEA",
    "class_name": "\u041f\u0440\u0438\u0431\u0435\u0440\u0435\u0436\u044c\u0435 (\u043c\u043e\u0440\u0435)",
    "source_session": 9,
    "noaa_depth": -23.017475128173828,
    "noaa_type": "depth",
    "osm_piers": 0,
    "osm_lighthouses": 0,
    "osm_breakwaters": 0,
    "osm_harbors": 0,
    "osm_rivers": 0,
    "osm_lakes": 0,
    "osm_beaches": 0,
    "osm_cliffs": 0,
    "osm_industrial": 0
   },
   "geometry": {
    "type": "Point",
    "coordinates": [
     11.148086539401298,
     54.06912360230659
    ]
   }
  },
  {
   "type": "Feature",
   "properties": {
    "timestamp": "2026-07-02T03:55:50.207825",
    "latitude": 54.0625272129639,
    "longitude": 10.815673405927969,
    "elevation": 0.0,
    "class_code": "COASTAL_SEA",
    "class_name": "\u041f\u0440\u0438\u0431\u0435\u0440\u0435\u0436\u044c\u0435 (\u043c\u043e\u0440\u0435)",
    "source_session": 9,
    "noaa_depth": -14.686172008521512,
    "noaa_type": "depth",
    "osm_piers": 0,
    "osm_lighthouses": 0,
    "osm_breakwaters": 0,
    "osm_harbors": 0,
    "osm_rivers": 0,
    "osm_lakes": 0,
    "osm_beaches": 0,
    "osm_cliffs": 0,
    "osm_industrial": 0
   },
   "geometry": {
    "type": "Point",
    "coordinates": [
     10.815673405927969,
     54.0625272129639
    ]
   }
  },
  {
   "type": "Feature",
   "properties": {
    "timestamp": "2026-07-10T20:37:13.782987",
    "latitude": 55.79005724595732,
    "longitude": 13.72407088581592,
    "elevation": 150.0,
    "class_code": "COASTLINE",
    "class_name": "\u0421\u0443\u0448\u0430 \u0432\u0434\u0430\u043b\u0438 \u043e\u0442 \u043f\u043e\u0431\u0435\u0440\u0435\u0436\u044c\u044f",
    "source_session": 13,
    "noaa_depth": 147.54498291015625,
    "noaa_type": "height",
    "osm_piers": 0,
    "osm_lighthouses": 0,
    "osm_breakwaters": 0,
    "osm_harbors": 0,
    "osm_rivers": 0,
    "osm_lakes": 0,
    "osm_beaches": 0,
    "osm_cliffs": 0,
    "osm_industrial": 0
   },
   "geometry": {
    "type": "Point",
    "coordinates": [
     13.72407088581592,
     55.79005724595732
    ]
   }
  },
  {
   "type": "Feature",
   "properties": {
    "timestamp": "2026-07-02T11:55:02.364802",
    "latitude": 59.783360751951115,
    "longitude": 8.26306339687117,
    "elevation": 1100.0,
    "class_code": "COASTLINE",
    "class_name": "\u0421\u0443\u0448\u0430 \u0432\u0434\u0430\u043b\u0438 \u043e\u0442 \u043f\u043e\u0431\u0435\u0440\u0435\u0436\u044c\u044f",
    "source_session": 5,
    "noaa_depth": 1079.050354003954,
    "noaa_type": "height",
    "osm_piers": 0,
    "osm_lighthouses": 0,
    "osm_breakwaters": 0,
    "osm_harbors": 0,
    "osm_rivers": 0,
    "osm_lakes": 0,
    "osm_beaches": 0,
    "osm_cliffs": 0,
    "osm_industrial": 0
   },
   "geometry": {
    "type": "Point",
    "coordinates": [
     8.26306339687117,
     59.783360751951115
    ]
   }
  },
  {
   "type": "Feature",
   "properties": {
    "timestamp": "2026-07-02T08:01:49.418390",
    "latitude": 58.524840987008126,
    "longitude": 10.398588853499977,
    "elevation": 0.0,
    "class_code": "OPEN_SEA",
    "class_name": "\u041e\u0442\u043a\u0440\u044b\u0442\u043e\u0435 \u043c\u043e\u0440\u0435",
    "source_session": 12,
    "noaa_depth": -279.27677917479843,
    "noaa_type": "depth",
    "osm_piers": 0,
    "osm_lighthouses": 0,
    "osm_breakwaters": 0,
    "osm_harbors": 0,
    "osm_rivers": 0,
    "osm_lakes": 0,
    "osm_beaches": 0,
    "osm_cliffs": 0,
    "osm_industrial": 0
   },
   "geometry": {
    "type": "Point",
    "coordinates": [
     10.398588853499977,
     58.524840987008126
    ]
   }
  },
  {
   "type": "Feature",
   "properties": {
    "timestamp": "2026-07-02T05:49:07.926442",
    "latitude": 56.96230328522936,
    "longitude": 17.5239879815003,
    "elevation": 0.0,
    "class_code": "OPEN_SEA",
    "class_name": "\u041e\u0442\u043a\u0440\u044b\u0442\u043e\u0435 \u043c\u043e\u0440\u0435",
    "source_session": 10,
    "noaa_depth": -103.77457046508789,
    "noaa_type": "depth",
    "osm_piers": 0,
    "osm_lighthouses": 0,
    "osm_breakwaters": 0,
    "osm_harbors": 0,
    "osm_rivers": 0,
    "osm_lakes": 0,
    "osm_beaches": 0,
    "osm_cliffs": 0,
    "osm_industrial": 0
   },
   "geometry": {
    "type": "Point",
    "coordinates": [
     17.5239879815003,
     56.96230328522936
    ]
   }
  },
  {
   "type": "Feature",
   "properties": {
    "timestamp": "2026-07-02T08:06:24.404279",
    "latitude": 58.525228532330004,
    "longitude": 10.555072256191036,
    "elevation": 0.0,
    "class_code": "OPEN_SEA",
    "class_name": "\u041e\u0442\u043a\u0440\u044b\u0442\u043e\u0435 \u043c\u043e\u0440\u0435",
    "source_session": 12,
    "noaa_depth": -173.5622787475586,
    "noaa_type": "depth",
    "osm_piers": 0,
    "osm_lighthouses": 0,
    "osm_breakwaters": 0,
    "osm_harbors": 0,
    "osm_rivers": 0,
    "osm_lakes": 0,
    "osm_beaches": 0,
    "osm_cliffs": 0,
    "osm_industrial": 0
   },
   "geometry": {
    "type": "Point",
    "coordinates": [
     10.555072256191036,
     58.525228532330004
    ]
   }
  },
  {
   "type": "Feature",
   "properties": {
    "timestamp": "2026-07-02T03:25:37.109482",
    "latitude": 54.076202258930856,
    "longitude": 11.401335227901988,
    "elevation": 0.0,
    "class_code": "COASTAL_SEA",
    "class_name": "\u041f\u0440\u0438\u0431\u0435\u0440\u0435\u0436\u044c\u0435 (\u043c\u043e\u0440\u0435)",
    "source_session": 9,
    "noaa_depth": -15.809426307678223,
    "noaa_type": "depth",
    "osm_piers": 0,
    "osm_lighthouses": 0,
    "osm_breakwaters": 0,
    "osm_harbors": 0,
    "osm_rivers": 0,
    "osm_lakes": 0,
    "osm_beaches": 0,
    "osm_cliffs": 0,
    "osm_industrial": 0
   },
   "geometry": {
    "type": "Point",
    "coordinates": [
     11.401335227901988,
     54.076202258930856
    ]
   }
  },
  {
   "type": "Feature",
   "properties": {
    "timestamp": "2026-07-01T19:32:01.230301",
    "latitude": 58.95588093092239,
    "longitude": 9.876619114551618,
    "elevation": 0.0,
    "class_code": "COASTAL_SEA",
    "class_name": "\u041f\u0440\u0438\u0431\u0435\u0440\u0435\u0436\u044c\u0435 (\u043c\u043e\u0440\u0435)",
    "source_session": 5,
    "noaa_depth": -20.004117965698242,
    "noaa_type": "depth",
    "osm_piers": 0,
    "osm_lighthouses": 0,
    "osm_breakwaters": 0,
    "osm_harbors": 0,
    "osm_rivers": 0,
    "osm_lakes": 0,
    "osm_beaches": 0,
    "osm_cliffs": 0,
    "osm_industrial": 0
   },
   "geometry": {
    "type": "Point",
    "coordinates": [
     9.876619114551618,
     58.95588093092239
    ]
   }
  },
  {
   "type": "Feature",
   "properties": {
    "timestamp": "2026-07-02T07:01:38.090640",
    "latitude": 58.51950709124282,
    "longitude": 9.58763972412609,
    "elevation": 0.0,
    "class_code": "OPEN_SEA",
    "class_name": "\u041e\u0442\u043a\u0440\u044b\u0442\u043e\u0435 \u043c\u043e\u0440\u0435",
    "source_session": 12,
    "noaa_depth": -545.3488769531257,
    "noaa_type": "depth",
    "osm_piers": 0,
    "osm_lighthouses": 0,
    "osm_breakwaters": 0,
    "osm_harbors": 0,
    "osm_rivers": 0,
    "osm_lakes": 0,
    "osm_beaches": 0,
    "osm_cliffs": 0,
    "osm_industrial": 0
   },
   "geometry": {
    "type": "Point",
    "coordinates": [
     9.58763972412609,
     58.51950709124282
    ]
   }
  },
  {
   "type": "Feature",
   "properties": {
    "timestamp": "2026-07-04T15:09:53.011583",
    "latitude": 60.43964369420147,
    "longitude": 10.270814444007572,
    "elevation": 0.0,
    "class_code": "COASTLINE",
    "class_name": "\u0421\u0443\u0448\u0430 \u0432\u0434\u0430\u043b\u0438 \u043e\u0442 \u043f\u043e\u0431\u0435\u0440\u0435\u0436\u044c\u044f",
    "source_session": 3,
    "noaa_depth": 389.72999572754065,
    "noaa_type": "height",
    "osm_piers": 0,
    "osm_lighthouses": 0,
    "osm_breakwaters": 0,
    "osm_harbors": 0,
    "osm_rivers": 0,
    "osm_lakes": 0,
    "osm_beaches": 0,
    "osm_cliffs": 0,
    "osm_industrial": 0
   },
   "geometry": {
    "type": "Point",
    "coordinates": [
     10.270814444007572,
     60.43964369420147
    ]
   }
  },
  {
   "type": "Feature",
   "properties": {
    "timestamp": "2026-07-02T06:43:57.310825",
    "latitude": 56.95871274292319,
    "longitude": 17.389393088358,
    "elevation": 0.0,
    "class_code": "COASTAL_SEA",
    "class_name": "\u041f\u0440\u0438\u0431\u0435\u0440\u0435\u0436\u044c\u0435 (\u043c\u043e\u0440\u0435)",
    "source_session": 10,
    "noaa_depth": -90.07614135742197,
    "noaa_type": "depth",
    "osm_piers": 0,
    "osm_lighthouses": 0,
    "osm_breakwaters": 0,
    "osm_harbors": 0,
    "osm_rivers": 0,
    "osm_lakes": 0,
    "osm_beaches": 0,
    "osm_cliffs": 0,
    "osm_industrial": 0
   },
   "geometry": {
    "type": "Point",
    "coordinates": [
     17.389393088358,
     56.95871274292319
    ]
   }
  },
  {
   "type": "Feature",
   "properties": {
    "timestamp": "2026-07-02T07:26:15.573139",
    "latitude": 58.52854243121076,
    "longitude": 10.468146769647149,
    "elevation": 0.0,
    "class_code": "OPEN_SEA",
    "class_name": "\u041e\u0442\u043a\u0440\u044b\u0442\u043e\u0435 \u043c\u043e\u0440\u0435",
    "source_session": 12,
    "noaa_depth": -220.51254272460938,
    "noaa_type": "depth",
    "osm_piers": 0,
    "osm_lighthouses": 0,
    "osm_breakwaters": 0,
    "osm_harbors": 0,
    "osm_rivers": 0,
    "osm_lakes": 0,
    "osm_beaches": 0,
    "osm_cliffs": 0,
    "osm_industrial": 0
   },
   "geometry": {
    "type": "Point",
    "coordinates": [
     10.468146769647149,
     58.52854243121076
    ]
   }
  },
  {
   "type": "Feature",
   "properties": {
    "timestamp": "2026-07-02T06:26:20.175383",
    "latitude": 56.96716514754316,
    "longitude": 16.905569095244687,
    "elevation": 0.0,
    "class_code": "COASTAL_SEA",
    "class_name": "\u041f\u0440\u0438\u0431\u0435\u0440\u0435\u0436\u044c\u0435 (\u043c\u043e\u0440\u0435)",
    "source_session": 10,
    "noaa_depth": -3.002579927444458,
    "noaa_type": "depth",
    "osm_piers": 0,
    "osm_lighthouses": 0,
    "osm_breakwaters": 0,
    "osm_harbors": 0,
    "osm_rivers": 0,
    "osm_lakes": 0,
    "osm_beaches": 0,
    "osm_cliffs": 0,
    "osm_industrial": 0
   },
   "geometry": {
    "type": "Point",
    "coordinates": [
     16.905569095244687,
     56.96716514754316
    ]
   }
  },
  {
   "type": "Feature",
   "properties": {
    "timestamp": "2026-07-02T03:52:46.178385",
    "latitude": 54.05687197783814,
    "longitude": 10.786592549205341,
    "elevation": 0.0,
    "class_code": "COASTAL_SEA",
    "class_name": "\u041f\u0440\u0438\u0431\u0435\u0440\u0435\u0436\u044c\u0435 (\u043c\u043e\u0440\u0435)",
    "source_session": 9,
    "noaa_depth": -11.997603416442871,
    "noaa_type": "depth",
    "osm_piers": 0,
    "osm_lighthouses": 0,
    "osm_breakwaters": 0,
    "osm_harbors": 0,
    "osm_rivers": 0,
    "osm_lakes": 0,
    "osm_beaches": 0,
    "osm_cliffs": 0,
    "osm_industrial": 0
   },
   "geometry": {
    "type": "Point",
    "coordinates": [
     10.786592549205341,
     54.05687197783814
    ]
   }
  },
  {
   "type": "Feature",
   "properties": {
    "timestamp": "2026-07-02T07:53:58.978430",
    "latitude": 58.5212031312779,
    "longitude": 10.126084420228239,
    "elevation": 0.0,
    "class_code": "OPEN_SEA",
    "class_name": "\u041e\u0442\u043a\u0440\u044b\u0442\u043e\u0435 \u043c\u043e\u0440\u0435",
    "source_session": 12,
    "noaa_depth": -474.80560302734375,
    "noaa_type": "depth",
    "osm_piers": 0,
    "osm_lighthouses": 0,
    "osm_breakwaters": 0,
    "osm_harbors": 0,
    "osm_rivers": 0,
    "osm_lakes": 0,
    "osm_beaches": 0,
    "osm_cliffs": 0,
    "osm_industrial": 0
   },
   "geometry": {
    "type": "Point",
    "coordinates": [
     10.126084420228239,
     58.5212031312779
    ]
   }
  },
  {
   "type": "Feature",
   "properties": {
    "timestamp": "2026-07-02T03:12:17.754912",
    "latitude": 54.067639923159554,
    "longitude": 11.330000656230956,
    "elevation": 0.0,
    "class_code": "COASTAL_SEA",
    "class_name": "\u041f\u0440\u0438\u0431\u0435\u0440\u0435\u0436\u044c\u0435 (\u043c\u043e\u0440\u0435)",
    "source_session": 9,
    "noaa_depth": -8.672550201416016,
    "noaa_type": "depth",
    "osm_piers": 0,
    "osm_lighthouses": 0,
    "osm_breakwaters": 0,
    "osm_harbors": 0,
    "osm_rivers": 0,
    "osm_lakes": 0,
    "osm_beaches": 0,
    "osm_cliffs": 0,
    "osm_industrial": 0
   },
   "geometry": {
    "type": "Point",
    "coordinates": [
     11.330000656230956,
     54.067639923159554
    ]
   }
  },
  {
   "type": "Feature",
   "properties": {
    "timestamp": "2026-07-02T03:34:55.090776",
    "latitude": 54.073279155569054,
    "longitude": 11.282515555797625,
    "elevation": 0.0,
    "class_code": "COASTAL_SEA",
    "class_name": "\u041f\u0440\u0438\u0431\u0435\u0440\u0435\u0436\u044c\u0435 (\u043c\u043e\u0440\u0435)",
    "source_session": 9,
    "noaa_depth": -10.337613105773926,
    "noaa_type": "depth",
    "osm_piers": 0,
    "osm_lighthouses": 0,
    "osm_breakwaters": 0,
    "osm_harbors": 0,
    "osm_rivers": 0,
    "osm_lakes": 0,
    "osm_beaches": 0,
    "osm_cliffs": 0,
    "osm_industrial": 0
   },
   "geometry": {
    "type": "Point",
    "coordinates": [
     11.282515555797625,
     54.073279155569054
    ]
   }
  },
  {
   "type": "Feature",
   "properties": {
    "timestamp": "2026-07-03T01:03:33.860340",
    "latitude": 53.38916345926819,
    "longitude": 9.224785904411547,
    "elevation": 16.0,
    "class_code": "COASTLINE",
    "class_name": "\u0421\u0443\u0448\u0430 \u0432\u0434\u0430\u043b\u0438 \u043e\u0442 \u043f\u043e\u0431\u0435\u0440\u0435\u0436\u044c\u044f",
    "source_session": 11,
    "noaa_depth": 17.168133735655708,
    "noaa_type": "height",
    "osm_piers": 0,
    "osm_lighthouses": 0,
    "osm_breakwaters": 0,
    "osm_harbors": 0,
    "osm_rivers": 0,
    "osm_lakes": 0,
    "osm_beaches": 0,
    "osm_cliffs": 0,
    "osm_industrial": 0
   },
   "geometry": {
    "type": "Point",
    "coordinates": [
     9.224785904411547,
     53.38916345926819
    ]
   }
  },
  {
   "type": "Feature",
   "properties": {
    "timestamp": "2026-07-02T07:18:03.950103",
    "latitude": 58.525189193296974,
    "longitude": 10.133878845262283,
    "elevation": 0.0,
    "class_code": "OPEN_SEA",
    "class_name": "\u041e\u0442\u043a\u0440\u044b\u0442\u043e\u0435 \u043c\u043e\u0440\u0435",
    "source_session": 12,
    "noaa_depth": -465.44149780274296,
    "noaa_type": "depth",
    "osm_piers": 0,
    "osm_lighthouses": 0,
    "osm_breakwaters": 0,
    "osm_harbors": 0,
    "osm_rivers": 0,
    "osm_lakes": 0,
    "osm_beaches": 0,
    "osm_cliffs": 0,
    "osm_industrial": 0
   },
   "geometry": {
    "type": "Point",
    "coordinates": [
     10.133878845262283,
     58.525189193296974
    ]
   }
  },
  {
   "type": "Feature",
   "properties": {
    "timestamp": "2026-07-10T20:37:43.903057",
    "latitude": 55.82448818722768,
    "longitude": 13.722988876797618,
    "elevation": 148.0,
    "class_code": "COASTLINE",
    "class_name": "\u0421\u0443\u0448\u0430 \u0432\u0434\u0430\u043b\u0438 \u043e\u0442 \u043f\u043e\u0431\u0435\u0440\u0435\u0436\u044c\u044f",
    "source_session": 13,
    "noaa_depth": 145.29644775390625,
    "noaa_type": "height",
    "osm_piers": 0,
    "osm_lighthouses": 0,
    "osm_breakwaters": 0,
    "osm_harbors": 0,
    "osm_rivers": 0,
    "osm_lakes": 0,
    "osm_beaches": 0,
    "osm_cliffs": 0,
    "osm_industrial": 0
   },
   "geometry": {
    "type": "Point",
    "coordinates": [
     13.722988876797618,
     55.82448818722768
    ]
   }
  },
  {
   "type": "Feature",
   "properties": {
    "timestamp": "2026-07-02T05:47:20.926394",
    "latitude": 56.95994826345269,
    "longitude": 17.465873719618525,
    "elevation": 0.0,
    "class_code": "OPEN_SEA",
    "class_name": "\u041e\u0442\u043a\u0440\u044b\u0442\u043e\u0435 \u043c\u043e\u0440\u0435",
    "source_session": 10,
    "noaa_depth": -102.69334411621094,
    "noaa_type": "depth",
    "osm_piers": 0,
    "osm_lighthouses": 0,
    "osm_breakwaters": 0,
    "osm_harbors": 0,
    "osm_rivers": 0,
    "osm_lakes": 0,
    "osm_beaches": 0,
    "osm_cliffs": 0,
    "osm_industrial": 0
   },
   "geometry": {
    "type": "Point",
    "coordinates": [
     17.465873719618525,
     56.95994826345269
    ]
   }
  },
  {
   "type": "Feature",
   "properties": {
    "timestamp": "2026-07-02T05:52:05.862935",
    "latitude": 56.956707109430646,
    "longitude": 17.496098201748687,
    "elevation": 0.0,
    "class_code": "OPEN_SEA",
    "class_name": "\u041e\u0442\u043a\u0440\u044b\u0442\u043e\u0435 \u043c\u043e\u0440\u0435",
    "source_session": 10,
    "noaa_depth": -102.16186141967802,
    "noaa_type": "depth",
    "osm_piers": 0,
    "osm_lighthouses": 0,
    "osm_breakwaters": 0,
    "osm_harbors": 0,
    "osm_rivers": 0,
    "osm_lakes": 0,
    "osm_beaches": 0,
    "osm_cliffs": 0,
    "osm_industrial": 0
   },
   "geometry": {
    "type": "Point",
    "coordinates": [
     17.496098201748687,
     56.956707109430646
    ]
   }
  },
  {
   "type": "Feature",
   "properties": {
    "timestamp": "2026-07-02T02:25:48.017097",
    "latitude": 54.048964589151566,
    "longitude": 10.753243699165791,
    "elevation": 0.0,
    "class_code": "COASTAL_SEA",
    "class_name": "\u041f\u0440\u0438\u0431\u0435\u0440\u0435\u0436\u044c\u0435 (\u043c\u043e\u0440\u0435)",
    "source_session": 9,
    "noaa_depth": -1.0,
    "noaa_type": "depth",
    "osm_piers": 0,
    "osm_lighthouses": 0,
    "osm_breakwaters": 0,
    "osm_harbors": 0,
    "osm_rivers": 0,
    "osm_lakes": 0,
    "osm_beaches": 0,
    "osm_cliffs": 0,
    "osm_industrial": 0
   },
   "geometry": {
    "type": "Point",
    "coordinates": [
     10.753243699165791,
     54.048964589151566
    ]
   }
  },
  {
   "type": "Feature",
   "properties": {
    "timestamp": "2026-07-02T03:51:50.422860",
    "latitude": 54.05702560033892,
    "longitude": 10.811259777863862,
    "elevation": 0.0,
    "class_code": "COASTAL_SEA",
    "class_name": "\u041f\u0440\u0438\u0431\u0435\u0440\u0435\u0436\u044c\u0435 (\u043c\u043e\u0440\u0435)",
    "source_session": 9,
    "noaa_depth": -18.53617286682129,
    "noaa_type": "depth",
    "osm_piers": 0,
    "osm_lighthouses": 0,
    "osm_breakwaters": 0,
    "osm_harbors": 0,
    "osm_rivers": 0,
    "osm_lakes": 0,
    "osm_beaches": 0,
    "osm_cliffs": 0,
    "osm_industrial": 0
   },
   "geometry": {
    "type": "Point",
    "coordinates": [
     10.811259777863862,
     54.05702560033892
    ]
   }
  },
  {
   "type": "Feature",
   "properties": {
    "timestamp": "2026-07-02T07:21:57.185378",
    "latitude": 58.52690724977365,
    "longitude": 10.283754405027388,
    "elevation": 0.0,
    "class_code": "OPEN_SEA",
    "class_name": "\u041e\u0442\u043a\u0440\u044b\u0442\u043e\u0435 \u043c\u043e\u0440\u0435",
    "source_session": 12,
    "noaa_depth": -351.27879333496503,
    "noaa_type": "depth",
    "osm_piers": 0,
    "osm_lighthouses": 0,
    "osm_breakwaters": 0,
    "osm_harbors": 0,
    "osm_rivers": 0,
    "osm_lakes": 0,
    "osm_beaches": 0,
    "osm_cliffs": 0,
    "osm_industrial": 0
   },
   "geometry": {
    "type": "Point",
    "coordinates": [
     10.283754405027388,
     58.52690724977365
    ]
   }
  },
  {
   "type": "Feature",
   "properties": {
    "timestamp": "2026-07-02T07:12:56.126154",
    "latitude": 58.52327326634396,
    "longitude": 9.936257257409402,
    "elevation": 0.0,
    "class_code": "OPEN_SEA",
    "class_name": "\u041e\u0442\u043a\u0440\u044b\u0442\u043e\u0435 \u043c\u043e\u0440\u0435",
    "source_session": 12,
    "noaa_depth": -521.1334838867188,
    "noaa_type": "depth",
    "osm_piers": 0,
    "osm_lighthouses": 0,
    "osm_breakwaters": 0,
    "osm_harbors": 0,
    "osm_rivers": 0,
    "osm_lakes": 0,
    "osm_beaches": 0,
    "osm_cliffs": 0,
    "osm_industrial": 0
   },
   "geometry": {
    "type": "Point",
    "coordinates": [
     9.936257257409402,
     58.52327326634396
    ]
   }
  },
  {
   "type": "Feature",
   "properties": {
    "timestamp": "2026-07-02T03:24:11.995502",
    "latitude": 54.07746085712084,
    "longitude": 11.43469717162292,
    "elevation": 0.0,
    "class_code": "COASTAL_SEA",
    "class_name": "\u041f\u0440\u0438\u0431\u0435\u0440\u0435\u0436\u044c\u0435 (\u043c\u043e\u0440\u0435)",
    "source_session": 9,
    "noaa_depth": -12.672638893127441,
    "noaa_type": "depth",
    "osm_piers": 0,
    "osm_lighthouses": 0,
    "osm_breakwaters": 0,
    "osm_harbors": 0,
    "osm_rivers": 0,
    "osm_lakes": 0,
    "osm_beaches": 0,
    "osm_cliffs": 0,
    "osm_industrial": 0
   },
   "geometry": {
    "type": "Point",
    "coordinates": [
     11.43469717162292,
     54.07746085712084
    ]
   }
  },
  {
   "type": "Feature",
   "properties": {
    "timestamp": "2026-07-02T03:53:59.719728",
    "latitude": 54.06082820610153,
    "longitude": 10.7676144550938,
    "elevation": 0.0,
    "class_code": "COASTAL_SEA",
    "class_name": "\u041f\u0440\u0438\u0431\u0435\u0440\u0435\u0436\u044c\u0435 (\u043c\u043e\u0440\u0435)",
    "source_session": 9,
    "noaa_depth": -1.997603178024292,
    "noaa_type": "depth",
    "osm_piers": 0,
    "osm_lighthouses": 0,
    "osm_breakwaters": 0,
    "osm_harbors": 0,
    "osm_rivers": 0,
    "osm_lakes": 0,
    "osm_beaches": 0,
    "osm_cliffs": 0,
    "osm_industrial": 0
   },
   "geometry": {
    "type": "Point",
    "coordinates": [
     10.7676144550938,
     54.06082820610153
    ]
   }
  },
  {
   "type": "Feature",
   "properties": {
    "timestamp": "2026-07-02T05:54:43.781575",
    "latitude": 56.95435058946163,
    "longitude": 17.420646157571266,
    "elevation": 0.0,
    "class_code": "OPEN_SEA",
    "class_name": "\u041e\u0442\u043a\u0440\u044b\u0442\u043e\u0435 \u043c\u043e\u0440\u0435",
    "source_session": 10,
    "noaa_depth": -100.09767723083552,
    "noaa_type": "depth",
    "osm_piers": 0,
    "osm_lighthouses": 0,
    "osm_breakwaters": 0,
    "osm_harbors": 0,
    "osm_rivers": 0,
    "osm_lakes": 0,
    "osm_beaches": 0,
    "osm_cliffs": 0,
    "osm_industrial": 0
   },
   "geometry": {
    "type": "Point",
    "coordinates": [
     17.420646157571266,
     56.95435058946163
    ]
   }
  },
  {
   "type": "Feature",
   "properties": {
    "timestamp": "2026-07-01T20:41:51.430573",
    "latitude": 57.641272955116186,
    "longitude": 10.337893817341756,
    "elevation": 10.0,
    "class_code": "NEAR_COAST",
    "class_name": "\u041f\u043e\u0431\u0435\u0440\u0435\u0436\u044c\u0435 (\u0441\u0443\u0448\u0430)",
    "source_session": 5,
    "noaa_depth": 5.669039607026132,
    "noaa_type": "height",
    "osm_piers": 0,
    "osm_lighthouses": 0,
    "osm_breakwaters": 0,
    "osm_harbors": 0,
    "osm_rivers": 0,
    "osm_lakes": 0,
    "osm_beaches": 0,
    "osm_cliffs": 0,
    "osm_industrial": 0
   },
   "geometry": {
    "type": "Point",
    "coordinates": [
     10.337893817341756,
     57.641272955116186
    ]
   }
  },
  {
   "type": "Feature",
   "properties": {
    "timestamp": "2026-07-02T07:09:13.641230",
    "latitude": 58.521741954204785,
    "longitude": 9.800288846745937,
    "elevation": 0.0,
    "class_code": "OPEN_SEA",
    "class_name": "\u041e\u0442\u043a\u0440\u044b\u0442\u043e\u0435 \u043c\u043e\u0440\u0435",
    "source_session": 12,
    "noaa_depth": -650.851013183595,
    "noaa_type": "depth",
    "osm_piers": 0,
    "osm_lighthouses": 0,
    "osm_breakwaters": 0,
    "osm_harbors": 0,
    "osm_rivers": 0,
    "osm_lakes": 0,
    "osm_beaches": 0,
    "osm_cliffs": 0,
    "osm_industrial": 0
   },
   "geometry": {
    "type": "Point",
    "coordinates": [
     9.800288846745937,
     58.521741954204785
    ]
   }
  },
  {
   "type": "Feature",
   "properties": {
    "timestamp": "2026-07-02T03:36:39.784380",
    "latitude": 54.07169315586514,
    "longitude": 11.230196986397425,
    "elevation": 0.0,
    "class_code": "COASTAL_SEA",
    "class_name": "\u041f\u0440\u0438\u0431\u0435\u0440\u0435\u0436\u044c\u0435 (\u043c\u043e\u0440\u0435)",
    "source_session": 9,
    "noaa_depth": -15.922650337219238,
    "noaa_type": "depth",
    "osm_piers": 0,
    "osm_lighthouses": 0,
    "osm_breakwaters": 0,
    "osm_harbors": 0,
    "osm_rivers": 0,
    "osm_lakes": 0,
    "osm_beaches": 0,
    "osm_cliffs": 0,
    "osm_industrial": 0
   },
   "geometry": {
    "type": "Point",
    "coordinates": [
     11.230196986397425,
     54.07169315586514
    ]
   }
  },
  {
   "type": "Feature",
   "properties": {
    "timestamp": "2026-07-02T02:31:05.193230",
    "latitude": 54.05157224626789,
    "longitude": 10.851160554245324,
    "elevation": 0.0,
    "class_code": "COASTAL_SEA",
    "class_name": "\u041f\u0440\u0438\u0431\u0435\u0440\u0435\u0436\u044c\u0435 (\u043c\u043e\u0440\u0435)",
    "source_session": 9,
    "noaa_depth": -20.4173641204834,
    "noaa_type": "depth",
    "osm_piers": 0,
    "osm_lighthouses": 0,
    "osm_breakwaters": 0,
    "osm_harbors": 0,
    "osm_rivers": 0,
    "osm_lakes": 0,
    "osm_beaches": 0,
    "osm_cliffs": 0,
    "osm_industrial": 0
   },
   "geometry": {
    "type": "Point",
    "coordinates": [
     10.851160554245324,
     54.05157224626789
    ]
   }
  },
  {
   "type": "Feature",
   "properties": {
    "timestamp": "2026-07-02T07:24:42.795006",
    "latitude": 58.52776964948454,
    "longitude": 10.395325847445461,
    "elevation": 0.0,
    "class_code": "OPEN_SEA",
    "class_name": "\u041e\u0442\u043a\u0440\u044b\u0442\u043e\u0435 \u043c\u043e\u0440\u0435",
    "source_session": 12,
    "noaa_depth": -286.2917785644531,
    "noaa_type": "depth",
    "osm_piers": 0,
    "osm_lighthouses": 0,
    "osm_breakwaters": 0,
    "osm_harbors": 0,
    "osm_rivers": 0,
    "osm_lakes": 0,
    "osm_beaches": 0,
    "osm_cliffs": 0,
    "osm_industrial": 0
   },
   "geometry": {
    "type": "Point",
    "coordinates": [
     10.395325847445461,
     58.52776964948454
    ]
   }
  },
  {
   "type": "Feature",
   "properties": {
    "timestamp": "2026-07-02T03:20:41.873171",
    "latitude": 54.078604115745904,
    "longitude": 11.501537786028157,
    "elevation": 0.0,
    "class_code": "COASTAL_SEA",
    "class_name": "\u041f\u0440\u0438\u0431\u0435\u0440\u0435\u0436\u044c\u0435 (\u043c\u043e\u0440\u0435)",
    "source_session": 9,
    "noaa_depth": -6.226081848144531,
    "noaa_type": "depth",
    "osm_piers": 0,
    "osm_lighthouses": 0,
    "osm_breakwaters": 0,
    "osm_harbors": 0,
    "osm_rivers": 0,
    "osm_lakes": 0,
    "osm_beaches": 0,
    "osm_cliffs": 0,
    "osm_industrial": 0
   },
   "geometry": {
    "type": "Point",
    "coordinates": [
     11.501537786028157,
     54.078604115745904
    ]
   }
  },
  {
   "type": "Feature",
   "properties": {
    "timestamp": "2026-07-02T02:40:51.484386",
    "latitude": 54.058988856274745,
    "longitude": 11.053538385377191,
    "elevation": 0.0,
    "class_code": "COASTAL_SEA",
    "class_name": "\u041f\u0440\u0438\u0431\u0435\u0440\u0435\u0436\u044c\u0435 (\u043c\u043e\u0440\u0435)",
    "source_session": 9,
    "noaa_depth": -23.33154296875,
    "noaa_type": "depth",
    "osm_piers": 0,
    "osm_lighthouses": 0,
    "osm_breakwaters": 0,
    "osm_harbors": 0,
    "osm_rivers": 0,
    "osm_lakes": 0,
    "osm_beaches": 0,
    "osm_cliffs": 0,
    "osm_industrial": 0
   },
   "geometry": {
    "type": "Point",
    "coordinates": [
     11.053538385377191,
     54.058988856274745
    ]
   }
  },
  {
   "type": "Feature",
   "properties": {
    "timestamp": "2026-07-02T07:23:13.954636",
    "latitude": 58.527021490962355,
    "longitude": 10.3307273347966,
    "elevation": 0.0,
    "class_code": "OPEN_SEA",
    "class_name": "\u041e\u0442\u043a\u0440\u044b\u0442\u043e\u0435 \u043c\u043e\u0440\u0435",
    "source_session": 12,
    "noaa_depth": -313.07977294921875,
    "noaa_type": "depth",
    "osm_piers": 0,
    "osm_lighthouses": 0,
    "osm_breakwaters": 0,
    "osm_harbors": 0,
    "osm_rivers": 0,
    "osm_lakes": 0,
    "osm_beaches": 0,
    "osm_cliffs": 0,
    "osm_industrial": 0
   },
   "geometry": {
    "type": "Point",
    "coordinates": [
     10.3307273347966,
     58.527021490962355
    ]
   }
  },
  {
   "type": "Feature",
   "properties": {
    "timestamp": "2026-07-02T07:29:36.033834",
    "latitude": 58.52824900016755,
    "longitude": 10.605909699413692,
    "elevation": 0.0,
    "class_code": "OPEN_SEA",
    "class_name": "\u041e\u0442\u043a\u0440\u044b\u0442\u043e\u0435 \u043c\u043e\u0440\u0435",
    "source_session": 12,
    "noaa_depth": -163.1544952392578,
    "noaa_type": "depth",
    "osm_piers": 0,
    "osm_lighthouses": 0,
    "osm_breakwaters": 0,
    "osm_harbors": 0,
    "osm_rivers": 0,
    "osm_lakes": 0,
    "osm_beaches": 0,
    "osm_cliffs": 0,
    "osm_industrial": 0
   },
   "geometry": {
    "type": "Point",
    "coordinates": [
     10.605909699413692,
     58.52824900016755
    ]
   }
  },
  {
   "type": "Feature",
   "properties": {
    "timestamp": "2026-07-02T06:02:38.532872",
    "latitude": 56.95054548600449,
    "longitude": 17.51437993345457,
    "elevation": 0.0,
    "class_code": "OPEN_SEA",
    "class_name": "\u041e\u0442\u043a\u0440\u044b\u0442\u043e\u0435 \u043c\u043e\u0440\u0435",
    "source_session": 10,
    "noaa_depth": -100.88456726074219,
    "noaa_type": "depth",
    "osm_piers": 0,
    "osm_lighthouses": 0,
    "osm_breakwaters": 0,
    "osm_harbors": 0,
    "osm_rivers": 0,
    "osm_lakes": 0,
    "osm_beaches": 0,
    "osm_cliffs": 0,
    "osm_industrial": 0
   },
   "geometry": {
    "type": "Point",
    "coordinates": [
     17.51437993345457,
     56.95054548600449
    ]
   }
  },
  {
   "type": "Feature",
   "properties": {
    "timestamp": "2026-07-02T07:37:44.576037",
    "latitude": 58.51616801875954,
    "longitude": 9.54541466428629,
    "elevation": 0.0,
    "class_code": "OPEN_SEA",
    "class_name": "\u041e\u0442\u043a\u0440\u044b\u0442\u043e\u0435 \u043c\u043e\u0440\u0435",
    "source_session": 12,
    "noaa_depth": -536.9894561767621,
    "noaa_type": "depth",
    "osm_piers": 0,
    "osm_lighthouses": 0,
    "osm_breakwaters": 0,
    "osm_harbors": 0,
    "osm_rivers": 0,
    "osm_lakes": 0,
    "osm_beaches": 0,
    "osm_cliffs": 0,
    "osm_industrial": 0
   },
   "geometry": {
    "type": "Point",
    "coordinates": [
     9.54541466428629,
     58.51616801875954
    ]
   }
  },
  {
   "type": "Feature",
   "properties": {
    "timestamp": "2026-07-02T06:29:36.268903",
    "latitude": 56.967415721997234,
    "longitude": 17.031970252907122,
    "elevation": 0.0,
    "class_code": "COASTAL_SEA",
    "class_name": "\u041f\u0440\u0438\u0431\u0435\u0440\u0435\u0436\u044c\u0435 (\u043c\u043e\u0440\u0435)",
    "source_session": 10,
    "noaa_depth": -20.723499298095703,
    "noaa_type": "depth",
    "osm_piers": 0,
    "osm_lighthouses": 0,
    "osm_breakwaters": 0,
    "osm_harbors": 0,
    "osm_rivers": 0,
    "osm_lakes": 0,
    "osm_beaches": 0,
    "osm_cliffs": 0,
    "osm_industrial": 0
   },
   "geometry": {
    "type": "Point",
    "coordinates": [
     17.031970252907122,
     56.967415721997234
    ]
   }
  },
  {
   "type": "Feature",
   "properties": {
    "timestamp": "2026-07-10T20:53:34.619455",
    "latitude": 56.563517198996216,
    "longitude": 13.821241726324814,
    "elevation": 147.0,
    "class_code": "COASTLINE",
    "class_name": "\u0421\u0443\u0448\u0430 \u0432\u0434\u0430\u043b\u0438 \u043e\u0442 \u043f\u043e\u0431\u0435\u0440\u0435\u0436\u044c\u044f",
    "source_session": 15,
    "noaa_depth": 139.7915344238275,
    "noaa_type": "height",
    "osm_piers": 0,
    "osm_lighthouses": 0,
    "osm_breakwaters": 0,
    "osm_harbors": 0,
    "osm_rivers": 0,
    "osm_lakes": 0,
    "osm_beaches": 0,
    "osm_cliffs": 0,
    "osm_industrial": 0
   },
   "geometry": {
    "type": "Point",
    "coordinates": [
     13.821241726324814,
     56.563517198996216
    ]
   }
  },
  {
   "type": "Feature",
   "properties": {
    "timestamp": "2026-07-03T14:03:09.685335",
    "latitude": 55.78917630139744,
    "longitude": 8.055330750410674,
    "elevation": 0.0,
    "class_code": "COASTAL_SEA",
    "class_name": "\u041f\u0440\u0438\u0431\u0435\u0440\u0435\u0436\u044c\u0435 (\u043c\u043e\u0440\u0435)",
    "source_session": 3,
    "noaa_depth": -16.278053283691406,
    "noaa_type": "depth",
    "osm_piers": 0,
    "osm_lighthouses": 0,
    "osm_breakwaters": 0,
    "osm_harbors": 0,
    "osm_rivers": 0,
    "osm_lakes": 0,
    "osm_beaches": 0,
    "osm_cliffs": 0,
    "osm_industrial": 0
   },
   "geometry": {
    "type": "Point",
    "coordinates": [
     8.055330750410674,
     55.78917630139744
    ]
   }
  },
  {
   "type": "Feature",
   "properties": {
    "timestamp": "2026-07-02T06:14:27.157724",
    "latitude": 56.966891056875205,
    "longitude": 17.213001321396092,
    "elevation": 0.0,
    "class_code": "COASTAL_SEA",
    "class_name": "\u041f\u0440\u0438\u0431\u0435\u0440\u0435\u0436\u044c\u0435 (\u043c\u043e\u0440\u0435)",
    "source_session": 10,
    "noaa_depth": -73.90383911132828,
    "noaa_type": "depth",
    "osm_piers": 0,
    "osm_lighthouses": 0,
    "osm_breakwaters": 0,
    "osm_harbors": 0,
    "osm_rivers": 0,
    "osm_lakes": 0,
    "osm_beaches": 0,
    "osm_cliffs": 0,
    "osm_industrial": 0
   },
   "geometry": {
    "type": "Point",
    "coordinates": [
     17.213001321396092,
     56.966891056875205
    ]
   }
  },
  {
   "type": "Feature",
   "properties": {
    "timestamp": "2026-07-02T05:51:40.694267",
    "latitude": 56.956964646427814,
    "longitude": 17.478484568780296,
    "elevation": 0.0,
    "class_code": "OPEN_SEA",
    "class_name": "\u041e\u0442\u043a\u0440\u044b\u0442\u043e\u0435 \u043c\u043e\u0440\u0435",
    "source_session": 10,
    "noaa_depth": -103.24686431884766,
    "noaa_type": "depth",
    "osm_piers": 0,
    "osm_lighthouses": 0,
    "osm_breakwaters": 0,
    "osm_harbors": 0,
    "osm_rivers": 0,
    "osm_lakes": 0,
    "osm_beaches": 0,
    "osm_cliffs": 0,
    "osm_industrial": 0
   },
   "geometry": {
    "type": "Point",
    "coordinates": [
     17.478484568780296,
     56.956964646427814
    ]
   }
  },
  {
   "type": "Feature",
   "properties": {
    "timestamp": "2026-07-02T07:38:41.006401",
    "latitude": 58.516215073696195,
    "longitude": 9.579485066271594,
    "elevation": 0.0,
    "class_code": "OPEN_SEA",
    "class_name": "\u041e\u0442\u043a\u0440\u044b\u0442\u043e\u0435 \u043c\u043e\u0440\u0435",
    "source_session": 12,
    "noaa_depth": -544.5963745117169,
    "noaa_type": "depth",
    "osm_piers": 0,
    "osm_lighthouses": 0,
    "osm_breakwaters": 0,
    "osm_harbors": 0,
    "osm_rivers": 0,
    "osm_lakes": 0,
    "osm_beaches": 0,
    "osm_cliffs": 0,
    "osm_industrial": 0
   },
   "geometry": {
    "type": "Point",
    "coordinates": [
     9.579485066271594,
     58.516215073696195
    ]
   }
  },
  {
   "type": "Feature",
   "properties": {
    "timestamp": "2026-07-02T03:46:31.518350",
    "latitude": 54.06201176637738,
    "longitude": 10.972295897770065,
    "elevation": 0.0,
    "class_code": "COASTAL_SEA",
    "class_name": "\u041f\u0440\u0438\u0431\u0435\u0440\u0435\u0436\u044c\u0435 (\u043c\u043e\u0440\u0435)",
    "source_session": 9,
    "noaa_depth": -22.078015327453613,
    "noaa_type": "depth",
    "osm_piers": 0,
    "osm_lighthouses": 0,
    "osm_breakwaters": 0,
    "osm_harbors": 0,
    "osm_rivers": 0,
    "osm_lakes": 0,
    "osm_beaches": 0,
    "osm_cliffs": 0,
    "osm_industrial": 0
   },
   "geometry": {
    "type": "Point",
    "coordinates": [
     10.972295897770065,
     54.06201176637738
    ]
   }
  },
  {
   "type": "Feature",
   "properties": {
    "timestamp": "2026-07-02T03:30:26.980227",
    "latitude": 54.07353089598208,
    "longitude": 11.292090476582421,
    "elevation": 0.0,
    "class_code": "COASTAL_SEA",
    "class_name": "\u041f\u0440\u0438\u0431\u0435\u0440\u0435\u0436\u044c\u0435 (\u043c\u043e\u0440\u0435)",
    "source_session": 9,
    "noaa_depth": -10.57761287689209,
    "noaa_type": "depth",
    "osm_piers": 0,
    "osm_lighthouses": 0,
    "osm_breakwaters": 0,
    "osm_harbors": 0,
    "osm_rivers": 0,
    "osm_lakes": 0,
    "osm_beaches": 0,
    "osm_cliffs": 0,
    "osm_industrial": 0
   },
   "geometry": {
    "type": "Point",
    "coordinates": [
     11.292090476582421,
     54.07353089598208
    ]
   }
  },
  {
   "type": "Feature",
   "properties": {
    "timestamp": "2026-07-02T08:12:18.972803",
    "latitude": 58.52583130436542,
    "longitude": 10.81591218218989,
    "elevation": 0.0,
    "class_code": "OPEN_SEA",
    "class_name": "\u041e\u0442\u043a\u0440\u044b\u0442\u043e\u0435 \u043c\u043e\u0440\u0435",
    "source_session": 12,
    "noaa_depth": -102.60248565673828,
    "noaa_type": "depth",
    "osm_piers": 0,
    "osm_lighthouses": 0,
    "osm_breakwaters": 0,
    "osm_harbors": 0,
    "osm_rivers": 0,
    "osm_lakes": 0,
    "osm_beaches": 0,
    "osm_cliffs": 0,
    "osm_industrial": 0
   },
   "geometry": {
    "type": "Point",
    "coordinates": [
     10.81591218218989,
     58.52583130436542
    ]
   }
  },
  {
   "type": "Feature",
   "properties": {
    "timestamp": "2026-07-01T19:42:02.067061",
    "latitude": 57.12845403690136,
    "longitude": 8.650702567274031,
    "elevation": 0.0,
    "class_code": "COASTAL_SEA",
    "class_name": "\u041f\u0440\u0438\u0431\u0435\u0440\u0435\u0436\u044c\u0435 (\u043c\u043e\u0440\u0435)",
    "source_session": 5,
    "noaa_depth": -6.997946739196777,
    "noaa_type": "depth",
    "osm_piers": 0,
    "osm_lighthouses": 0,
    "osm_breakwaters": 0,
    "osm_harbors": 0,
    "osm_rivers": 0,
    "osm_lakes": 0,
    "osm_beaches": 0,
    "osm_cliffs": 0,
    "osm_industrial": 0
   },
   "geometry": {
    "type": "Point",
    "coordinates": [
     8.650702567274031,
     57.12845403690136
    ]
   }
  },
  {
   "type": "Feature",
   "properties": {
    "timestamp": "2026-07-02T07:01:28.230401",
    "latitude": 58.519520534234445,
    "longitude": 9.581907652714566,
    "elevation": 0.0,
    "class_code": "OPEN_SEA",
    "class_name": "\u041e\u0442\u043a\u0440\u044b\u0442\u043e\u0435 \u043c\u043e\u0440\u0435",
    "source_session": 12,
    "noaa_depth": -544.9788818359375,
    "noaa_type": "depth",
    "osm_piers": 0,
    "osm_lighthouses": 0,
    "osm_breakwaters": 0,
    "osm_harbors": 0,
    "osm_rivers": 0,
    "osm_lakes": 0,
    "osm_beaches": 0,
    "osm_cliffs": 0,
    "osm_industrial": 0
   },
   "geometry": {
    "type": "Point",
    "coordinates": [
     9.581907652714566,
     58.519520534234445
    ]
   }
  },
  {
   "type": "Feature",
   "properties": {
    "timestamp": "2026-07-02T07:40:51.256730",
    "latitude": 58.51662060813793,
    "longitude": 9.644618675706697,
    "elevation": 0.0,
    "class_code": "OPEN_SEA",
    "class_name": "\u041e\u0442\u043a\u0440\u044b\u0442\u043e\u0435 \u043c\u043e\u0440\u0435",
    "source_session": 12,
    "noaa_depth": -512.2702178955415,
    "noaa_type": "depth",
    "osm_piers": 0,
    "osm_lighthouses": 0,
    "osm_breakwaters": 0,
    "osm_harbors": 0,
    "osm_rivers": 0,
    "osm_lakes": 0,
    "osm_beaches": 0,
    "osm_cliffs": 0,
    "osm_industrial": 0
   },
   "geometry": {
    "type": "Point",
    "coordinates": [
     9.644618675706697,
     58.51662060813793
    ]
   }
  },
  {
   "type": "Feature",
   "properties": {
    "timestamp": "2026-07-02T08:01:24.567760",
    "latitude": 58.524751380543655,
    "longitude": 10.375875252176481,
    "elevation": 0.0,
    "class_code": "OPEN_SEA",
    "class_name": "\u041e\u0442\u043a\u0440\u044b\u0442\u043e\u0435 \u043c\u043e\u0440\u0435",
    "source_session": 12,
    "noaa_depth": -294.9867858886681,
    "noaa_type": "depth",
    "osm_piers": 0,
    "osm_lighthouses": 0,
    "osm_breakwaters": 0,
    "osm_harbors": 0,
    "osm_rivers": 0,
    "osm_lakes": 0,
    "osm_beaches": 0,
    "osm_cliffs": 0,
    "osm_industrial": 0
   },
   "geometry": {
    "type": "Point",
    "coordinates": [
     10.375875252176481,
     58.524751380543655
    ]
   }
  },
  {
   "type": "Feature",
   "properties": {
    "timestamp": "2026-07-02T07:56:03.640324",
    "latitude": 58.52290577279562,
    "longitude": 10.207385695973802,
    "elevation": 0.0,
    "class_code": "OPEN_SEA",
    "class_name": "\u041e\u0442\u043a\u0440\u044b\u0442\u043e\u0435 \u043c\u043e\u0440\u0435",
    "source_session": 12,
    "noaa_depth": -406.81390380859375,
    "noaa_type": "depth",
    "osm_piers": 0,
    "osm_lighthouses": 0,
    "osm_breakwaters": 0,
    "osm_harbors": 0,
    "osm_rivers": 0,
    "osm_lakes": 0,
    "osm_beaches": 0,
    "osm_cliffs": 0,
    "osm_industrial": 0
   },
   "geometry": {
    "type": "Point",
    "coordinates": [
     10.207385695973802,
     58.52290577279562
    ]
   }
  },
  {
   "type": "Feature",
   "properties": {
    "timestamp": "2026-07-02T11:50:57.013301",
    "latitude": 61.42316694948422,
    "longitude": 9.734970986024686,
    "elevation": 0.0,
    "class_code": "COASTLINE",
    "class_name": "\u0421\u0443\u0448\u0430 \u0432\u0434\u0430\u043b\u0438 \u043e\u0442 \u043f\u043e\u0431\u0435\u0440\u0435\u0436\u044c\u044f",
    "source_session": 5,
    "noaa_depth": 893.0286254882812,
    "noaa_type": "height",
    "osm_piers": 0,
    "osm_lighthouses": 0,
    "osm_breakwaters": 0,
    "osm_harbors": 0,
    "osm_rivers": 0,
    "osm_lakes": 0,
    "osm_beaches": 0,
    "osm_cliffs": 0,
    "osm_industrial": 0
   },
   "geometry": {
    "type": "Point",
    "coordinates": [
     9.734970986024686,
     61.42316694948422
    ]
   }
  },
  {
   "type": "Feature",
   "properties": {
    "timestamp": "2026-07-02T03:49:28.786750",
    "latitude": 54.05823193390769,
    "longitude": 10.879809891624735,
    "elevation": 0.0,
    "class_code": "COASTAL_SEA",
    "class_name": "\u041f\u0440\u0438\u0431\u0435\u0440\u0435\u0436\u044c\u0435 (\u043c\u043e\u0440\u0435)",
    "source_session": 9,
    "noaa_depth": -21.310432434082244,
    "noaa_type": "depth",
    "osm_piers": 0,
    "osm_lighthouses": 0,
    "osm_breakwaters": 0,
    "osm_harbors": 0,
    "osm_rivers": 0,
    "osm_lakes": 0,
    "osm_beaches": 0,
    "osm_cliffs": 0,
    "osm_industrial": 0
   },
   "geometry": {
    "type": "Point",
    "coordinates": [
     10.879809891624735,
     54.05823193390769
    ]
   }
  },
  {
   "type": "Feature",
   "properties": {
    "timestamp": "2026-07-02T02:35:49.460019",
    "latitude": 54.05386005140679,
    "longitude": 10.914991641131568,
    "elevation": 0.0,
    "class_code": "COASTAL_SEA",
    "class_name": "\u041f\u0440\u0438\u0431\u0435\u0440\u0435\u0436\u044c\u0435 (\u043c\u043e\u0440\u0435)",
    "source_session": 9,
    "noaa_depth": -22.729074478149414,
    "noaa_type": "depth",
    "osm_piers": 0,
    "osm_lighthouses": 0,
    "osm_breakwaters": 0,
    "osm_harbors": 0,
    "osm_rivers": 0,
    "osm_lakes": 0,
    "osm_beaches": 0,
    "osm_cliffs": 0,
    "osm_industrial": 0
   },
   "geometry": {
    "type": "Point",
    "coordinates": [
     10.914991641131568,
     54.05386005140679
    ]
   }
  },
  {
   "type": "Feature",
   "properties": {
    "timestamp": "2026-07-02T06:08:06.269916",
    "latitude": 56.94740625600996,
    "longitude": 17.54379809831566,
    "elevation": 0.0,
    "class_code": "COASTAL_SEA",
    "class_name": "\u041f\u0440\u0438\u0431\u0435\u0440\u0435\u0436\u044c\u0435 (\u043c\u043e\u0440\u0435)",
    "source_session": 10,
    "noaa_depth": -96.25337982177734,
    "noaa_type": "depth",
    "osm_piers": 0,
    "osm_lighthouses": 0,
    "osm_breakwaters": 0,
    "osm_harbors": 0,
    "osm_rivers": 0,
    "osm_lakes": 0,
    "osm_beaches": 0,
    "osm_cliffs": 0,
    "osm_industrial": 0
   },
   "geometry": {
    "type": "Point",
    "coordinates": [
     17.54379809831566,
     56.94740625600996
    ]
   }
  },
  {
   "type": "Feature",
   "properties": {
    "timestamp": "2026-07-02T11:53:43.574676",
    "latitude": 60.04783871527825,
    "longitude": 8.746376336593233,
    "elevation": 0.0,
    "class_code": "COASTLINE",
    "class_name": "\u0421\u0443\u0448\u0430 \u0432\u0434\u0430\u043b\u0438 \u043e\u0442 \u043f\u043e\u0431\u0435\u0440\u0435\u0436\u044c\u044f",
    "source_session": 5,
    "noaa_depth": 737.5488891601562,
    "noaa_type": "height",
    "osm_piers": 0,
    "osm_lighthouses": 0,
    "osm_breakwaters": 0,
    "osm_harbors": 0,
    "osm_rivers": 0,
    "osm_lakes": 0,
    "osm_beaches": 0,
    "osm_cliffs": 0,
    "osm_industrial": 0
   },
   "geometry": {
    "type": "Point",
    "coordinates": [
     8.746376336593233,
     60.04783871527825
    ]
   }
  },
  {
   "type": "Feature",
   "properties": {
    "timestamp": "2026-07-01T18:28:03.042114",
    "latitude": 55.2076621212392,
    "longitude": 8.315979038755104,
    "elevation": 0.0,
    "class_code": "COASTAL_SEA",
    "class_name": "\u041f\u0440\u0438\u0431\u0435\u0440\u0435\u0436\u044c\u0435 (\u043c\u043e\u0440\u0435)",
    "source_session": 5,
    "noaa_depth": -7.512877941131592,
    "noaa_type": "depth",
    "osm_piers": 0,
    "osm_lighthouses": 0,
    "osm_breakwaters": 0,
    "osm_harbors": 0,
    "osm_rivers": 0,
    "osm_lakes": 0,
    "osm_beaches": 0,
    "osm_cliffs": 0,
    "osm_industrial": 0
   },
   "geometry": {
    "type": "Point",
    "coordinates": [
     8.315979038755104,
     55.2076621212392
    ]
   }
  },
  {
   "type": "Feature",
   "properties": {
    "timestamp": "2026-07-02T07:52:28.854755",
    "latitude": 58.52102124497517,
    "longitude": 10.075469471119517,
    "elevation": 0.0,
    "class_code": "OPEN_SEA",
    "class_name": "\u041e\u0442\u043a\u0440\u044b\u0442\u043e\u0435 \u043c\u043e\u0440\u0435",
    "source_session": 12,
    "noaa_depth": -506.6983184814478,
    "noaa_type": "depth",
    "osm_piers": 0,
    "osm_lighthouses": 0,
    "osm_breakwaters": 0,
    "osm_harbors": 0,
    "osm_rivers": 0,
    "osm_lakes": 0,
    "osm_beaches": 0,
    "osm_cliffs": 0,
    "osm_industrial": 0
   },
   "geometry": {
    "type": "Point",
    "coordinates": [
     10.075469471119517,
     58.52102124497517
    ]
   }
  },
  {
   "type": "Feature",
   "properties": {
    "timestamp": "2026-07-02T06:07:20.864867",
    "latitude": 56.94761702081232,
    "longitude": 17.50919299481013,
    "elevation": 0.0,
    "class_code": "OPEN_SEA",
    "class_name": "\u041e\u0442\u043a\u0440\u044b\u0442\u043e\u0435 \u043c\u043e\u0440\u0435",
    "source_session": 10,
    "noaa_depth": -100.54457092285156,
    "noaa_type": "depth",
    "osm_piers": 0,
    "osm_lighthouses": 0,
    "osm_breakwaters": 0,
    "osm_harbors": 0,
    "osm_rivers": 0,
    "osm_lakes": 0,
    "osm_beaches": 0,
    "osm_cliffs": 0,
    "osm_industrial": 0
   },
   "geometry": {
    "type": "Point",
    "coordinates": [
     17.50919299481013,
     56.94761702081232
    ]
   }
  },
  {
   "type": "Feature",
   "properties": {
    "timestamp": "2026-07-10T20:28:05.039797",
    "latitude": 55.60610802304511,
    "longitude": 13.457735394083619,
    "elevation": 105.0,
    "class_code": "COASTLINE",
    "class_name": "\u0421\u0443\u0448\u0430 \u0432\u0434\u0430\u043b\u0438 \u043e\u0442 \u043f\u043e\u0431\u0435\u0440\u0435\u0436\u044c\u044f",
    "source_session": 13,
    "noaa_depth": 110.14476013183594,
    "noaa_type": "height",
    "osm_piers": 0,
    "osm_lighthouses": 0,
    "osm_breakwaters": 0,
    "osm_harbors": 0,
    "osm_rivers": 0,
    "osm_lakes": 0,
    "osm_beaches": 0,
    "osm_cliffs": 0,
    "osm_industrial": 0
   },
   "geometry": {
    "type": "Point",
    "coordinates": [
     13.457735394083619,
     55.60610802304511
    ]
   }
  },
  {
   "type": "Feature",
   "properties": {
    "timestamp": "2026-07-02T06:38:33.295734",
    "latitude": 56.9601948872816,
    "longitude": 17.288575283281524,
    "elevation": 0.0,
    "class_code": "COASTAL_SEA",
    "class_name": "\u041f\u0440\u0438\u0431\u0435\u0440\u0435\u0436\u044c\u0435 (\u043c\u043e\u0440\u0435)",
    "source_session": 10,
    "noaa_depth": -66.95361328125,
    "noaa_type": "depth",
    "osm_piers": 0,
    "osm_lighthouses": 0,
    "osm_breakwaters": 0,
    "osm_harbors": 0,
    "osm_rivers": 0,
    "osm_lakes": 0,
    "osm_beaches": 0,
    "osm_cliffs": 0,
    "osm_industrial": 0
   },
   "geometry": {
    "type": "Point",
    "coordinates": [
     17.288575283281524,
     56.9601948872816
    ]
   }
  },
  {
   "type": "Feature",
   "properties": {
    "timestamp": "2026-07-02T02:52:05.700575",
    "latitude": 54.06609157595643,
    "longitude": 11.26634706664509,
    "elevation": 0.0,
    "class_code": "COASTAL_SEA",
    "class_name": "\u041f\u0440\u0438\u0431\u0435\u0440\u0435\u0436\u044c\u0435 (\u043c\u043e\u0440\u0435)",
    "source_session": 9,
    "noaa_depth": -16.143785953521924,
    "noaa_type": "depth",
    "osm_piers": 0,
    "osm_lighthouses": 0,
    "osm_breakwaters": 0,
    "osm_harbors": 0,
    "osm_rivers": 0,
    "osm_lakes": 0,
    "osm_beaches": 0,
    "osm_cliffs": 0,
    "osm_industrial": 0
   },
   "geometry": {
    "type": "Point",
    "coordinates": [
     11.26634706664509,
     54.06609157595643
    ]
   }
  },
  {
   "type": "Feature",
   "properties": {
    "timestamp": "2026-07-02T03:26:13.452010",
    "latitude": 54.076541618857476,
    "longitude": 11.386615714788366,
    "elevation": 0.0,
    "class_code": "COASTAL_SEA",
    "class_name": "\u041f\u0440\u0438\u0431\u0435\u0440\u0435\u0436\u044c\u0435 (\u043c\u043e\u0440\u0435)",
    "source_session": 9,
    "noaa_depth": -11.316437721252441,
    "noaa_type": "depth",
    "osm_piers": 0,
    "osm_lighthouses": 0,
    "osm_breakwaters": 0,
    "osm_harbors": 0,
    "osm_rivers": 0,
    "osm_lakes": 0,
    "osm_beaches": 0,
    "osm_cliffs": 0,
    "osm_industrial": 0
   },
   "geometry": {
    "type": "Point",
    "coordinates": [
     11.386615714788366,
     54.076541618857476
    ]
   }
  },
  {
   "type": "Feature",
   "properties": {
    "timestamp": "2026-07-02T07:29:28.974565",
    "latitude": 58.528293798960846,
    "longitude": 10.599962943679648,
    "elevation": 0.0,
    "class_code": "OPEN_SEA",
    "class_name": "\u041e\u0442\u043a\u0440\u044b\u0442\u043e\u0435 \u043c\u043e\u0440\u0435",
    "source_session": 12,
    "noaa_depth": -162.8962783813476,
    "noaa_type": "depth",
    "osm_piers": 0,
    "osm_lighthouses": 0,
    "osm_breakwaters": 0,
    "osm_harbors": 0,
    "osm_rivers": 0,
    "osm_lakes": 0,
    "osm_beaches": 0,
    "osm_cliffs": 0,
    "osm_industrial": 0
   },
   "geometry": {
    "type": "Point",
    "coordinates": [
     10.599962943679648,
     58.528293798960846
    ]
   }
  },
  {
   "type": "Feature",
   "properties": {
    "timestamp": "2026-07-02T06:22:28.318016",
    "latitude": 56.97196743655305,
    "longitude": 16.94939087029258,
    "elevation": 0.0,
    "class_code": "COASTAL_SEA",
    "class_name": "\u041f\u0440\u0438\u0431\u0435\u0440\u0435\u0436\u044c\u0435 (\u043c\u043e\u0440\u0435)",
    "source_session": 10,
    "noaa_depth": -9.623132705688477,
    "noaa_type": "depth",
    "osm_piers": 0,
    "osm_lighthouses": 0,
    "osm_breakwaters": 0,
    "osm_harbors": 0,
    "osm_rivers": 0,
    "osm_lakes": 0,
    "osm_beaches": 0,
    "osm_cliffs": 0,
    "osm_industrial": 0
   },
   "geometry": {
    "type": "Point",
    "coordinates": [
     16.94939087029258,
     56.97196743655305
    ]
   }
  },
  {
   "type": "Feature",
   "properties": {
    "timestamp": "2026-07-02T05:56:28.491012",
    "latitude": 56.95367157682741,
    "longitude": 17.49384678569322,
    "elevation": 0.0,
    "class_code": "OPEN_SEA",
    "class_name": "\u041e\u0442\u043a\u0440\u044b\u0442\u043e\u0435 \u043c\u043e\u0440\u0435",
    "source_session": 10,
    "noaa_depth": -101.92185974120949,
    "noaa_type": "depth",
    "osm_piers": 0,
    "osm_lighthouses": 0,
    "osm_breakwaters": 0,
    "osm_harbors": 0,
    "osm_rivers": 0,
    "osm_lakes": 0,
    "osm_beaches": 0,
    "osm_cliffs": 0,
    "osm_industrial": 0
   },
   "geometry": {
    "type": "Point",
    "coordinates": [
     17.49384678569322,
     56.95367157682741
    ]
   }
  },
  {
   "type": "Feature",
   "properties": {
    "timestamp": "2026-07-02T07:30:50.803275",
    "latitude": 58.52829603889956,
    "longitude": 10.653161718802236,
    "elevation": 0.0,
    "class_code": "OPEN_SEA",
    "class_name": "\u041e\u0442\u043a\u0440\u044b\u0442\u043e\u0435 \u043c\u043e\u0440\u0435",
    "source_session": 12,
    "noaa_depth": -147.15512084960938,
    "noaa_type": "depth",
    "osm_piers": 0,
    "osm_lighthouses": 0,
    "osm_breakwaters": 0,
    "osm_harbors": 0,
    "osm_rivers": 0,
    "osm_lakes": 0,
    "osm_beaches": 0,
    "osm_cliffs": 0,
    "osm_industrial": 0
   },
   "geometry": {
    "type": "Point",
    "coordinates": [
     10.653161718802236,
     58.52829603889956
    ]
   }
  },
  {
   "type": "Feature",
   "properties": {
    "timestamp": "2026-07-02T07:04:18.756594",
    "latitude": 58.52008513532174,
    "longitude": 9.639485988016709,
    "elevation": 0.0,
    "class_code": "OPEN_SEA",
    "class_name": "\u041e\u0442\u043a\u0440\u044b\u0442\u043e\u0435 \u043c\u043e\u0440\u0435",
    "source_session": 12,
    "noaa_depth": -514.4901733398438,
    "noaa_type": "depth",
    "osm_piers": 0,
    "osm_lighthouses": 0,
    "osm_breakwaters": 0,
    "osm_harbors": 0,
    "osm_rivers": 0,
    "osm_lakes": 0,
    "osm_beaches": 0,
    "osm_cliffs": 0,
    "osm_industrial": 0
   },
   "geometry": {
    "type": "Point",
    "coordinates": [
     9.639485988016709,
     58.52008513532174
    ]
   }
  },
  {
   "type": "Feature",
   "properties": {
    "timestamp": "2026-07-03T13:59:56.721894",
    "latitude": 56.750190029035586,
    "longitude": 8.277800156149327,
    "elevation": 0.0,
    "class_code": "COASTAL_SEA",
    "class_name": "\u041f\u0440\u0438\u0431\u0435\u0440\u0435\u0436\u044c\u0435 (\u043c\u043e\u0440\u0435)",
    "source_session": 3,
    "noaa_depth": -0.7400000095366721,
    "noaa_type": "depth",
    "osm_piers": 0,
    "osm_lighthouses": 0,
    "osm_breakwaters": 0,
    "osm_harbors": 0,
    "osm_rivers": 0,
    "osm_lakes": 0,
    "osm_beaches": 0,
    "osm_cliffs": 0,
    "osm_industrial": 0
   },
   "geometry": {
    "type": "Point",
    "coordinates": [
     8.277800156149327,
     56.750190029035586
    ]
   }
  },
  {
   "type": "Feature",
   "properties": {
    "timestamp": "2026-07-02T07:34:11.621296",
    "latitude": 58.52845057703338,
    "longitude": 10.737596826129757,
    "elevation": 0.0,
    "class_code": "OPEN_SEA",
    "class_name": "\u041e\u0442\u043a\u0440\u044b\u0442\u043e\u0435 \u043c\u043e\u0440\u0435",
    "source_session": 12,
    "noaa_depth": -130.06533813476398,
    "noaa_type": "depth",
    "osm_piers": 0,
    "osm_lighthouses": 0,
    "osm_breakwaters": 0,
    "osm_harbors": 0,
    "osm_rivers": 0,
    "osm_lakes": 0,
    "osm_beaches": 0,
    "osm_cliffs": 0,
    "osm_industrial": 0
   },
   "geometry": {
    "type": "Point",
    "coordinates": [
     10.737596826129757,
     58.52845057703338
    ]
   }
  },
  {
   "type": "Feature",
   "properties": {
    "timestamp": "2026-07-02T06:25:00.646895",
    "latitude": 56.97394279668089,
    "longitude": 16.860374332458374,
    "elevation": 2.0,
    "class_code": "NEAR_COAST",
    "class_name": "\u041f\u043e\u0431\u0435\u0440\u0435\u0436\u044c\u0435 (\u0441\u0443\u0448\u0430)",
    "source_session": 10,
    "noaa_depth": 3.407644510269165,
    "noaa_type": "height",
    "osm_piers": 0,
    "osm_lighthouses": 0,
    "osm_breakwaters": 0,
    "osm_harbors": 0,
    "osm_rivers": 0,
    "osm_lakes": 0,
    "osm_beaches": 0,
    "osm_cliffs": 0,
    "osm_industrial": 0
   },
   "geometry": {
    "type": "Point",
    "coordinates": [
     16.860374332458374,
     56.97394279668089
    ]
   }
  },
  {
   "type": "Feature",
   "properties": {
    "timestamp": "2026-07-02T02:40:14.491000",
    "latitude": 54.056825498720016,
    "longitude": 11.011853251592095,
    "elevation": 0.0,
    "class_code": "COASTAL_SEA",
    "class_name": "\u041f\u0440\u0438\u0431\u0435\u0440\u0435\u0436\u044c\u0435 (\u043c\u043e\u0440\u0435)",
    "source_session": 9,
    "noaa_depth": -22.98969268798828,
    "noaa_type": "depth",
    "osm_piers": 0,
    "osm_lighthouses": 0,
    "osm_breakwaters": 0,
    "osm_harbors": 0,
    "osm_rivers": 0,
    "osm_lakes": 0,
    "osm_beaches": 0,
    "osm_cliffs": 0,
    "osm_industrial": 0
   },
   "geometry": {
    "type": "Point",
    "coordinates": [
     11.011853251592095,
     54.056825498720016
    ]
   }
  },
  {
   "type": "Feature",
   "properties": {
    "timestamp": "2026-07-10T20:50:44.357794",
    "latitude": 53.82899904985244,
    "longitude": 14.98792676211931,
    "elevation": 23.0,
    "class_code": "NEAR_COAST",
    "class_name": "\u041f\u043e\u0431\u0435\u0440\u0435\u0436\u044c\u0435 (\u0441\u0443\u0448\u0430)",
    "source_session": 14,
    "noaa_depth": 25.87927818298422,
    "noaa_type": "height",
    "osm_piers": 0,
    "osm_lighthouses": 0,
    "osm_breakwaters": 0,
    "osm_harbors": 0,
    "osm_rivers": 0,
    "osm_lakes": 0,
    "osm_beaches": 0,
    "osm_cliffs": 0,
    "osm_industrial": 0
   },
   "geometry": {
    "type": "Point",
    "coordinates": [
     14.98792676211931,
     53.82899904985244
    ]
   }
  },
  {
   "type": "Feature",
   "properties": {
    "timestamp": "2026-07-02T07:47:25.756252",
    "latitude": 58.51956474303111,
    "longitude": 9.886610844060872,
    "elevation": 0.0,
    "class_code": "OPEN_SEA",
    "class_name": "\u041e\u0442\u043a\u0440\u044b\u0442\u043e\u0435 \u043c\u043e\u0440\u0435",
    "source_session": 12,
    "noaa_depth": -538.5023193359375,
    "noaa_type": "depth",
    "osm_piers": 0,
    "osm_lighthouses": 0,
    "osm_breakwaters": 0,
    "osm_harbors": 0,
    "osm_rivers": 0,
    "osm_lakes": 0,
    "osm_beaches": 0,
    "osm_cliffs": 0,
    "osm_industrial": 0
   },
   "geometry": {
    "type": "Point",
    "coordinates": [
     9.886610844060872,
     58.51956474303111
    ]
   }
  },
  {
   "type": "Feature",
   "properties": {
    "timestamp": "2026-07-02T03:57:59.690372",
    "latitude": 54.064365368474284,
    "longitude": 10.894956702842455,
    "elevation": 0.0,
    "class_code": "COASTAL_SEA",
    "class_name": "\u041f\u0440\u0438\u0431\u0435\u0440\u0435\u0436\u044c\u0435 (\u043c\u043e\u0440\u0435)",
    "source_session": 9,
    "noaa_depth": -21.360431671142578,
    "noaa_type": "depth",
    "osm_piers": 0,
    "osm_lighthouses": 0,
    "osm_breakwaters": 0,
    "osm_harbors": 0,
    "osm_rivers": 0,
    "osm_lakes": 0,
    "osm_beaches": 0,
    "osm_cliffs": 0,
    "osm_industrial": 0
   },
   "geometry": {
    "type": "Point",
    "coordinates": [
     10.894956702842455,
     54.064365368474284
    ]
   }
  },
  {
   "type": "Feature",
   "properties": {
    "timestamp": "2026-07-02T05:48:45.605137",
    "latitude": 56.95917570897499,
    "longitude": 17.51989458175542,
    "elevation": 0.0,
    "class_code": "OPEN_SEA",
    "class_name": "\u041e\u0442\u043a\u0440\u044b\u0442\u043e\u0435 \u043c\u043e\u0440\u0435",
    "source_session": 10,
    "noaa_depth": -103.15457153320312,
    "noaa_type": "depth",
    "osm_piers": 0,
    "osm_lighthouses": 0,
    "osm_breakwaters": 0,
    "osm_harbors": 0,
    "osm_rivers": 0,
    "osm_lakes": 0,
    "osm_beaches": 0,
    "osm_cliffs": 0,
    "osm_industrial": 0
   },
   "geometry": {
    "type": "Point",
    "coordinates": [
     17.51989458175542,
     56.95917570897499
    ]
   }
  },
  {
   "type": "Feature",
   "properties": {
    "timestamp": "2026-07-02T03:35:19.010059",
    "latitude": 54.07243581406298,
    "longitude": 11.27309091403865,
    "elevation": 0.0,
    "class_code": "COASTAL_SEA",
    "class_name": "\u041f\u0440\u0438\u0431\u0435\u0440\u0435\u0436\u044c\u0435 (\u043c\u043e\u0440\u0435)",
    "source_session": 9,
    "noaa_depth": -12.26761245727539,
    "noaa_type": "depth",
    "osm_piers": 0,
    "osm_lighthouses": 0,
    "osm_breakwaters": 0,
    "osm_harbors": 0,
    "osm_rivers": 0,
    "osm_lakes": 0,
    "osm_beaches": 0,
    "osm_cliffs": 0,
    "osm_industrial": 0
   },
   "geometry": {
    "type": "Point",
    "coordinates": [
     11.27309091403865,
     54.07243581406298
    ]
   }
  },
  {
   "type": "Feature",
   "properties": {
    "timestamp": "2026-07-02T03:35:41.131228",
    "latitude": 54.07234770276797,
    "longitude": 11.268346390510755,
    "elevation": 0.0,
    "class_code": "COASTAL_SEA",
    "class_name": "\u041f\u0440\u0438\u0431\u0435\u0440\u0435\u0436\u044c\u0435 (\u043c\u043e\u0440\u0435)",
    "source_session": 9,
    "noaa_depth": -13.82761287689209,
    "noaa_type": "depth",
    "osm_piers": 0,
    "osm_lighthouses": 0,
    "osm_breakwaters": 0,
    "osm_harbors": 0,
    "osm_rivers": 0,
    "osm_lakes": 0,
    "osm_beaches": 0,
    "osm_cliffs": 0,
    "osm_industrial": 0
   },
   "geometry": {
    "type": "Point",
    "coordinates": [
     11.268346390510755,
     54.07234770276797
    ]
   }
  },
  {
   "type": "Feature",
   "properties": {
    "timestamp": "2026-07-02T03:54:46.034300",
    "latitude": 54.06194805427801,
    "longitude": 10.793582389139798,
    "elevation": 0.0,
    "class_code": "COASTAL_SEA",
    "class_name": "\u041f\u0440\u0438\u0431\u0435\u0440\u0435\u0436\u044c\u0435 (\u043c\u043e\u0440\u0435)",
    "source_session": 9,
    "noaa_depth": -9.997603416442871,
    "noaa_type": "depth",
    "osm_piers": 0,
    "osm_lighthouses": 0,
    "osm_breakwaters": 0,
    "osm_harbors": 0,
    "osm_rivers": 0,
    "osm_lakes": 0,
    "osm_beaches": 0,
    "osm_cliffs": 0,
    "osm_industrial": 0
   },
   "geometry": {
    "type": "Point",
    "coordinates": [
     10.793582389139798,
     54.06194805427801
    ]
   }
  },
  {
   "type": "Feature",
   "properties": {
    "timestamp": "2026-07-02T07:42:15.661653",
    "latitude": 58.517606495123054,
    "longitude": 9.689766788734435,
    "elevation": 0.0,
    "class_code": "OPEN_SEA",
    "class_name": "\u041e\u0442\u043a\u0440\u044b\u0442\u043e\u0435 \u043c\u043e\u0440\u0435",
    "source_session": 12,
    "noaa_depth": -547.1105346679688,
    "noaa_type": "depth",
    "osm_piers": 0,
    "osm_lighthouses": 0,
    "osm_breakwaters": 0,
    "osm_harbors": 0,
    "osm_rivers": 0,
    "osm_lakes": 0,
    "osm_beaches": 0,
    "osm_cliffs": 0,
    "osm_industrial": 0
   },
   "geometry": {
    "type": "Point",
    "coordinates": [
     9.689766788734435,
     58.517606495123054
    ]
   }
  },
  {
   "type": "Feature",
   "properties": {
    "timestamp": "2026-07-02T08:13:05.052850",
    "latitude": 58.52310724247223,
    "longitude": 10.816959841708389,
    "elevation": 0.0,
    "class_code": "OPEN_SEA",
    "class_name": "\u041e\u0442\u043a\u0440\u044b\u0442\u043e\u0435 \u043c\u043e\u0440\u0435",
    "source_session": 12,
    "noaa_depth": -103.66748809814453,
    "noaa_type": "depth",
    "osm_piers": 0,
    "osm_lighthouses": 0,
    "osm_breakwaters": 0,
    "osm_harbors": 0,
    "osm_rivers": 0,
    "osm_lakes": 0,
    "osm_beaches": 0,
    "osm_cliffs": 0,
    "osm_industrial": 0
   },
   "geometry": {
    "type": "Point",
    "coordinates": [
     10.816959841708389,
     58.52310724247223
    ]
   }
  },
  {
   "type": "Feature",
   "properties": {
    "timestamp": "2026-07-02T07:04:27.189757",
    "latitude": 58.520197158266555,
    "longitude": 9.645046311970217,
    "elevation": 0.0,
    "class_code": "OPEN_SEA",
    "class_name": "\u041e\u0442\u043a\u0440\u044b\u0442\u043e\u0435 \u043c\u043e\u0440\u0435",
    "source_session": 12,
    "noaa_depth": -502.8102111816406,
    "noaa_type": "depth",
    "osm_piers": 0,
    "osm_lighthouses": 0,
    "osm_breakwaters": 0,
    "osm_harbors": 0,
    "osm_rivers": 0,
    "osm_lakes": 0,
    "osm_beaches": 0,
    "osm_cliffs": 0,
    "osm_industrial": 0
   },
   "geometry": {
    "type": "Point",
    "coordinates": [
     9.645046311970217,
     58.520197158266555
    ]
   }
  },
  {
   "type": "Feature",
   "properties": {
    "timestamp": "2026-07-02T06:02:23.229787",
    "latitude": 56.95026682973845,
    "longitude": 17.502794839906525,
    "elevation": 0.0,
    "class_code": "OPEN_SEA",
    "class_name": "\u041e\u0442\u043a\u0440\u044b\u0442\u043e\u0435 \u043c\u043e\u0440\u0435",
    "source_session": 10,
    "noaa_depth": -101.01457214355344,
    "noaa_type": "depth",
    "osm_piers": 0,
    "osm_lighthouses": 0,
    "osm_breakwaters": 0,
    "osm_harbors": 0,
    "osm_rivers": 0,
    "osm_lakes": 0,
    "osm_beaches": 0,
    "osm_cliffs": 0,
    "osm_industrial": 0
   },
   "geometry": {
    "type": "Point",
    "coordinates": [
     17.502794839906525,
     56.95026682973845
    ]
   }
  },
  {
   "type": "Feature",
   "properties": {
    "timestamp": "2026-07-02T02:44:58.244973",
    "latitude": 54.06427374173184,
    "longitude": 11.209603389689503,
    "elevation": 0.0,
    "class_code": "COASTAL_SEA",
    "class_name": "\u041f\u0440\u0438\u0431\u0435\u0440\u0435\u0436\u044c\u0435 (\u043c\u043e\u0440\u0435)",
    "source_session": 9,
    "noaa_depth": -22.102609634399414,
    "noaa_type": "depth",
    "osm_piers": 0,
    "osm_lighthouses": 0,
    "osm_breakwaters": 0,
    "osm_harbors": 0,
    "osm_rivers": 0,
    "osm_lakes": 0,
    "osm_beaches": 0,
    "osm_cliffs": 0,
    "osm_industrial": 0
   },
   "geometry": {
    "type": "Point",
    "coordinates": [
     11.209603389689503,
     54.06427374173184
    ]
   }
  },
  {
   "type": "Feature",
   "properties": {
    "timestamp": "2026-07-10T20:29:29.694720",
    "latitude": 55.608434586591244,
    "longitude": 13.545111913352756,
    "elevation": 60.0,
    "class_code": "COASTLINE",
    "class_name": "\u0421\u0443\u0448\u0430 \u0432\u0434\u0430\u043b\u0438 \u043e\u0442 \u043f\u043e\u0431\u0435\u0440\u0435\u0436\u044c\u044f",
    "source_session": 13,
    "noaa_depth": 60.59759902953455,
    "noaa_type": "height",
    "osm_piers": 0,
    "osm_lighthouses": 0,
    "osm_breakwaters": 0,
    "osm_harbors": 0,
    "osm_rivers": 0,
    "osm_lakes": 0,
    "osm_beaches": 0,
    "osm_cliffs": 0,
    "osm_industrial": 0
   },
   "geometry": {
    "type": "Point",
    "coordinates": [
     13.545111913352756,
     55.608434586591244
    ]
   }
  },
  {
   "type": "Feature",
   "properties": {
    "timestamp": "2026-07-02T08:10:44.975644",
    "latitude": 58.52560741488321,
    "longitude": 10.744121906138348,
    "elevation": 0.0,
    "class_code": "OPEN_SEA",
    "class_name": "\u041e\u0442\u043a\u0440\u044b\u0442\u043e\u0435 \u043c\u043e\u0440\u0435",
    "source_session": 12,
    "noaa_depth": -124.4903335571289,
    "noaa_type": "depth",
    "osm_piers": 0,
    "osm_lighthouses": 0,
    "osm_breakwaters": 0,
    "osm_harbors": 0,
    "osm_rivers": 0,
    "osm_lakes": 0,
    "osm_beaches": 0,
    "osm_cliffs": 0,
    "osm_industrial": 0
   },
   "geometry": {
    "type": "Point",
    "coordinates": [
     10.744121906138348,
     58.52560741488321
    ]
   }
  },
  {
   "type": "Feature",
   "properties": {
    "timestamp": "2026-07-02T03:56:29.764318",
    "latitude": 54.0622376346455,
    "longitude": 10.836519253645488,
    "elevation": 0.0,
    "class_code": "COASTAL_SEA",
    "class_name": "\u041f\u0440\u0438\u0431\u0435\u0440\u0435\u0436\u044c\u0435 (\u043c\u043e\u0440\u0435)",
    "source_session": 9,
    "noaa_depth": -17.79736328125057,
    "noaa_type": "depth",
    "osm_piers": 0,
    "osm_lighthouses": 0,
    "osm_breakwaters": 0,
    "osm_harbors": 0,
    "osm_rivers": 0,
    "osm_lakes": 0,
    "osm_beaches": 0,
    "osm_cliffs": 0,
    "osm_industrial": 0
   },
   "geometry": {
    "type": "Point",
    "coordinates": [
     10.836519253645488,
     54.0622376346455
    ]
   }
  },
  {
   "type": "Feature",
   "properties": {
    "timestamp": "2026-07-02T08:07:50.916443",
    "latitude": 58.52519269015914,
    "longitude": 10.621345306555625,
    "elevation": 0.0,
    "class_code": "OPEN_SEA",
    "class_name": "\u041e\u0442\u043a\u0440\u044b\u0442\u043e\u0435 \u043c\u043e\u0440\u0435",
    "source_session": 12,
    "noaa_depth": -154.1694946289049,
    "noaa_type": "depth",
    "osm_piers": 0,
    "osm_lighthouses": 0,
    "osm_breakwaters": 0,
    "osm_harbors": 0,
    "osm_rivers": 0,
    "osm_lakes": 0,
    "osm_beaches": 0,
    "osm_cliffs": 0,
    "osm_industrial": 0
   },
   "geometry": {
    "type": "Point",
    "coordinates": [
     10.621345306555625,
     58.52519269015914
    ]
   }
  },
  {
   "type": "Feature",
   "properties": {
    "timestamp": "2026-07-02T06:20:22.125324",
    "latitude": 56.970585936774945,
    "longitude": 17.012692832320013,
    "elevation": 0.0,
    "class_code": "COASTAL_SEA",
    "class_name": "\u041f\u0440\u0438\u0431\u0435\u0440\u0435\u0436\u044c\u0435 (\u043c\u043e\u0440\u0435)",
    "source_session": 10,
    "noaa_depth": -16.69850015640178,
    "noaa_type": "depth",
    "osm_piers": 0,
    "osm_lighthouses": 0,
    "osm_breakwaters": 0,
    "osm_harbors": 0,
    "osm_rivers": 0,
    "osm_lakes": 0,
    "osm_beaches": 0,
    "osm_cliffs": 0,
    "osm_industrial": 0
   },
   "geometry": {
    "type": "Point",
    "coordinates": [
     17.012692832320013,
     56.970585936774945
    ]
   }
  },
  {
   "type": "Feature",
   "properties": {
    "timestamp": "2026-07-02T07:36:04.642957",
    "latitude": 58.52927038116794,
    "longitude": 10.810954459137761,
    "elevation": 0.0,
    "class_code": "OPEN_SEA",
    "class_name": "\u041e\u0442\u043a\u0440\u044b\u0442\u043e\u0435 \u043c\u043e\u0440\u0435",
    "source_session": 12,
    "noaa_depth": -102.96248626708679,
    "noaa_type": "depth",
    "osm_piers": 0,
    "osm_lighthouses": 0,
    "osm_breakwaters": 0,
    "osm_harbors": 0,
    "osm_rivers": 0,
    "osm_lakes": 0,
    "osm_beaches": 0,
    "osm_cliffs": 0,
    "osm_industrial": 0
   },
   "geometry": {
    "type": "Point",
    "coordinates": [
     10.810954459137761,
     58.52927038116794
    ]
   }
  },
  {
   "type": "Feature",
   "properties": {
    "timestamp": "2026-07-03T01:03:04.185476",
    "latitude": 53.13932798752115,
    "longitude": 8.406191520735586,
    "elevation": 2.0,
    "class_code": "COASTLINE",
    "class_name": "\u0421\u0443\u0448\u0430 \u0432\u0434\u0430\u043b\u0438 \u043e\u0442 \u043f\u043e\u0431\u0435\u0440\u0435\u0436\u044c\u044f",
    "source_session": 11,
    "noaa_depth": 1.052799940109253,
    "noaa_type": "height",
    "osm_piers": 0,
    "osm_lighthouses": 0,
    "osm_breakwaters": 0,
    "osm_harbors": 0,
    "osm_rivers": 0,
    "osm_lakes": 0,
    "osm_beaches": 0,
    "osm_cliffs": 0,
    "osm_industrial": 0
   },
   "geometry": {
    "type": "Point",
    "coordinates": [
     8.406191520735586,
     53.13932798752115
    ]
   }
  },
  {
   "type": "Feature",
   "properties": {
    "timestamp": "2026-07-02T07:35:29.789119",
    "latitude": 58.52872160728812,
    "longitude": 10.78839113684001,
    "elevation": 0.0,
    "class_code": "OPEN_SEA",
    "class_name": "\u041e\u0442\u043a\u0440\u044b\u0442\u043e\u0435 \u043c\u043e\u0440\u0435",
    "source_session": 12,
    "noaa_depth": -109.26839447021484,
    "noaa_type": "depth",
    "osm_piers": 0,
    "osm_lighthouses": 0,
    "osm_breakwaters": 0,
    "osm_harbors": 0,
    "osm_rivers": 0,
    "osm_lakes": 0,
    "osm_beaches": 0,
    "osm_cliffs": 0,
    "osm_industrial": 0
   },
   "geometry": {
    "type": "Point",
    "coordinates": [
     10.78839113684001,
     58.52872160728812
    ]
   }
  },
  {
   "type": "Feature",
   "properties": {
    "timestamp": "2026-07-03T13:59:03.886507",
    "latitude": 55.098216234350446,
    "longitude": 9.579301140739549,
    "elevation": 0.0,
    "class_code": "COASTAL_SEA",
    "class_name": "\u041f\u0440\u0438\u0431\u0435\u0440\u0435\u0436\u044c\u0435 (\u043c\u043e\u0440\u0435)",
    "source_session": 3,
    "noaa_depth": -22.412184715270996,
    "noaa_type": "depth",
    "osm_piers": 0,
    "osm_lighthouses": 0,
    "osm_breakwaters": 0,
    "osm_harbors": 0,
    "osm_rivers": 0,
    "osm_lakes": 0,
    "osm_beaches": 0,
    "osm_cliffs": 0,
    "osm_industrial": 0
   },
   "geometry": {
    "type": "Point",
    "coordinates": [
     9.579301140739549,
     55.098216234350446
    ]
   }
  },
  {
   "type": "Feature",
   "properties": {
    "timestamp": "2026-07-02T06:07:35.419622",
    "latitude": 56.94771537731344,
    "longitude": 17.521250073650865,
    "elevation": 0.0,
    "class_code": "COASTAL_SEA",
    "class_name": "\u041f\u0440\u0438\u0431\u0435\u0440\u0435\u0436\u044c\u0435 (\u043c\u043e\u0440\u0435)",
    "source_session": 10,
    "noaa_depth": -98.71957015991325,
    "noaa_type": "depth",
    "osm_piers": 0,
    "osm_lighthouses": 0,
    "osm_breakwaters": 0,
    "osm_harbors": 0,
    "osm_rivers": 0,
    "osm_lakes": 0,
    "osm_beaches": 0,
    "osm_cliffs": 0,
    "osm_industrial": 0
   },
   "geometry": {
    "type": "Point",
    "coordinates": [
     17.521250073650865,
     56.94771537731344
    ]
   }
  },
  {
   "type": "Feature",
   "properties": {
    "timestamp": "2026-07-02T07:50:07.102475",
    "latitude": 58.52028178061833,
    "longitude": 9.99225795682905,
    "elevation": 0.0,
    "class_code": "OPEN_SEA",
    "class_name": "\u041e\u0442\u043a\u0440\u044b\u0442\u043e\u0435 \u043c\u043e\u0440\u0435",
    "source_session": 12,
    "noaa_depth": -561.2828979492188,
    "noaa_type": "depth",
    "osm_piers": 0,
    "osm_lighthouses": 0,
    "osm_breakwaters": 0,
    "osm_harbors": 0,
    "osm_rivers": 0,
    "osm_lakes": 0,
    "osm_beaches": 0,
    "osm_cliffs": 0,
    "osm_industrial": 0
   },
   "geometry": {
    "type": "Point",
    "coordinates": [
     9.99225795682905,
     58.52028178061833
    ]
   }
  },
  {
   "type": "Feature",
   "properties": {
    "timestamp": "2026-07-02T07:58:59.525298",
    "latitude": 58.523781375905315,
    "longitude": 10.317717269203477,
    "elevation": 0.0,
    "class_code": "OPEN_SEA",
    "class_name": "\u041e\u0442\u043a\u0440\u044b\u0442\u043e\u0435 \u043c\u043e\u0440\u0435",
    "source_session": 12,
    "noaa_depth": -323.2497863769531,
    "noaa_type": "depth",
    "osm_piers": 0,
    "osm_lighthouses": 0,
    "osm_breakwaters": 0,
    "osm_harbors": 0,
    "osm_rivers": 0,
    "osm_lakes": 0,
    "osm_beaches": 0,
    "osm_cliffs": 0,
    "osm_industrial": 0
   },
   "geometry": {
    "type": "Point",
    "coordinates": [
     10.317717269203477,
     58.523781375905315
    ]
   }
  },
  {
   "type": "Feature",
   "properties": {
    "timestamp": "2026-07-02T06:27:41.623343",
    "latitude": 56.96744601806638,
    "longitude": 16.940731999550643,
    "elevation": 0.0,
    "class_code": "COASTAL_SEA",
    "class_name": "\u041f\u0440\u0438\u0431\u0435\u0440\u0435\u0436\u044c\u0435 (\u043c\u043e\u0440\u0435)",
    "source_session": 10,
    "noaa_depth": -5.743132591247559,
    "noaa_type": "depth",
    "osm_piers": 0,
    "osm_lighthouses": 0,
    "osm_breakwaters": 0,
    "osm_harbors": 0,
    "osm_rivers": 0,
    "osm_lakes": 0,
    "osm_beaches": 0,
    "osm_cliffs": 0,
    "osm_industrial": 0
   },
   "geometry": {
    "type": "Point",
    "coordinates": [
     16.940731999550643,
     56.96744601806638
    ]
   }
  },
  {
   "type": "Feature",
   "properties": {
    "timestamp": "2026-07-02T06:05:57.775746",
    "latitude": 56.948228106024764,
    "longitude": 17.46404990098233,
    "elevation": 0.0,
    "class_code": "OPEN_SEA",
    "class_name": "\u041e\u0442\u043a\u0440\u044b\u0442\u043e\u0435 \u043c\u043e\u0440\u0435",
    "source_session": 10,
    "noaa_depth": -103.50334167480469,
    "noaa_type": "depth",
    "osm_piers": 0,
    "osm_lighthouses": 0,
    "osm_breakwaters": 0,
    "osm_harbors": 0,
    "osm_rivers": 0,
    "osm_lakes": 0,
    "osm_beaches": 0,
    "osm_cliffs": 0,
    "osm_industrial": 0
   },
   "geometry": {
    "type": "Point",
    "coordinates": [
     17.46404990098233,
     56.948228106024764
    ]
   }
  },
  {
   "type": "Feature",
   "properties": {
    "timestamp": "2026-07-02T05:46:47.734073",
    "latitude": 56.9605592724702,
    "longitude": 17.448431717665656,
    "elevation": 0.0,
    "class_code": "OPEN_SEA",
    "class_name": "\u041e\u0442\u043a\u0440\u044b\u0442\u043e\u0435 \u043c\u043e\u0440\u0435",
    "source_session": 10,
    "noaa_depth": -102.50334167480469,
    "noaa_type": "depth",
    "osm_piers": 0,
    "osm_lighthouses": 0,
    "osm_breakwaters": 0,
    "osm_harbors": 0,
    "osm_rivers": 0,
    "osm_lakes": 0,
    "osm_beaches": 0,
    "osm_cliffs": 0,
    "osm_industrial": 0
   },
   "geometry": {
    "type": "Point",
    "coordinates": [
     17.448431717665656,
     56.9605592724702
    ]
   }
  },
  {
   "type": "Feature",
   "properties": {
    "timestamp": "2026-07-02T03:51:59.577767",
    "latitude": 54.05701300835086,
    "longitude": 10.806622596497247,
    "elevation": 0.0,
    "class_code": "COASTAL_SEA",
    "class_name": "\u041f\u0440\u0438\u0431\u0435\u0440\u0435\u0436\u044c\u0435 (\u043c\u043e\u0440\u0435)",
    "source_session": 9,
    "noaa_depth": -17.526172637939453,
    "noaa_type": "depth",
    "osm_piers": 0,
    "osm_lighthouses": 0,
    "osm_breakwaters": 0,
    "osm_harbors": 0,
    "osm_rivers": 0,
    "osm_lakes": 0,
    "osm_beaches": 0,
    "osm_cliffs": 0,
    "osm_industrial": 0
   },
   "geometry": {
    "type": "Point",
    "coordinates": [
     10.806622596497247,
     54.05701300835086
    ]
   }
  },
  {
   "type": "Feature",
   "properties": {
    "timestamp": "2026-07-02T02:41:13.795255",
    "latitude": 54.059568056224435,
    "longitude": 11.063907638155328,
    "elevation": 0.0,
    "class_code": "COASTAL_SEA",
    "class_name": "\u041f\u0440\u0438\u0431\u0435\u0440\u0435\u0436\u044c\u0435 (\u043c\u043e\u0440\u0435)",
    "source_session": 9,
    "noaa_depth": -23.541542053222656,
    "noaa_type": "depth",
    "osm_piers": 0,
    "osm_lighthouses": 0,
    "osm_breakwaters": 0,
    "osm_harbors": 0,
    "osm_rivers": 0,
    "osm_lakes": 0,
    "osm_beaches": 0,
    "osm_cliffs": 0,
    "osm_industrial": 0
   },
   "geometry": {
    "type": "Point",
    "coordinates": [
     11.063907638155328,
     54.059568056224435
    ]
   }
  },
  {
   "type": "Feature",
   "properties": {
    "timestamp": "2026-07-02T07:11:43.050059",
    "latitude": 58.52293722590369,
    "longitude": 9.896605063038356,
    "elevation": 0.0,
    "class_code": "OPEN_SEA",
    "class_name": "\u041e\u0442\u043a\u0440\u044b\u0442\u043e\u0435 \u043c\u043e\u0440\u0435",
    "source_session": 12,
    "noaa_depth": -516.40234375,
    "noaa_type": "depth",
    "osm_piers": 0,
    "osm_lighthouses": 0,
    "osm_breakwaters": 0,
    "osm_harbors": 0,
    "osm_rivers": 0,
    "osm_lakes": 0,
    "osm_beaches": 0,
    "osm_cliffs": 0,
    "osm_industrial": 0
   },
   "geometry": {
    "type": "Point",
    "coordinates": [
     9.896605063038356,
     58.52293722590369
    ]
   }
  },
  {
   "type": "Feature",
   "properties": {
    "timestamp": "2026-07-02T11:54:51.122099",
    "latitude": 58.77266001679742,
    "longitude": 8.372907246808012,
    "elevation": 552.0,
    "class_code": "COASTLINE",
    "class_name": "\u0421\u0443\u0448\u0430 \u0432\u0434\u0430\u043b\u0438 \u043e\u0442 \u043f\u043e\u0431\u0435\u0440\u0435\u0436\u044c\u044f",
    "source_session": 5,
    "noaa_depth": 546.1189575195312,
    "noaa_type": "height",
    "osm_piers": 0,
    "osm_lighthouses": 0,
    "osm_breakwaters": 0,
    "osm_harbors": 0,
    "osm_rivers": 0,
    "osm_lakes": 0,
    "osm_beaches": 0,
    "osm_cliffs": 0,
    "osm_industrial": 0
   },
   "geometry": {
    "type": "Point",
    "coordinates": [
     8.372907246808012,
     58.77266001679742
    ]
   }
  },
  {
   "type": "Feature",
   "properties": {
    "timestamp": "2026-07-02T03:49:00.904710",
    "latitude": 54.05991665855374,
    "longitude": 10.89930322811032,
    "elevation": 0.0,
    "class_code": "COASTAL_SEA",
    "class_name": "\u041f\u0440\u0438\u0431\u0435\u0440\u0435\u0436\u044c\u0435 (\u043c\u043e\u0440\u0435)",
    "source_session": 9,
    "noaa_depth": -21.760433197021484,
    "noaa_type": "depth",
    "osm_piers": 0,
    "osm_lighthouses": 0,
    "osm_breakwaters": 0,
    "osm_harbors": 0,
    "osm_rivers": 0,
    "osm_lakes": 0,
    "osm_beaches": 0,
    "osm_cliffs": 0,
    "osm_industrial": 0
   },
   "geometry": {
    "type": "Point",
    "coordinates": [
     10.89930322811032,
     54.05991665855374
    ]
   }
  },
  {
   "type": "Feature",
   "properties": {
    "timestamp": "2026-07-03T01:12:30.259483",
    "latitude": 54.19387062370545,
    "longitude": 10.297230525155758,
    "elevation": 18.0,
    "class_code": "COASTLINE",
    "class_name": "\u0421\u0443\u0448\u0430 \u0432\u0434\u0430\u043b\u0438 \u043e\u0442 \u043f\u043e\u0431\u0435\u0440\u0435\u0436\u044c\u044f",
    "source_session": 11,
    "noaa_depth": 23.397911071777344,
    "noaa_type": "height",
    "osm_piers": 0,
    "osm_lighthouses": 0,
    "osm_breakwaters": 0,
    "osm_harbors": 0,
    "osm_rivers": 0,
    "osm_lakes": 0,
    "osm_beaches": 0,
    "osm_cliffs": 0,
    "osm_industrial": 0
   },
   "geometry": {
    "type": "Point",
    "coordinates": [
     10.297230525155758,
     54.19387062370545
    ]
   }
  },
  {
   "type": "Feature",
   "properties": {
    "timestamp": "2026-07-02T03:25:50.324821",
    "latitude": 54.07627731055316,
    "longitude": 11.396212104005398,
    "elevation": 0.0,
    "class_code": "COASTAL_SEA",
    "class_name": "\u041f\u0440\u0438\u0431\u0435\u0440\u0435\u0436\u044c\u0435 (\u043c\u043e\u0440\u0435)",
    "source_session": 9,
    "noaa_depth": -14.481437683105469,
    "noaa_type": "depth",
    "osm_piers": 0,
    "osm_lighthouses": 0,
    "osm_breakwaters": 0,
    "osm_harbors": 0,
    "osm_rivers": 0,
    "osm_lakes": 0,
    "osm_beaches": 0,
    "osm_cliffs": 0,
    "osm_industrial": 0
   },
   "geometry": {
    "type": "Point",
    "coordinates": [
     11.396212104005398,
     54.07627731055316
    ]
   }
  },
  {
   "type": "Feature",
   "properties": {
    "timestamp": "2026-07-02T06:05:49.550473",
    "latitude": 56.94806418063502,
    "longitude": 17.458664977870196,
    "elevation": 0.0,
    "class_code": "OPEN_SEA",
    "class_name": "\u041e\u0442\u043a\u0440\u044b\u0442\u043e\u0435 \u043c\u043e\u0440\u0435",
    "source_session": 10,
    "noaa_depth": -102.51334381103415,
    "noaa_type": "depth",
    "osm_piers": 0,
    "osm_lighthouses": 0,
    "osm_breakwaters": 0,
    "osm_harbors": 0,
    "osm_rivers": 0,
    "osm_lakes": 0,
    "osm_beaches": 0,
    "osm_cliffs": 0,
    "osm_industrial": 0
   },
   "geometry": {
    "type": "Point",
    "coordinates": [
     17.458664977870196,
     56.94806418063502
    ]
   }
  },
  {
   "type": "Feature",
   "properties": {
    "timestamp": "2026-07-02T06:46:01.886944",
    "latitude": 56.96471051096954,
    "longitude": 16.941636743705157,
    "elevation": 0.0,
    "class_code": "COASTAL_SEA",
    "class_name": "\u041f\u0440\u0438\u0431\u0435\u0440\u0435\u0436\u044c\u0435 (\u043c\u043e\u0440\u0435)",
    "source_session": 10,
    "noaa_depth": -7.806408166885376,
    "noaa_type": "depth",
    "osm_piers": 0,
    "osm_lighthouses": 0,
    "osm_breakwaters": 0,
    "osm_harbors": 0,
    "osm_rivers": 0,
    "osm_lakes": 0,
    "osm_beaches": 0,
    "osm_cliffs": 0,
    "osm_industrial": 0
   },
   "geometry": {
    "type": "Point",
    "coordinates": [
     16.941636743705157,
     56.96471051096954
    ]
   }
  },
  {
   "type": "Feature",
   "properties": {
    "timestamp": "2026-07-02T03:54:22.065762",
    "latitude": 54.06158364923957,
    "longitude": 10.778245622720869,
    "elevation": 0.0,
    "class_code": "COASTAL_SEA",
    "class_name": "\u041f\u0440\u0438\u0431\u0435\u0440\u0435\u0436\u044c\u0435 (\u043c\u043e\u0440\u0435)",
    "source_session": 9,
    "noaa_depth": -4.997603416442871,
    "noaa_type": "depth",
    "osm_piers": 0,
    "osm_lighthouses": 0,
    "osm_breakwaters": 0,
    "osm_harbors": 0,
    "osm_rivers": 0,
    "osm_lakes": 0,
    "osm_beaches": 0,
    "osm_cliffs": 0,
    "osm_industrial": 0
   },
   "geometry": {
    "type": "Point",
    "coordinates": [
     10.778245622720869,
     54.06158364923957
    ]
   }
  },
  {
   "type": "Feature",
   "properties": {
    "timestamp": "2026-07-02T03:15:52.022972",
    "latitude": 54.070296380695595,
    "longitude": 11.436020181834904,
    "elevation": 0.0,
    "class_code": "COASTAL_SEA",
    "class_name": "\u041f\u0440\u0438\u0431\u0435\u0440\u0435\u0436\u044c\u0435 (\u043c\u043e\u0440\u0435)",
    "source_session": 9,
    "noaa_depth": -8.762639045715332,
    "noaa_type": "depth",
    "osm_piers": 0,
    "osm_lighthouses": 0,
    "osm_breakwaters": 0,
    "osm_harbors": 0,
    "osm_rivers": 0,
    "osm_lakes": 0,
    "osm_beaches": 0,
    "osm_cliffs": 0,
    "osm_industrial": 0
   },
   "geometry": {
    "type": "Point",
    "coordinates": [
     11.436020181834904,
     54.070296380695595
    ]
   }
  },
  {
   "type": "Feature",
   "properties": {
    "timestamp": "2026-07-02T05:51:32.040981",
    "latitude": 56.95711682654422,
    "longitude": 17.472692022006296,
    "elevation": 0.0,
    "class_code": "OPEN_SEA",
    "class_name": "\u041e\u0442\u043a\u0440\u044b\u0442\u043e\u0435 \u043c\u043e\u0440\u0435",
    "source_session": 10,
    "noaa_depth": -103.54685974121094,
    "noaa_type": "depth",
    "osm_piers": 0,
    "osm_lighthouses": 0,
    "osm_breakwaters": 0,
    "osm_harbors": 0,
    "osm_rivers": 0,
    "osm_lakes": 0,
    "osm_beaches": 0,
    "osm_cliffs": 0,
    "osm_industrial": 0
   },
   "geometry": {
    "type": "Point",
    "coordinates": [
     17.472692022006296,
     56.95711682654422
    ]
   }
  },
  {
   "type": "Feature",
   "properties": {
    "timestamp": "2026-07-02T07:04:01.198351",
    "latitude": 58.51989917644471,
    "longitude": 9.62823652951622,
    "elevation": 0.0,
    "class_code": "OPEN_SEA",
    "class_name": "\u041e\u0442\u043a\u0440\u044b\u0442\u043e\u0435 \u043c\u043e\u0440\u0435",
    "source_session": 12,
    "noaa_depth": -557.013671875,
    "noaa_type": "depth",
    "osm_piers": 0,
    "osm_lighthouses": 0,
    "osm_breakwaters": 0,
    "osm_harbors": 0,
    "osm_rivers": 0,
    "osm_lakes": 0,
    "osm_beaches": 0,
    "osm_cliffs": 0,
    "osm_industrial": 0
   },
   "geometry": {
    "type": "Point",
    "coordinates": [
     9.62823652951622,
     58.51989917644471
    ]
   }
  },
  {
   "type": "Feature",
   "properties": {
    "timestamp": "2026-07-02T03:47:25.443865",
    "latitude": 54.06165671348806,
    "longitude": 10.957267995193037,
    "elevation": 0.0,
    "class_code": "COASTAL_SEA",
    "class_name": "\u041f\u0440\u0438\u0431\u0435\u0440\u0435\u0436\u044c\u0435 (\u043c\u043e\u0440\u0435)",
    "source_session": 9,
    "noaa_depth": -23.30649757385254,
    "noaa_type": "depth",
    "osm_piers": 0,
    "osm_lighthouses": 0,
    "osm_breakwaters": 0,
    "osm_harbors": 0,
    "osm_rivers": 0,
    "osm_lakes": 0,
    "osm_beaches": 0,
    "osm_cliffs": 0,
    "osm_industrial": 0
   },
   "geometry": {
    "type": "Point",
    "coordinates": [
     10.957267995193037,
     54.06165671348806
    ]
   }
  },
  {
   "type": "Feature",
   "properties": {
    "timestamp": "2026-07-02T03:42:00.698542",
    "latitude": 54.068242410648324,
    "longitude": 11.127777402490098,
    "elevation": 0.0,
    "class_code": "COASTAL_SEA",
    "class_name": "\u041f\u0440\u0438\u0431\u0435\u0440\u0435\u0436\u044c\u0435 (\u043c\u043e\u0440\u0435)",
    "source_session": 9,
    "noaa_depth": -23.38167381286621,
    "noaa_type": "depth",
    "osm_piers": 0,
    "osm_lighthouses": 0,
    "osm_breakwaters": 0,
    "osm_harbors": 0,
    "osm_rivers": 0,
    "osm_lakes": 0,
    "osm_beaches": 0,
    "osm_cliffs": 0,
    "osm_industrial": 0
   },
   "geometry": {
    "type": "Point",
    "coordinates": [
     11.127777402490098,
     54.068242410648324
    ]
   }
  },
  {
   "type": "Feature",
   "properties": {
    "timestamp": "2026-07-03T01:12:24.288652",
    "latitude": 54.10381092264301,
    "longitude": 9.901524381871122,
    "elevation": 21.0,
    "class_code": "COASTLINE",
    "class_name": "\u0421\u0443\u0448\u0430 \u0432\u0434\u0430\u043b\u0438 \u043e\u0442 \u043f\u043e\u0431\u0435\u0440\u0435\u0436\u044c\u044f",
    "source_session": 11,
    "noaa_depth": 21.377110481263273,
    "noaa_type": "height",
    "osm_piers": 0,
    "osm_lighthouses": 0,
    "osm_breakwaters": 0,
    "osm_harbors": 0,
    "osm_rivers": 0,
    "osm_lakes": 0,
    "osm_beaches": 0,
    "osm_cliffs": 0,
    "osm_industrial": 0
   },
   "geometry": {
    "type": "Point",
    "coordinates": [
     9.901524381871122,
     54.10381092264301
    ]
   }
  },
  {
   "type": "Feature",
   "properties": {
    "timestamp": "2026-07-02T02:28:27.671500",
    "latitude": 54.04937724139047,
    "longitude": 10.767445427319823,
    "elevation": 0.0,
    "class_code": "COASTAL_SEA",
    "class_name": "\u041f\u0440\u0438\u0431\u0435\u0440\u0435\u0436\u044c\u0435 (\u043c\u043e\u0440\u0435)",
    "source_session": 9,
    "noaa_depth": -10.997603416442871,
    "noaa_type": "depth",
    "osm_piers": 0,
    "osm_lighthouses": 0,
    "osm_breakwaters": 0,
    "osm_harbors": 0,
    "osm_rivers": 0,
    "osm_lakes": 0,
    "osm_beaches": 0,
    "osm_cliffs": 0,
    "osm_industrial": 0
   },
   "geometry": {
    "type": "Point",
    "coordinates": [
     10.767445427319823,
     54.04937724139047
    ]
   }
  },
  {
   "type": "Feature",
   "properties": {
    "timestamp": "2026-07-02T07:37:59.510087",
    "latitude": 58.51623524007373,
    "longitude": 9.556513843761035,
    "elevation": 0.0,
    "class_code": "OPEN_SEA",
    "class_name": "\u041e\u0442\u043a\u0440\u044b\u0442\u043e\u0435 \u043c\u043e\u0440\u0435",
    "source_session": 12,
    "noaa_depth": -541.4544372558548,
    "noaa_type": "depth",
    "osm_piers": 0,
    "osm_lighthouses": 0,
    "osm_breakwaters": 0,
    "osm_harbors": 0,
    "osm_rivers": 0,
    "osm_lakes": 0,
    "osm_beaches": 0,
    "osm_cliffs": 0,
    "osm_industrial": 0
   },
   "geometry": {
    "type": "Point",
    "coordinates": [
     9.556513843761035,
     58.51623524007373
    ]
   }
  },
  {
   "type": "Feature",
   "properties": {
    "timestamp": "2026-07-02T07:31:10.873900",
    "latitude": 58.528349780118575,
    "longitude": 10.664561219605549,
    "elevation": 0.0,
    "class_code": "OPEN_SEA",
    "class_name": "\u041e\u0442\u043a\u0440\u044b\u0442\u043e\u0435 \u043c\u043e\u0440\u0435",
    "source_session": 12,
    "noaa_depth": -137.64512634277344,
    "noaa_type": "depth",
    "osm_piers": 0,
    "osm_lighthouses": 0,
    "osm_breakwaters": 0,
    "osm_harbors": 0,
    "osm_rivers": 0,
    "osm_lakes": 0,
    "osm_beaches": 0,
    "osm_cliffs": 0,
    "osm_industrial": 0
   },
   "geometry": {
    "type": "Point",
    "coordinates": [
     10.664561219605549,
     58.528349780118575
    ]
   }
  },
  {
   "type": "Feature",
   "properties": {
    "timestamp": "2026-07-02T06:28:28.477257",
    "latitude": 56.9680336301973,
    "longitude": 16.97462403984441,
    "elevation": 0.0,
    "class_code": "COASTAL_SEA",
    "class_name": "\u041f\u0440\u0438\u0431\u0435\u0440\u0435\u0436\u044c\u0435 (\u043c\u043e\u0440\u0435)",
    "source_session": 10,
    "noaa_depth": -15.080777168276759,
    "noaa_type": "depth",
    "osm_piers": 0,
    "osm_lighthouses": 0,
    "osm_breakwaters": 0,
    "osm_harbors": 0,
    "osm_rivers": 0,
    "osm_lakes": 0,
    "osm_beaches": 0,
    "osm_cliffs": 0,
    "osm_industrial": 0
   },
   "geometry": {
    "type": "Point",
    "coordinates": [
     16.97462403984441,
     56.9680336301973
    ]
   }
  },
  {
   "type": "Feature",
   "properties": {
    "timestamp": "2026-07-02T05:45:39.766416",
    "latitude": 56.96086126173259,
    "longitude": 17.42581933137008,
    "elevation": 0.0,
    "class_code": "OPEN_SEA",
    "class_name": "\u041e\u0442\u043a\u0440\u044b\u0442\u043e\u0435 \u043c\u043e\u0440\u0435",
    "source_session": 10,
    "noaa_depth": -100.96017456054688,
    "noaa_type": "depth",
    "osm_piers": 0,
    "osm_lighthouses": 0,
    "osm_breakwaters": 0,
    "osm_harbors": 0,
    "osm_rivers": 0,
    "osm_lakes": 0,
    "osm_beaches": 0,
    "osm_cliffs": 0,
    "osm_industrial": 0
   },
   "geometry": {
    "type": "Point",
    "coordinates": [
     17.42581933137008,
     56.96086126173259
    ]
   }
  },
  {
   "type": "Feature",
   "properties": {
    "timestamp": "2026-07-02T03:18:22.708296",
    "latitude": 54.07257273270096,
    "longitude": 11.505058608917631,
    "elevation": 0.0,
    "class_code": "COASTAL_SEA",
    "class_name": "\u041f\u0440\u0438\u0431\u0435\u0440\u0435\u0436\u044c\u0435 (\u043c\u043e\u0440\u0435)",
    "source_session": 9,
    "noaa_depth": -4.996081829071045,
    "noaa_type": "depth",
    "osm_piers": 0,
    "osm_lighthouses": 0,
    "osm_breakwaters": 0,
    "osm_harbors": 0,
    "osm_rivers": 0,
    "osm_lakes": 0,
    "osm_beaches": 0,
    "osm_cliffs": 0,
    "osm_industrial": 0
   },
   "geometry": {
    "type": "Point",
    "coordinates": [
     11.505058608917631,
     54.07257273270096
    ]
   }
  },
  {
   "type": "Feature",
   "properties": {
    "timestamp": "2026-07-02T02:39:25.561442",
    "latitude": 54.05545689683825,
    "longitude": 10.96129132569044,
    "elevation": 0.0,
    "class_code": "COASTAL_SEA",
    "class_name": "\u041f\u0440\u0438\u0431\u0435\u0440\u0435\u0436\u044c\u0435 (\u043c\u043e\u0440\u0435)",
    "source_session": 9,
    "noaa_depth": -23.926496505737305,
    "noaa_type": "depth",
    "osm_piers": 0,
    "osm_lighthouses": 0,
    "osm_breakwaters": 0,
    "osm_harbors": 0,
    "osm_rivers": 0,
    "osm_lakes": 0,
    "osm_beaches": 0,
    "osm_cliffs": 0,
    "osm_industrial": 0
   },
   "geometry": {
    "type": "Point",
    "coordinates": [
     10.96129132569044,
     54.05545689683825
    ]
   }
  },
  {
   "type": "Feature",
   "properties": {
    "timestamp": "2026-07-02T05:48:56.103853",
    "latitude": 56.958953303959426,
    "longitude": 17.52645946809932,
    "elevation": 0.0,
    "class_code": "COASTAL_SEA",
    "class_name": "\u041f\u0440\u0438\u0431\u0435\u0440\u0435\u0436\u044c\u0435 (\u043c\u043e\u0440\u0435)",
    "source_session": 10,
    "noaa_depth": -96.42456817626953,
    "noaa_type": "depth",
    "osm_piers": 0,
    "osm_lighthouses": 0,
    "osm_breakwaters": 0,
    "osm_harbors": 0,
    "osm_rivers": 0,
    "osm_lakes": 0,
    "osm_beaches": 0,
    "osm_cliffs": 0,
    "osm_industrial": 0
   },
   "geometry": {
    "type": "Point",
    "coordinates": [
     17.52645946809932,
     56.958953303959426
    ]
   }
  },
  {
   "type": "Feature",
   "properties": {
    "timestamp": "2026-07-02T06:25:57.597988",
    "latitude": 56.968148185110294,
    "longitude": 16.889281311895832,
    "elevation": 0.0,
    "class_code": "COASTAL_SEA",
    "class_name": "\u041f\u0440\u0438\u0431\u0435\u0440\u0435\u0436\u044c\u0435 (\u043c\u043e\u0440\u0435)",
    "source_session": 10,
    "noaa_depth": -1.0,
    "noaa_type": "depth",
    "osm_piers": 0,
    "osm_lighthouses": 0,
    "osm_breakwaters": 0,
    "osm_harbors": 0,
    "osm_rivers": 0,
    "osm_lakes": 0,
    "osm_beaches": 0,
    "osm_cliffs": 0,
    "osm_industrial": 0
   },
   "geometry": {
    "type": "Point",
    "coordinates": [
     16.889281311895832,
     56.968148185110294
    ]
   }
  },
  {
   "type": "Feature",
   "properties": {
    "timestamp": "2026-07-10T20:33:40.545000",
    "latitude": 55.66028438970896,
    "longitude": 13.728316814813432,
    "elevation": 96.0,
    "class_code": "COASTLINE",
    "class_name": "\u0421\u0443\u0448\u0430 \u0432\u0434\u0430\u043b\u0438 \u043e\u0442 \u043f\u043e\u0431\u0435\u0440\u0435\u0436\u044c\u044f",
    "source_session": 13,
    "noaa_depth": 95.1393814086914,
    "noaa_type": "height",
    "osm_piers": 0,
    "osm_lighthouses": 0,
    "osm_breakwaters": 0,
    "osm_harbors": 0,
    "osm_rivers": 0,
    "osm_lakes": 0,
    "osm_beaches": 0,
    "osm_cliffs": 0,
    "osm_industrial": 0
   },
   "geometry": {
    "type": "Point",
    "coordinates": [
     13.728316814813432,
     55.66028438970896
    ]
   }
  },
  {
   "type": "Feature",
   "properties": {
    "timestamp": "2026-07-10T20:41:43.936276",
    "latitude": 55.60590225889322,
    "longitude": 13.311621307994447,
    "elevation": 15.0,
    "class_code": "NEAR_COAST",
    "class_name": "\u041f\u043e\u0431\u0435\u0440\u0435\u0436\u044c\u0435 (\u0441\u0443\u0448\u0430)",
    "source_session": 13,
    "noaa_depth": 17.93826675415039,
    "noaa_type": "height",
    "osm_piers": 0,
    "osm_lighthouses": 0,
    "osm_breakwaters": 0,
    "osm_harbors": 0,
    "osm_rivers": 0,
    "osm_lakes": 0,
    "osm_beaches": 0,
    "osm_cliffs": 0,
    "osm_industrial": 0
   },
   "geometry": {
    "type": "Point",
    "coordinates": [
     13.311621307994447,
     55.60590225889322
    ]
   }
  },
  {
   "type": "Feature",
   "properties": {
    "timestamp": "2026-07-02T03:59:41.888426",
    "latitude": 54.06605198725634,
    "longitude": 10.944485322941551,
    "elevation": 0.0,
    "class_code": "COASTAL_SEA",
    "class_name": "\u041f\u0440\u0438\u0431\u0435\u0440\u0435\u0436\u044c\u0435 (\u043c\u043e\u0440\u0435)",
    "source_session": 9,
    "noaa_depth": -22.746496200561523,
    "noaa_type": "depth",
    "osm_piers": 0,
    "osm_lighthouses": 0,
    "osm_breakwaters": 0,
    "osm_harbors": 0,
    "osm_rivers": 0,
    "osm_lakes": 0,
    "osm_beaches": 0,
    "osm_cliffs": 0,
    "osm_industrial": 0
   },
   "geometry": {
    "type": "Point",
    "coordinates": [
     10.944485322941551,
     54.06605198725634
    ]
   }
  },
  {
   "type": "Feature",
   "properties": {
    "timestamp": "2026-07-10T20:37:37.195935",
    "latitude": 55.81523244015581,
    "longitude": 13.72324649798464,
    "elevation": 157.0,
    "class_code": "COASTLINE",
    "class_name": "\u0421\u0443\u0448\u0430 \u0432\u0434\u0430\u043b\u0438 \u043e\u0442 \u043f\u043e\u0431\u0435\u0440\u0435\u0436\u044c\u044f",
    "source_session": 13,
    "noaa_depth": 157.5264434814453,
    "noaa_type": "height",
    "osm_piers": 0,
    "osm_lighthouses": 0,
    "osm_breakwaters": 0,
    "osm_harbors": 0,
    "osm_rivers": 0,
    "osm_lakes": 0,
    "osm_beaches": 0,
    "osm_cliffs": 0,
    "osm_industrial": 0
   },
   "geometry": {
    "type": "Point",
    "coordinates": [
     13.72324649798464,
     55.81523244015581
    ]
   }
  },
  {
   "type": "Feature",
   "properties": {
    "timestamp": "2026-07-02T07:34:19.170719",
    "latitude": 58.52829378170738,
    "longitude": 10.743414771270288,
    "elevation": 0.0,
    "class_code": "OPEN_SEA",
    "class_name": "\u041e\u0442\u043a\u0440\u044b\u0442\u043e\u0435 \u043c\u043e\u0440\u0435",
    "source_session": 12,
    "noaa_depth": -124.4903335571289,
    "noaa_type": "depth",
    "osm_piers": 0,
    "osm_lighthouses": 0,
    "osm_breakwaters": 0,
    "osm_harbors": 0,
    "osm_rivers": 0,
    "osm_lakes": 0,
    "osm_beaches": 0,
    "osm_cliffs": 0,
    "osm_industrial": 0
   },
   "geometry": {
    "type": "Point",
    "coordinates": [
     10.743414771270288,
     58.52829378170738
    ]
   }
  },
  {
   "type": "Feature",
   "properties": {
    "timestamp": "2026-07-02T05:44:49.126477",
    "latitude": 56.96341285625181,
    "longitude": 17.425493232465122,
    "elevation": 0.0,
    "class_code": "OPEN_SEA",
    "class_name": "\u041e\u0442\u043a\u0440\u044b\u0442\u043e\u0435 \u043c\u043e\u0440\u0435",
    "source_session": 10,
    "noaa_depth": -100.61017608642578,
    "noaa_type": "depth",
    "osm_piers": 0,
    "osm_lighthouses": 0,
    "osm_breakwaters": 0,
    "osm_harbors": 0,
    "osm_rivers": 0,
    "osm_lakes": 0,
    "osm_beaches": 0,
    "osm_cliffs": 0,
    "osm_industrial": 0
   },
   "geometry": {
    "type": "Point",
    "coordinates": [
     17.425493232465122,
     56.96341285625181
    ]
   }
  },
  {
   "type": "Feature",
   "properties": {
    "timestamp": "2026-07-02T05:47:12.078120",
    "latitude": 56.960334534685636,
    "longitude": 17.460166988352263,
    "elevation": 0.0,
    "class_code": "OPEN_SEA",
    "class_name": "\u041e\u0442\u043a\u0440\u044b\u0442\u043e\u0435 \u043c\u043e\u0440\u0435",
    "source_session": 10,
    "noaa_depth": -102.5533447265625,
    "noaa_type": "depth",
    "osm_piers": 0,
    "osm_lighthouses": 0,
    "osm_breakwaters": 0,
    "osm_harbors": 0,
    "osm_rivers": 0,
    "osm_lakes": 0,
    "osm_beaches": 0,
    "osm_cliffs": 0,
    "osm_industrial": 0
   },
   "geometry": {
    "type": "Point",
    "coordinates": [
     17.460166988352263,
     56.960334534685636
    ]
   }
  },
  {
   "type": "Feature",
   "properties": {
    "timestamp": "2026-07-03T01:04:43.549766",
    "latitude": 53.44246005253085,
    "longitude": 9.626116929115385,
    "elevation": 45.0,
    "class_code": "COASTLINE",
    "class_name": "\u0421\u0443\u0448\u0430 \u0432\u0434\u0430\u043b\u0438 \u043e\u0442 \u043f\u043e\u0431\u0435\u0440\u0435\u0436\u044c\u044f",
    "source_session": 11,
    "noaa_depth": 46.09866714477539,
    "noaa_type": "height",
    "osm_piers": 0,
    "osm_lighthouses": 0,
    "osm_breakwaters": 0,
    "osm_harbors": 0,
    "osm_rivers": 0,
    "osm_lakes": 0,
    "osm_beaches": 0,
    "osm_cliffs": 0,
    "osm_industrial": 0
   },
   "geometry": {
    "type": "Point",
    "coordinates": [
     9.626116929115385,
     53.44246005253085
    ]
   }
  },
  {
   "type": "Feature",
   "properties": {
    "timestamp": "2026-07-02T03:30:17.783015",
    "latitude": 54.07409730633025,
    "longitude": 11.296684721084535,
    "elevation": 0.0,
    "class_code": "COASTAL_SEA",
    "class_name": "\u041f\u0440\u0438\u0431\u0435\u0440\u0435\u0436\u044c\u0435 (\u043c\u043e\u0440\u0435)",
    "source_session": 9,
    "noaa_depth": -12.147612571716309,
    "noaa_type": "depth",
    "osm_piers": 0,
    "osm_lighthouses": 0,
    "osm_breakwaters": 0,
    "osm_harbors": 0,
    "osm_rivers": 0,
    "osm_lakes": 0,
    "osm_beaches": 0,
    "osm_cliffs": 0,
    "osm_industrial": 0
   },
   "geometry": {
    "type": "Point",
    "coordinates": [
     11.296684721084535,
     54.07409730633025
    ]
   }
  },
  {
   "type": "Feature",
   "properties": {
    "timestamp": "2026-07-02T03:12:33.973159",
    "latitude": 54.06791687514275,
    "longitude": 11.34006935095753,
    "elevation": 0.0,
    "class_code": "COASTAL_SEA",
    "class_name": "\u041f\u0440\u0438\u0431\u0435\u0440\u0435\u0436\u044c\u0435 (\u043c\u043e\u0440\u0435)",
    "source_session": 9,
    "noaa_depth": -8.28647518157959,
    "noaa_type": "depth",
    "osm_piers": 0,
    "osm_lighthouses": 0,
    "osm_breakwaters": 0,
    "osm_harbors": 0,
    "osm_rivers": 0,
    "osm_lakes": 0,
    "osm_beaches": 0,
    "osm_cliffs": 0,
    "osm_industrial": 0
   },
   "geometry": {
    "type": "Point",
    "coordinates": [
     11.34006935095753,
     54.06791687514275
    ]
   }
  },
  {
   "type": "Feature",
   "properties": {
    "timestamp": "2026-07-01T18:28:15.433729",
    "latitude": 56.57282946419255,
    "longitude": 8.107275723875127,
    "elevation": 0.0,
    "class_code": "COASTAL_SEA",
    "class_name": "\u041f\u0440\u0438\u0431\u0435\u0440\u0435\u0436\u044c\u0435 (\u043c\u043e\u0440\u0435)",
    "source_session": 5,
    "noaa_depth": -15.476898193359375,
    "noaa_type": "depth",
    "osm_piers": 0,
    "osm_lighthouses": 0,
    "osm_breakwaters": 0,
    "osm_harbors": 0,
    "osm_rivers": 0,
    "osm_lakes": 0,
    "osm_beaches": 0,
    "osm_cliffs": 0,
    "osm_industrial": 0
   },
   "geometry": {
    "type": "Point",
    "coordinates": [
     8.107275723875127,
     56.57282946419255
    ]
   }
  },
  {
   "type": "Feature",
   "properties": {
    "timestamp": "2026-07-02T03:58:37.907330",
    "latitude": 54.06476823887851,
    "longitude": 10.905970008588152,
    "elevation": 0.0,
    "class_code": "COASTAL_SEA",
    "class_name": "\u041f\u0440\u0438\u0431\u0435\u0440\u0435\u0436\u044c\u0435 (\u043c\u043e\u0440\u0435)",
    "source_session": 9,
    "noaa_depth": -21.894073486328125,
    "noaa_type": "depth",
    "osm_piers": 0,
    "osm_lighthouses": 0,
    "osm_breakwaters": 0,
    "osm_harbors": 0,
    "osm_rivers": 0,
    "osm_lakes": 0,
    "osm_beaches": 0,
    "osm_cliffs": 0,
    "osm_industrial": 0
   },
   "geometry": {
    "type": "Point",
    "coordinates": [
     10.905970008588152,
     54.06476823887851
    ]
   }
  },
  {
   "type": "Feature",
   "properties": {
    "timestamp": "2026-07-02T03:44:57.377786",
    "latitude": 54.06411187235759,
    "longitude": 11.026934876316174,
    "elevation": 0.0,
    "class_code": "COASTAL_SEA",
    "class_name": "\u041f\u0440\u0438\u0431\u0435\u0440\u0435\u0436\u044c\u0435 (\u043c\u043e\u0440\u0435)",
    "source_session": 9,
    "noaa_depth": -22.96969223022461,
    "noaa_type": "depth",
    "osm_piers": 0,
    "osm_lighthouses": 0,
    "osm_breakwaters": 0,
    "osm_harbors": 0,
    "osm_rivers": 0,
    "osm_lakes": 0,
    "osm_beaches": 0,
    "osm_cliffs": 0,
    "osm_industrial": 0
   },
   "geometry": {
    "type": "Point",
    "coordinates": [
     11.026934876316174,
     54.06411187235759
    ]
   }
  },
  {
   "type": "Feature",
   "properties": {
    "timestamp": "2026-07-02T05:47:42.933211",
    "latitude": 56.96007702097522,
    "longitude": 17.477823529074563,
    "elevation": 0.0,
    "class_code": "OPEN_SEA",
    "class_name": "\u041e\u0442\u043a\u0440\u044b\u0442\u043e\u0435 \u043c\u043e\u0440\u0435",
    "source_session": 10,
    "noaa_depth": -103.46685791015625,
    "noaa_type": "depth",
    "osm_piers": 0,
    "osm_lighthouses": 0,
    "osm_breakwaters": 0,
    "osm_harbors": 0,
    "osm_rivers": 0,
    "osm_lakes": 0,
    "osm_beaches": 0,
    "osm_cliffs": 0,
    "osm_industrial": 0
   },
   "geometry": {
    "type": "Point",
    "coordinates": [
     17.477823529074563,
     56.96007702097522
    ]
   }
  },
  {
   "type": "Feature",
   "properties": {
    "timestamp": "2026-07-03T01:05:03.795528",
    "latitude": 53.07452061600402,
    "longitude": 9.27437813508461,
    "elevation": 15.0,
    "class_code": "COASTLINE",
    "class_name": "\u0421\u0443\u0448\u0430 \u0432\u0434\u0430\u043b\u0438 \u043e\u0442 \u043f\u043e\u0431\u0435\u0440\u0435\u0436\u044c\u044f",
    "source_session": 11,
    "noaa_depth": 15.877222061157227,
    "noaa_type": "height",
    "osm_piers": 0,
    "osm_lighthouses": 0,
    "osm_breakwaters": 0,
    "osm_harbors": 0,
    "osm_rivers": 0,
    "osm_lakes": 0,
    "osm_beaches": 0,
    "osm_cliffs": 0,
    "osm_industrial": 0
   },
   "geometry": {
    "type": "Point",
    "coordinates": [
     9.27437813508461,
     53.07452061600402
    ]
   }
  },
  {
   "type": "Feature",
   "properties": {
    "timestamp": "2026-07-02T05:57:13.151117",
    "latitude": 56.95344913896436,
    "longitude": 17.52259498079388,
    "elevation": 0.0,
    "class_code": "COASTAL_SEA",
    "class_name": "\u041f\u0440\u0438\u0431\u0435\u0440\u0435\u0436\u044c\u0435 (\u043c\u043e\u0440\u0435)",
    "source_session": 10,
    "noaa_depth": -98.71456909179686,
    "noaa_type": "depth",
    "osm_piers": 0,
    "osm_lighthouses": 0,
    "osm_breakwaters": 0,
    "osm_harbors": 0,
    "osm_rivers": 0,
    "osm_lakes": 0,
    "osm_beaches": 0,
    "osm_cliffs": 0,
    "osm_industrial": 0
   },
   "geometry": {
    "type": "Point",
    "coordinates": [
     17.52259498079388,
     56.95344913896436
    ]
   }
  },
  {
   "type": "Feature",
   "properties": {
    "timestamp": "2026-07-02T07:30:32.154911",
    "latitude": 58.528450594286774,
    "longitude": 10.64126820733415,
    "elevation": 0.0,
    "class_code": "OPEN_SEA",
    "class_name": "\u041e\u0442\u043a\u0440\u044b\u0442\u043e\u0435 \u043c\u043e\u0440\u0435",
    "source_session": 12,
    "noaa_depth": -154.58013153076354,
    "noaa_type": "depth",
    "osm_piers": 0,
    "osm_lighthouses": 0,
    "osm_breakwaters": 0,
    "osm_harbors": 0,
    "osm_rivers": 0,
    "osm_lakes": 0,
    "osm_beaches": 0,
    "osm_cliffs": 0,
    "osm_industrial": 0
   },
   "geometry": {
    "type": "Point",
    "coordinates": [
     10.64126820733415,
     58.528450594286774
    ]
   }
  },
  {
   "type": "Feature",
   "properties": {
    "timestamp": "2026-07-02T06:20:00.014131",
    "latitude": 56.97046891751128,
    "longitude": 17.024492464637447,
    "elevation": 0.0,
    "class_code": "COASTAL_SEA",
    "class_name": "\u041f\u0440\u0438\u0431\u0435\u0440\u0435\u0436\u044c\u0435 (\u043c\u043e\u0440\u0435)",
    "source_session": 10,
    "noaa_depth": -20.393500328063965,
    "noaa_type": "depth",
    "osm_piers": 0,
    "osm_lighthouses": 0,
    "osm_breakwaters": 0,
    "osm_harbors": 0,
    "osm_rivers": 0,
    "osm_lakes": 0,
    "osm_beaches": 0,
    "osm_cliffs": 0,
    "osm_industrial": 0
   },
   "geometry": {
    "type": "Point",
    "coordinates": [
     17.024492464637447,
     56.97046891751128
    ]
   }
  },
  {
   "type": "Feature",
   "properties": {
    "timestamp": "2026-07-02T06:15:44.763434",
    "latitude": 56.96762755281302,
    "longitude": 17.174141909572377,
    "elevation": 0.0,
    "class_code": "COASTAL_SEA",
    "class_name": "\u041f\u0440\u0438\u0431\u0435\u0440\u0435\u0436\u044c\u0435 (\u043c\u043e\u0440\u0435)",
    "source_session": 10,
    "noaa_depth": -69.43085479736328,
    "noaa_type": "depth",
    "osm_piers": 0,
    "osm_lighthouses": 0,
    "osm_breakwaters": 0,
    "osm_harbors": 0,
    "osm_rivers": 0,
    "osm_lakes": 0,
    "osm_beaches": 0,
    "osm_cliffs": 0,
    "osm_industrial": 0
   },
   "geometry": {
    "type": "Point",
    "coordinates": [
     17.174141909572377,
     56.96762755281302
    ]
   }
  },
  {
   "type": "Feature",
   "properties": {
    "timestamp": "2026-07-02T07:37:29.955404",
    "latitude": 58.51601340925134,
    "longitude": 9.533929053031011,
    "elevation": 0.0,
    "class_code": "OPEN_SEA",
    "class_name": "\u041e\u0442\u043a\u0440\u044b\u0442\u043e\u0435 \u043c\u043e\u0440\u0435",
    "source_session": 12,
    "noaa_depth": -531.804443359375,
    "noaa_type": "depth",
    "osm_piers": 0,
    "osm_lighthouses": 0,
    "osm_breakwaters": 0,
    "osm_harbors": 0,
    "osm_rivers": 0,
    "osm_lakes": 0,
    "osm_beaches": 0,
    "osm_cliffs": 0,
    "osm_industrial": 0
   },
   "geometry": {
    "type": "Point",
    "coordinates": [
     9.533929053031011,
     58.51601340925134
    ]
   }
  },
  {
   "type": "Feature",
   "properties": {
    "timestamp": "2026-07-02T06:18:59.573614",
    "latitude": 56.97001473542966,
    "longitude": 17.058974651770452,
    "elevation": 0.0,
    "class_code": "COASTAL_SEA",
    "class_name": "\u041f\u0440\u0438\u0431\u0435\u0440\u0435\u0436\u044c\u0435 (\u043c\u043e\u0440\u0435)",
    "source_session": 10,
    "noaa_depth": -26.944854736328125,
    "noaa_type": "depth",
    "osm_piers": 0,
    "osm_lighthouses": 0,
    "osm_breakwaters": 0,
    "osm_harbors": 0,
    "osm_rivers": 0,
    "osm_lakes": 0,
    "osm_beaches": 0,
    "osm_cliffs": 0,
    "osm_industrial": 0
   },
   "geometry": {
    "type": "Point",
    "coordinates": [
     17.058974651770452,
     56.97001473542966
    ]
   }
  },
  {
   "type": "Feature",
   "properties": {
    "timestamp": "2026-07-02T08:09:02.152501",
    "latitude": 58.52503588026839,
    "longitude": 10.678322525754675,
    "elevation": 0.0,
    "class_code": "OPEN_SEA",
    "class_name": "\u041e\u0442\u043a\u0440\u044b\u0442\u043e\u0435 \u043c\u043e\u0440\u0435",
    "source_session": 12,
    "noaa_depth": -139.87263488768815,
    "noaa_type": "depth",
    "osm_piers": 0,
    "osm_lighthouses": 0,
    "osm_breakwaters": 0,
    "osm_harbors": 0,
    "osm_rivers": 0,
    "osm_lakes": 0,
    "osm_beaches": 0,
    "osm_cliffs": 0,
    "osm_industrial": 0
   },
   "geometry": {
    "type": "Point",
    "coordinates": [
     10.678322525754675,
     58.52503588026839
    ]
   }
  },
  {
   "type": "Feature",
   "properties": {
    "timestamp": "2026-07-02T07:44:48.276583",
    "latitude": 58.51832572702377,
    "longitude": 9.781930768395927,
    "elevation": 0.0,
    "class_code": "OPEN_SEA",
    "class_name": "\u041e\u0442\u043a\u0440\u044b\u0442\u043e\u0435 \u043c\u043e\u0440\u0435",
    "source_session": 12,
    "noaa_depth": -643.0222778320312,
    "noaa_type": "depth",
    "osm_piers": 0,
    "osm_lighthouses": 0,
    "osm_breakwaters": 0,
    "osm_harbors": 0,
    "osm_rivers": 0,
    "osm_lakes": 0,
    "osm_beaches": 0,
    "osm_cliffs": 0,
    "osm_industrial": 0
   },
   "geometry": {
    "type": "Point",
    "coordinates": [
     9.781930768395927,
     58.51832572702377
    ]
   }
  },
  {
   "type": "Feature",
   "properties": {
    "timestamp": "2026-07-02T08:00:43.209975",
    "latitude": 58.52437503088356,
    "longitude": 10.346549373719071,
    "elevation": 0.0,
    "class_code": "OPEN_SEA",
    "class_name": "\u041e\u0442\u043a\u0440\u044b\u0442\u043e\u0435 \u043c\u043e\u0440\u0435",
    "source_session": 12,
    "noaa_depth": -302.8328552246094,
    "noaa_type": "depth",
    "osm_piers": 0,
    "osm_lighthouses": 0,
    "osm_breakwaters": 0,
    "osm_harbors": 0,
    "osm_rivers": 0,
    "osm_lakes": 0,
    "osm_beaches": 0,
    "osm_cliffs": 0,
    "osm_industrial": 0
   },
   "geometry": {
    "type": "Point",
    "coordinates": [
     10.346549373719071,
     58.52437503088356
    ]
   }
  },
  {
   "type": "Feature",
   "properties": {
    "timestamp": "2026-07-03T14:00:27.621513",
    "latitude": 56.77126165056773,
    "longitude": 8.514124658388715,
    "elevation": 0.0,
    "class_code": "COASTAL_SEA",
    "class_name": "\u041f\u0440\u0438\u0431\u0435\u0440\u0435\u0436\u044c\u0435 (\u043c\u043e\u0440\u0435)",
    "source_session": 3,
    "noaa_depth": -6.711789608001993,
    "noaa_type": "depth",
    "osm_piers": 0,
    "osm_lighthouses": 0,
    "osm_breakwaters": 0,
    "osm_harbors": 0,
    "osm_rivers": 0,
    "osm_lakes": 0,
    "osm_beaches": 0,
    "osm_cliffs": 0,
    "osm_industrial": 0
   },
   "geometry": {
    "type": "Point",
    "coordinates": [
     8.514124658388715,
     56.77126165056773
    ]
   }
  },
  {
   "type": "Feature",
   "properties": {
    "timestamp": "2026-07-02T03:37:02.464472",
    "latitude": 54.071088949565,
    "longitude": 11.216027821110552,
    "elevation": 0.0,
    "class_code": "COASTAL_SEA",
    "class_name": "\u041f\u0440\u0438\u0431\u0435\u0440\u0435\u0436\u044c\u0435 (\u043c\u043e\u0440\u0435)",
    "source_session": 9,
    "noaa_depth": -21.93265056610111,
    "noaa_type": "depth",
    "osm_piers": 0,
    "osm_lighthouses": 0,
    "osm_breakwaters": 0,
    "osm_harbors": 0,
    "osm_rivers": 0,
    "osm_lakes": 0,
    "osm_beaches": 0,
    "osm_cliffs": 0,
    "osm_industrial": 0
   },
   "geometry": {
    "type": "Point",
    "coordinates": [
     11.216027821110552,
     54.071088949565
    ]
   }
  },
  {
   "type": "Feature",
   "properties": {
    "timestamp": "2026-07-04T15:14:45.510685",
    "latitude": 56.08422832700885,
    "longitude": 9.957020619969734,
    "elevation": 94.0,
    "class_code": "COASTLINE",
    "class_name": "\u0421\u0443\u0448\u0430 \u0432\u0434\u0430\u043b\u0438 \u043e\u0442 \u043f\u043e\u0431\u0435\u0440\u0435\u0436\u044c\u044f",
    "source_session": 3,
    "noaa_depth": 96.92684173583984,
    "noaa_type": "height",
    "osm_piers": 0,
    "osm_lighthouses": 0,
    "osm_breakwaters": 0,
    "osm_harbors": 0,
    "osm_rivers": 0,
    "osm_lakes": 0,
    "osm_beaches": 0,
    "osm_cliffs": 0,
    "osm_industrial": 0
   },
   "geometry": {
    "type": "Point",
    "coordinates": [
     9.957020619969734,
     56.08422832700885
    ]
   }
  },
  {
   "type": "Feature",
   "properties": {
    "timestamp": "2026-07-02T03:16:00.144972",
    "latitude": 54.0705859028382,
    "longitude": 11.441172605575607,
    "elevation": 0.0,
    "class_code": "COASTAL_SEA",
    "class_name": "\u041f\u0440\u0438\u0431\u0435\u0440\u0435\u0436\u044c\u0435 (\u043c\u043e\u0440\u0435)",
    "source_session": 9,
    "noaa_depth": -10.665139198296773,
    "noaa_type": "depth",
    "osm_piers": 0,
    "osm_lighthouses": 0,
    "osm_breakwaters": 0,
    "osm_harbors": 0,
    "osm_rivers": 0,
    "osm_lakes": 0,
    "osm_beaches": 0,
    "osm_cliffs": 0,
    "osm_industrial": 0
   },
   "geometry": {
    "type": "Point",
    "coordinates": [
     11.441172605575607,
     54.0705859028382
    ]
   }
  },
  {
   "type": "Feature",
   "properties": {
    "timestamp": "2026-07-02T07:29:46.434597",
    "latitude": 58.52850659244756,
    "longitude": 10.61202820260579,
    "elevation": 0.0,
    "class_code": "OPEN_SEA",
    "class_name": "\u041e\u0442\u043a\u0440\u044b\u0442\u043e\u0435 \u043c\u043e\u0440\u0435",
    "source_session": 12,
    "noaa_depth": -157.80448913574048,
    "noaa_type": "depth",
    "osm_piers": 0,
    "osm_lighthouses": 0,
    "osm_breakwaters": 0,
    "osm_harbors": 0,
    "osm_rivers": 0,
    "osm_lakes": 0,
    "osm_beaches": 0,
    "osm_cliffs": 0,
    "osm_industrial": 0
   },
   "geometry": {
    "type": "Point",
    "coordinates": [
     10.61202820260579,
     58.52850659244756
    ]
   }
  },
  {
   "type": "Feature",
   "properties": {
    "timestamp": "2026-07-02T07:18:58.875833",
    "latitude": 58.5255700144368,
    "longitude": 10.155926925185948,
    "elevation": 0.0,
    "class_code": "OPEN_SEA",
    "class_name": "\u041e\u0442\u043a\u0440\u044b\u0442\u043e\u0435 \u043c\u043e\u0440\u0435",
    "source_session": 12,
    "noaa_depth": -458.29150390625,
    "noaa_type": "depth",
    "osm_piers": 0,
    "osm_lighthouses": 0,
    "osm_breakwaters": 0,
    "osm_harbors": 0,
    "osm_rivers": 0,
    "osm_lakes": 0,
    "osm_beaches": 0,
    "osm_cliffs": 0,
    "osm_industrial": 0
   },
   "geometry": {
    "type": "Point",
    "coordinates": [
     10.155926925185948,
     58.5255700144368
    ]
   }
  },
  {
   "type": "Feature",
   "properties": {
    "timestamp": "2026-07-02T03:52:58.519507",
    "latitude": 54.05621718697598,
    "longitude": 10.777060565285089,
    "elevation": 0.0,
    "class_code": "COASTAL_SEA",
    "class_name": "\u041f\u0440\u0438\u0431\u0435\u0440\u0435\u0436\u044c\u0435 (\u043c\u043e\u0440\u0435)",
    "source_session": 9,
    "noaa_depth": -6.997603416442871,
    "noaa_type": "depth",
    "osm_piers": 0,
    "osm_lighthouses": 0,
    "osm_breakwaters": 0,
    "osm_harbors": 0,
    "osm_rivers": 0,
    "osm_lakes": 0,
    "osm_beaches": 0,
    "osm_cliffs": 0,
    "osm_industrial": 0
   },
   "geometry": {
    "type": "Point",
    "coordinates": [
     10.777060565285089,
     54.05621718697598
    ]
   }
  },
  {
   "type": "Feature",
   "properties": {
    "timestamp": "2026-07-02T07:16:13.465972",
    "latitude": 58.52430432821357,
    "longitude": 10.066188878369024,
    "elevation": 0.0,
    "class_code": "OPEN_SEA",
    "class_name": "\u041e\u0442\u043a\u0440\u044b\u0442\u043e\u0435 \u043c\u043e\u0440\u0435",
    "source_session": 12,
    "noaa_depth": -511.66950988769634,
    "noaa_type": "depth",
    "osm_piers": 0,
    "osm_lighthouses": 0,
    "osm_breakwaters": 0,
    "osm_harbors": 0,
    "osm_rivers": 0,
    "osm_lakes": 0,
    "osm_beaches": 0,
    "osm_cliffs": 0,
    "osm_industrial": 0
   },
   "geometry": {
    "type": "Point",
    "coordinates": [
     10.066188878369024,
     58.52430432821357
    ]
   }
  },
  {
   "type": "Feature",
   "properties": {
    "timestamp": "2026-07-02T02:34:19.052747",
    "latitude": 54.05298025915938,
    "longitude": 10.894565260770577,
    "elevation": 0.0,
    "class_code": "COASTAL_SEA",
    "class_name": "\u041f\u0440\u0438\u0431\u0435\u0440\u0435\u0436\u044c\u0435 (\u043c\u043e\u0440\u0435)",
    "source_session": 9,
    "noaa_depth": -21.88043212890625,
    "noaa_type": "depth",
    "osm_piers": 0,
    "osm_lighthouses": 0,
    "osm_breakwaters": 0,
    "osm_harbors": 0,
    "osm_rivers": 0,
    "osm_lakes": 0,
    "osm_beaches": 0,
    "osm_cliffs": 0,
    "osm_industrial": 0
   },
   "geometry": {
    "type": "Point",
    "coordinates": [
     10.894565260770577,
     54.05298025915938
    ]
   }
  },
  {
   "type": "Feature",
   "properties": {
    "timestamp": "2026-07-02T06:34:25.246479",
    "latitude": 56.96414110558399,
    "longitude": 17.24136009184922,
    "elevation": 0.0,
    "class_code": "COASTAL_SEA",
    "class_name": "\u041f\u0440\u0438\u0431\u0435\u0440\u0435\u0436\u044c\u0435 (\u043c\u043e\u0440\u0435)",
    "source_session": 10,
    "noaa_depth": -65.70310020446777,
    "noaa_type": "depth",
    "osm_piers": 0,
    "osm_lighthouses": 0,
    "osm_breakwaters": 0,
    "osm_harbors": 0,
    "osm_rivers": 0,
    "osm_lakes": 0,
    "osm_beaches": 0,
    "osm_cliffs": 0,
    "osm_industrial": 0
   },
   "geometry": {
    "type": "Point",
    "coordinates": [
     17.24136009184922,
     56.96414110558399
    ]
   }
  },
  {
   "type": "Feature",
   "properties": {
    "timestamp": "2026-07-02T06:14:48.831349",
    "latitude": 56.96700729727142,
    "longitude": 17.20752414209223,
    "elevation": 0.0,
    "class_code": "COASTAL_SEA",
    "class_name": "\u041f\u0440\u0438\u0431\u0435\u0440\u0435\u0436\u044c\u0435 (\u043c\u043e\u0440\u0435)",
    "source_session": 10,
    "noaa_depth": -73.32384109497131,
    "noaa_type": "depth",
    "osm_piers": 0,
    "osm_lighthouses": 0,
    "osm_breakwaters": 0,
    "osm_harbors": 0,
    "osm_rivers": 0,
    "osm_lakes": 0,
    "osm_beaches": 0,
    "osm_cliffs": 0,
    "osm_industrial": 0
   },
   "geometry": {
    "type": "Point",
    "coordinates": [
     17.20752414209223,
     56.96700729727142
    ]
   }
  },
  {
   "type": "Feature",
   "properties": {
    "timestamp": "2026-07-03T14:04:05.641531",
    "latitude": 54.45849557892411,
    "longitude": 8.628538597737341,
    "elevation": 0.0,
    "class_code": "COASTAL_SEA",
    "class_name": "\u041f\u0440\u0438\u0431\u0435\u0440\u0435\u0436\u044c\u0435 (\u043c\u043e\u0440\u0435)",
    "source_session": 3,
    "noaa_depth": -11.230000019073486,
    "noaa_type": "depth",
    "osm_piers": 0,
    "osm_lighthouses": 0,
    "osm_breakwaters": 0,
    "osm_harbors": 0,
    "osm_rivers": 0,
    "osm_lakes": 0,
    "osm_beaches": 0,
    "osm_cliffs": 0,
    "osm_industrial": 0
   },
   "geometry": {
    "type": "Point",
    "coordinates": [
     8.628538597737341,
     54.45849557892411
    ]
   }
  },
  {
   "type": "Feature",
   "properties": {
    "timestamp": "2026-07-01T17:17:32.583245",
    "latitude": 53.49881631853373,
    "longitude": 9.925422604786759,
    "elevation": 0.0,
    "class_code": "COASTLINE",
    "class_name": "\u0421\u0443\u0448\u0430 \u0432\u0434\u0430\u043b\u0438 \u043e\u0442 \u043f\u043e\u0431\u0435\u0440\u0435\u0436\u044c\u044f",
    "source_session": 5,
    "noaa_depth": 10.353511333464715,
    "noaa_type": "height",
    "osm_piers": 0,
    "osm_lighthouses": 0,
    "osm_breakwaters": 0,
    "osm_harbors": 0,
    "osm_rivers": 0,
    "osm_lakes": 0,
    "osm_beaches": 0,
    "osm_cliffs": 0,
    "osm_industrial": 0
   },
   "geometry": {
    "type": "Point",
    "coordinates": [
     9.925422604786759,
     53.49881631853373
    ]
   }
  },
  {
   "type": "Feature",
   "properties": {
    "timestamp": "2026-07-02T02:29:24.052249",
    "latitude": 54.05056195897113,
    "longitude": 10.797231452335689,
    "elevation": 0.0,
    "class_code": "COASTAL_SEA",
    "class_name": "\u041f\u0440\u0438\u0431\u0435\u0440\u0435\u0436\u044c\u0435 (\u043c\u043e\u0440\u0435)",
    "source_session": 9,
    "noaa_depth": -16.37760353088379,
    "noaa_type": "depth",
    "osm_piers": 0,
    "osm_lighthouses": 0,
    "osm_breakwaters": 0,
    "osm_harbors": 0,
    "osm_rivers": 0,
    "osm_lakes": 0,
    "osm_beaches": 0,
    "osm_cliffs": 0,
    "osm_industrial": 0
   },
   "geometry": {
    "type": "Point",
    "coordinates": [
     10.797231452335689,
     54.05056195897113
    ]
   }
  },
  {
   "type": "Feature",
   "properties": {
    "timestamp": "2026-07-02T03:53:12.318777",
    "latitude": 54.05641866218671,
    "longitude": 10.767099212719755,
    "elevation": 0.0,
    "class_code": "COASTAL_SEA",
    "class_name": "\u041f\u0440\u0438\u0431\u0435\u0440\u0435\u0436\u044c\u0435 (\u043c\u043e\u0440\u0435)",
    "source_session": 9,
    "noaa_depth": -3.9988017082205483,
    "noaa_type": "depth",
    "osm_piers": 0,
    "osm_lighthouses": 0,
    "osm_breakwaters": 0,
    "osm_harbors": 0,
    "osm_rivers": 0,
    "osm_lakes": 0,
    "osm_beaches": 0,
    "osm_cliffs": 0,
    "osm_industrial": 0
   },
   "geometry": {
    "type": "Point",
    "coordinates": [
     10.767099212719755,
     54.05641866218671
    ]
   }
  },
  {
   "type": "Feature",
   "properties": {
    "timestamp": "2026-07-02T06:21:18.392181",
    "latitude": 56.97119443102005,
    "longitude": 16.978109182691444,
    "elevation": 0.0,
    "class_code": "COASTAL_SEA",
    "class_name": "\u041f\u0440\u0438\u0431\u0435\u0440\u0435\u0436\u044c\u0435 (\u043c\u043e\u0440\u0435)",
    "source_session": 10,
    "noaa_depth": -15.155776977539062,
    "noaa_type": "depth",
    "osm_piers": 0,
    "osm_lighthouses": 0,
    "osm_breakwaters": 0,
    "osm_harbors": 0,
    "osm_rivers": 0,
    "osm_lakes": 0,
    "osm_beaches": 0,
    "osm_cliffs": 0,
    "osm_industrial": 0
   },
   "geometry": {
    "type": "Point",
    "coordinates": [
     16.978109182691444,
     56.97119443102005
    ]
   }
  },
  {
   "type": "Feature",
   "properties": {
    "timestamp": "2026-07-02T08:09:16.345481",
    "latitude": 58.525203890838796,
    "longitude": 10.690151631926025,
    "elevation": 0.0,
    "class_code": "OPEN_SEA",
    "class_name": "\u041e\u0442\u043a\u0440\u044b\u0442\u043e\u0435 \u043c\u043e\u0440\u0435",
    "source_session": 12,
    "noaa_depth": -148.38763427734847,
    "noaa_type": "depth",
    "osm_piers": 0,
    "osm_lighthouses": 0,
    "osm_breakwaters": 0,
    "osm_harbors": 0,
    "osm_rivers": 0,
    "osm_lakes": 0,
    "osm_beaches": 0,
    "osm_cliffs": 0,
    "osm_industrial": 0
   },
   "geometry": {
    "type": "Point",
    "coordinates": [
     10.690151631926025,
     58.525203890838796
    ]
   }
  },
  {
   "type": "Feature",
   "properties": {
    "timestamp": "2026-07-02T03:06:48.463619",
    "latitude": 54.06691983936093,
    "longitude": 11.294878301065287,
    "elevation": 0.0,
    "class_code": "COASTAL_SEA",
    "class_name": "\u041f\u0440\u0438\u0431\u0435\u0440\u0435\u0436\u044c\u0435 (\u043c\u043e\u0440\u0435)",
    "source_session": 9,
    "noaa_depth": -14.225708484654094,
    "noaa_type": "depth",
    "osm_piers": 0,
    "osm_lighthouses": 0,
    "osm_breakwaters": 0,
    "osm_harbors": 0,
    "osm_rivers": 0,
    "osm_lakes": 0,
    "osm_beaches": 0,
    "osm_cliffs": 0,
    "osm_industrial": 0
   },
   "geometry": {
    "type": "Point",
    "coordinates": [
     11.294878301065287,
     54.06691983936093
    ]
   }
  },
  {
   "type": "Feature",
   "properties": {
    "timestamp": "2026-07-02T03:26:23.557875",
    "latitude": 54.07675558149027,
    "longitude": 11.381914128125015,
    "elevation": 0.0,
    "class_code": "COASTAL_SEA",
    "class_name": "\u041f\u0440\u0438\u0431\u0435\u0440\u0435\u0436\u044c\u0435 (\u043c\u043e\u0440\u0435)",
    "source_session": 9,
    "noaa_depth": -11.006438255310059,
    "noaa_type": "depth",
    "osm_piers": 0,
    "osm_lighthouses": 0,
    "osm_breakwaters": 0,
    "osm_harbors": 0,
    "osm_rivers": 0,
    "osm_lakes": 0,
    "osm_beaches": 0,
    "osm_cliffs": 0,
    "osm_industrial": 0
   },
   "geometry": {
    "type": "Point",
    "coordinates": [
     11.381914128125015,
     54.07675558149027
    ]
   }
  },
  {
   "type": "Feature",
   "properties": {
    "timestamp": "2026-07-02T07:52:51.284513",
    "latitude": 58.52066277871316,
    "longitude": 10.095048681334113,
    "elevation": 0.0,
    "class_code": "OPEN_SEA",
    "class_name": "\u041e\u0442\u043a\u0440\u044b\u0442\u043e\u0435 \u043c\u043e\u0440\u0435",
    "source_session": 12,
    "noaa_depth": -505.26580810546875,
    "noaa_type": "depth",
    "osm_piers": 0,
    "osm_lighthouses": 0,
    "osm_breakwaters": 0,
    "osm_harbors": 0,
    "osm_rivers": 0,
    "osm_lakes": 0,
    "osm_beaches": 0,
    "osm_cliffs": 0,
    "osm_industrial": 0
   },
   "geometry": {
    "type": "Point",
    "coordinates": [
     10.095048681334113,
     58.52066277871316
    ]
   }
  },
  {
   "type": "Feature",
   "properties": {
    "timestamp": "2026-07-02T08:09:38.250008",
    "latitude": 58.52528229549625,
    "longitude": 10.708077772857122,
    "elevation": 0.0,
    "class_code": "OPEN_SEA",
    "class_name": "\u041e\u0442\u043a\u0440\u044b\u0442\u043e\u0435 \u043c\u043e\u0440\u0435",
    "source_session": 12,
    "noaa_depth": -139.1163482665967,
    "noaa_type": "depth",
    "osm_piers": 0,
    "osm_lighthouses": 0,
    "osm_breakwaters": 0,
    "osm_harbors": 0,
    "osm_rivers": 0,
    "osm_lakes": 0,
    "osm_beaches": 0,
    "osm_cliffs": 0,
    "osm_industrial": 0
   },
   "geometry": {
    "type": "Point",
    "coordinates": [
     10.708077772857122,
     58.52528229549625
    ]
   }
  },
  {
   "type": "Feature",
   "properties": {
    "timestamp": "2026-07-02T06:03:29.735463",
    "latitude": 56.95060452998938,
    "longitude": 17.536756676260225,
    "elevation": 0.0,
    "class_code": "COASTAL_SEA",
    "class_name": "\u041f\u0440\u0438\u0431\u0435\u0440\u0435\u0436\u044c\u0435 (\u043c\u043e\u0440\u0435)",
    "source_session": 10,
    "noaa_depth": -96.1933822631836,
    "noaa_type": "depth",
    "osm_piers": 0,
    "osm_lighthouses": 0,
    "osm_breakwaters": 0,
    "osm_harbors": 0,
    "osm_rivers": 0,
    "osm_lakes": 0,
    "osm_beaches": 0,
    "osm_cliffs": 0,
    "osm_industrial": 0
   },
   "geometry": {
    "type": "Point",
    "coordinates": [
     17.536756676260225,
     56.95060452998938
    ]
   }
  },
  {
   "type": "Feature",
   "properties": {
    "timestamp": "2026-07-03T13:59:50.437149",
    "latitude": 56.58421546866862,
    "longitude": 8.470157309134892,
    "elevation": 0.0,
    "class_code": "COASTAL_SEA",
    "class_name": "\u041f\u0440\u0438\u0431\u0435\u0440\u0435\u0436\u044c\u0435 (\u043c\u043e\u0440\u0435)",
    "source_session": 3,
    "noaa_depth": -6.380000114440918,
    "noaa_type": "depth",
    "osm_piers": 0,
    "osm_lighthouses": 0,
    "osm_breakwaters": 0,
    "osm_harbors": 0,
    "osm_rivers": 0,
    "osm_lakes": 0,
    "osm_beaches": 0,
    "osm_cliffs": 0,
    "osm_industrial": 0
   },
   "geometry": {
    "type": "Point",
    "coordinates": [
     8.470157309134892,
     56.58421546866862
    ]
   }
  },
  {
   "type": "Feature",
   "properties": {
    "timestamp": "2026-07-02T05:58:22.877858",
    "latitude": 56.95930816906786,
    "longitude": 17.532566286069507,
    "elevation": 0.0,
    "class_code": "COASTAL_SEA",
    "class_name": "\u041f\u0440\u0438\u0431\u0435\u0440\u0435\u0436\u044c\u0435 (\u043c\u043e\u0440\u0435)",
    "source_session": 10,
    "noaa_depth": -94.8345718383789,
    "noaa_type": "depth",
    "osm_piers": 0,
    "osm_lighthouses": 0,
    "osm_breakwaters": 0,
    "osm_harbors": 0,
    "osm_rivers": 0,
    "osm_lakes": 0,
    "osm_beaches": 0,
    "osm_cliffs": 0,
    "osm_industrial": 0
   },
   "geometry": {
    "type": "Point",
    "coordinates": [
     17.532566286069507,
     56.95930816906786
    ]
   }
  },
  {
   "type": "Feature",
   "properties": {
    "timestamp": "2026-07-02T06:01:17.023753",
    "latitude": 56.95074452492163,
    "longitude": 17.45829949913136,
    "elevation": 0.0,
    "class_code": "OPEN_SEA",
    "class_name": "\u041e\u0442\u043a\u0440\u044b\u0442\u043e\u0435 \u043c\u043e\u0440\u0435",
    "source_session": 10,
    "noaa_depth": -101.97834014892659,
    "noaa_type": "depth",
    "osm_piers": 0,
    "osm_lighthouses": 0,
    "osm_breakwaters": 0,
    "osm_harbors": 0,
    "osm_rivers": 0,
    "osm_lakes": 0,
    "osm_beaches": 0,
    "osm_cliffs": 0,
    "osm_industrial": 0
   },
   "geometry": {
    "type": "Point",
    "coordinates": [
     17.45829949913136,
     56.95074452492163
    ]
   }
  },
  {
   "type": "Feature",
   "properties": {
    "timestamp": "2026-07-02T06:27:48.817819",
    "latitude": 56.96744601806638,
    "longitude": 16.946760538971027,
    "elevation": 0.0,
    "class_code": "COASTAL_SEA",
    "class_name": "\u041f\u0440\u0438\u0431\u0435\u0440\u0435\u0436\u044c\u0435 (\u043c\u043e\u0440\u0435)",
    "source_session": 10,
    "noaa_depth": -10.943132400512695,
    "noaa_type": "depth",
    "osm_piers": 0,
    "osm_lighthouses": 0,
    "osm_breakwaters": 0,
    "osm_harbors": 0,
    "osm_rivers": 0,
    "osm_lakes": 0,
    "osm_beaches": 0,
    "osm_cliffs": 0,
    "osm_industrial": 0
   },
   "geometry": {
    "type": "Point",
    "coordinates": [
     16.946760538971027,
     56.96744601806638
    ]
   }
  },
  {
   "type": "Feature",
   "properties": {
    "timestamp": "2026-07-02T03:43:10.627165",
    "latitude": 54.066772567884584,
    "longitude": 11.0900145807992,
    "elevation": 0.0,
    "class_code": "COASTAL_SEA",
    "class_name": "\u041f\u0440\u0438\u0431\u0435\u0440\u0435\u0436\u044c\u0435 (\u043c\u043e\u0440\u0435)",
    "source_session": 9,
    "noaa_depth": -23.693395614623807,
    "noaa_type": "depth",
    "osm_piers": 0,
    "osm_lighthouses": 0,
    "osm_breakwaters": 0,
    "osm_harbors": 0,
    "osm_rivers": 0,
    "osm_lakes": 0,
    "osm_beaches": 0,
    "osm_cliffs": 0,
    "osm_industrial": 0
   },
   "geometry": {
    "type": "Point",
    "coordinates": [
     11.0900145807992,
     54.066772567884584
    ]
   }
  },
  {
   "type": "Feature",
   "properties": {
    "timestamp": "2026-07-02T06:16:14.934565",
    "latitude": 56.96802544715728,
    "longitude": 17.153653457093903,
    "elevation": 0.0,
    "class_code": "COASTAL_SEA",
    "class_name": "\u041f\u0440\u0438\u0431\u0435\u0440\u0435\u0436\u044c\u0435 (\u043c\u043e\u0440\u0435)",
    "source_session": 10,
    "noaa_depth": -65.68960571289062,
    "noaa_type": "depth",
    "osm_piers": 0,
    "osm_lighthouses": 0,
    "osm_breakwaters": 0,
    "osm_harbors": 0,
    "osm_rivers": 0,
    "osm_lakes": 0,
    "osm_beaches": 0,
    "osm_cliffs": 0,
    "osm_industrial": 0
   },
   "geometry": {
    "type": "Point",
    "coordinates": [
     17.153653457093903,
     56.96802544715728
    ]
   }
  },
  {
   "type": "Feature",
   "properties": {
    "timestamp": "2026-07-02T03:20:14.698917",
    "latitude": 54.07866704291972,
    "longitude": 11.516179256824609,
    "elevation": 0.0,
    "class_code": "COASTAL_SEA",
    "class_name": "\u041f\u0440\u0438\u0431\u0435\u0440\u0435\u0436\u044c\u0435 (\u043c\u043e\u0440\u0435)",
    "source_session": 9,
    "noaa_depth": -5.496081829069269,
    "noaa_type": "depth",
    "osm_piers": 0,
    "osm_lighthouses": 0,
    "osm_breakwaters": 0,
    "osm_harbors": 0,
    "osm_rivers": 0,
    "osm_lakes": 0,
    "osm_beaches": 0,
    "osm_cliffs": 0,
    "osm_industrial": 0
   },
   "geometry": {
    "type": "Point",
    "coordinates": [
     11.516179256824609,
     54.07866704291972
    ]
   }
  },
  {
   "type": "Feature",
   "properties": {
    "timestamp": "2026-07-02T06:32:27.031271",
    "latitude": 56.96478013482373,
    "longitude": 17.167172585387977,
    "elevation": 0.0,
    "class_code": "COASTAL_SEA",
    "class_name": "\u041f\u0440\u0438\u0431\u0435\u0440\u0435\u0436\u044c\u0435 (\u043c\u043e\u0440\u0435)",
    "source_session": 10,
    "noaa_depth": -68.81980895996094,
    "noaa_type": "depth",
    "osm_piers": 0,
    "osm_lighthouses": 0,
    "osm_breakwaters": 0,
    "osm_harbors": 0,
    "osm_rivers": 0,
    "osm_lakes": 0,
    "osm_beaches": 0,
    "osm_cliffs": 0,
    "osm_industrial": 0
   },
   "geometry": {
    "type": "Point",
    "coordinates": [
     17.167172585387977,
     56.96478013482373
    ]
   }
  },
  {
   "type": "Feature",
   "properties": {
    "timestamp": "2026-07-02T11:52:53.091807",
    "latitude": 61.6432168442299,
    "longitude": 9.207720506327927,
    "elevation": 0.0,
    "class_code": "COASTLINE",
    "class_name": "\u0421\u0443\u0448\u0430 \u0432\u0434\u0430\u043b\u0438 \u043e\u0442 \u043f\u043e\u0431\u0435\u0440\u0435\u0436\u044c\u044f",
    "source_session": 5,
    "noaa_depth": 671.12158203125,
    "noaa_type": "height",
    "osm_piers": 0,
    "osm_lighthouses": 0,
    "osm_breakwaters": 0,
    "osm_harbors": 0,
    "osm_rivers": 0,
    "osm_lakes": 0,
    "osm_beaches": 0,
    "osm_cliffs": 0,
    "osm_industrial": 0
   },
   "geometry": {
    "type": "Point",
    "coordinates": [
     9.207720506327927,
     61.6432168442299
    ]
   }
  },
  {
   "type": "Feature",
   "properties": {
    "timestamp": "2026-07-02T03:48:14.538797",
    "latitude": 54.060422818093,
    "longitude": 10.928221206354923,
    "elevation": 0.0,
    "class_code": "COASTAL_SEA",
    "class_name": "\u041f\u0440\u0438\u0431\u0435\u0440\u0435\u0436\u044c\u0435 (\u043c\u043e\u0440\u0435)",
    "source_session": 9,
    "noaa_depth": -22.754074096679688,
    "noaa_type": "depth",
    "osm_piers": 0,
    "osm_lighthouses": 0,
    "osm_breakwaters": 0,
    "osm_harbors": 0,
    "osm_rivers": 0,
    "osm_lakes": 0,
    "osm_beaches": 0,
    "osm_cliffs": 0,
    "osm_industrial": 0
   },
   "geometry": {
    "type": "Point",
    "coordinates": [
     10.928221206354923,
     54.060422818093
    ]
   }
  },
  {
   "type": "Feature",
   "properties": {
    "timestamp": "2026-07-02T06:37:00.247099",
    "latitude": 56.96157328805221,
    "longitude": 17.342923200708306,
    "elevation": 0.0,
    "class_code": "COASTAL_SEA",
    "class_name": "\u041f\u0440\u0438\u0431\u0435\u0440\u0435\u0436\u044c\u0435 (\u043c\u043e\u0440\u0435)",
    "source_session": 10,
    "noaa_depth": -78.1776123046875,
    "noaa_type": "depth",
    "osm_piers": 0,
    "osm_lighthouses": 0,
    "osm_breakwaters": 0,
    "osm_harbors": 0,
    "osm_rivers": 0,
    "osm_lakes": 0,
    "osm_beaches": 0,
    "osm_cliffs": 0,
    "osm_industrial": 0
   },
   "geometry": {
    "type": "Point",
    "coordinates": [
     17.342923200708306,
     56.96157328805221
    ]
   }
  },
  {
   "type": "Feature",
   "properties": {
    "timestamp": "2026-07-02T02:40:19.284517",
    "latitude": 54.057229218199744,
    "longitude": 11.022776659384911,
    "elevation": 0.0,
    "class_code": "COASTAL_SEA",
    "class_name": "\u041f\u0440\u0438\u0431\u0435\u0440\u0435\u0436\u044c\u0435 (\u043c\u043e\u0440\u0435)",
    "source_session": 9,
    "noaa_depth": -22.999692916870117,
    "noaa_type": "depth",
    "osm_piers": 0,
    "osm_lighthouses": 0,
    "osm_breakwaters": 0,
    "osm_harbors": 0,
    "osm_rivers": 0,
    "osm_lakes": 0,
    "osm_beaches": 0,
    "osm_cliffs": 0,
    "osm_industrial": 0
   },
   "geometry": {
    "type": "Point",
    "coordinates": [
     11.022776659384911,
     54.057229218199744
    ]
   }
  },
  {
   "type": "Feature",
   "properties": {
    "timestamp": "2026-07-02T03:13:50.649774",
    "latitude": 54.068785797641794,
    "longitude": 11.374835149914277,
    "elevation": 0.0,
    "class_code": "COASTAL_SEA",
    "class_name": "\u041f\u0440\u0438\u0431\u0435\u0440\u0435\u0436\u044c\u0435 (\u043c\u043e\u0440\u0435)",
    "source_session": 9,
    "noaa_depth": -9.841438293456992,
    "noaa_type": "depth",
    "osm_piers": 0,
    "osm_lighthouses": 0,
    "osm_breakwaters": 0,
    "osm_harbors": 0,
    "osm_rivers": 0,
    "osm_lakes": 0,
    "osm_beaches": 0,
    "osm_cliffs": 0,
    "osm_industrial": 0
   },
   "geometry": {
    "type": "Point",
    "coordinates": [
     11.374835149914277,
     54.068785797641794
    ]
   }
  },
  {
   "type": "Feature",
   "properties": {
    "timestamp": "2026-07-02T03:59:48.291010",
    "latitude": 54.0662282363808,
    "longitude": 10.950195925920802,
    "elevation": 0.0,
    "class_code": "COASTAL_SEA",
    "class_name": "\u041f\u0440\u0438\u0431\u0435\u0440\u0435\u0436\u044c\u0435 (\u043c\u043e\u0440\u0435)",
    "source_session": 9,
    "noaa_depth": -22.677525043487044,
    "noaa_type": "depth",
    "osm_piers": 0,
    "osm_lighthouses": 0,
    "osm_breakwaters": 0,
    "osm_harbors": 0,
    "osm_rivers": 0,
    "osm_lakes": 0,
    "osm_beaches": 0,
    "osm_cliffs": 0,
    "osm_industrial": 0
   },
   "geometry": {
    "type": "Point",
    "coordinates": [
     10.950195925920802,
     54.0662282363808
    ]
   }
  },
  {
   "type": "Feature",
   "properties": {
    "timestamp": "2026-07-02T03:45:38.914437",
    "latitude": 54.063343885136014,
    "longitude": 11.001945621173855,
    "elevation": 0.0,
    "class_code": "COASTAL_SEA",
    "class_name": "\u041f\u0440\u0438\u0431\u0435\u0440\u0435\u0436\u044c\u0435 (\u043c\u043e\u0440\u0435)",
    "source_session": 9,
    "noaa_depth": -22.579692840576172,
    "noaa_type": "depth",
    "osm_piers": 0,
    "osm_lighthouses": 0,
    "osm_breakwaters": 0,
    "osm_harbors": 0,
    "osm_rivers": 0,
    "osm_lakes": 0,
    "osm_beaches": 0,
    "osm_cliffs": 0,
    "osm_industrial": 0
   },
   "geometry": {
    "type": "Point",
    "coordinates": [
     11.001945621173855,
     54.063343885136014
    ]
   }
  },
  {
   "type": "Feature",
   "properties": {
    "timestamp": "2026-07-02T07:41:42.938547",
    "latitude": 58.51716957135444,
    "longitude": 9.672720853525686,
    "elevation": 0.0,
    "class_code": "OPEN_SEA",
    "class_name": "\u041e\u0442\u043a\u0440\u044b\u0442\u043e\u0435 \u043c\u043e\u0440\u0435",
    "source_session": 12,
    "noaa_depth": -531.7505493164062,
    "noaa_type": "depth",
    "osm_piers": 0,
    "osm_lighthouses": 0,
    "osm_breakwaters": 0,
    "osm_harbors": 0,
    "osm_rivers": 0,
    "osm_lakes": 0,
    "osm_beaches": 0,
    "osm_cliffs": 0,
    "osm_industrial": 0
   },
   "geometry": {
    "type": "Point",
    "coordinates": [
     9.672720853525686,
     58.51716957135444
    ]
   }
  },
  {
   "type": "Feature",
   "properties": {
    "timestamp": "2026-07-02T08:13:56.192247",
    "latitude": 58.522412752060625,
    "longitude": 10.778831906027332,
    "elevation": 0.0,
    "class_code": "OPEN_SEA",
    "class_name": "\u041e\u0442\u043a\u0440\u044b\u0442\u043e\u0435 \u043c\u043e\u0440\u0435",
    "source_session": 12,
    "noaa_depth": -114.76339721679742,
    "noaa_type": "depth",
    "osm_piers": 0,
    "osm_lighthouses": 0,
    "osm_breakwaters": 0,
    "osm_harbors": 0,
    "osm_rivers": 0,
    "osm_lakes": 0,
    "osm_beaches": 0,
    "osm_cliffs": 0,
    "osm_industrial": 0
   },
   "geometry": {
    "type": "Point",
    "coordinates": [
     10.778831906027332,
     58.522412752060625
    ]
   }
  },
  {
   "type": "Feature",
   "properties": {
    "timestamp": "2026-07-02T06:47:41.922989",
    "latitude": 56.9645583618614,
    "longitude": 17.027023173929493,
    "elevation": 0.0,
    "class_code": "COASTAL_SEA",
    "class_name": "\u041f\u0440\u0438\u0431\u0435\u0440\u0435\u0436\u044c\u0435 (\u043c\u043e\u0440\u0435)",
    "source_session": 10,
    "noaa_depth": -22.009994506835938,
    "noaa_type": "depth",
    "osm_piers": 0,
    "osm_lighthouses": 0,
    "osm_breakwaters": 0,
    "osm_harbors": 0,
    "osm_rivers": 0,
    "osm_lakes": 0,
    "osm_beaches": 0,
    "osm_cliffs": 0,
    "osm_industrial": 0
   },
   "geometry": {
    "type": "Point",
    "coordinates": [
     17.027023173929493,
     56.9645583618614
    ]
   }
  },
  {
   "type": "Feature",
   "properties": {
    "timestamp": "2026-07-02T06:03:02.431821",
    "latitude": 56.950767941194954,
    "longitude": 17.525729034356228,
    "elevation": 0.0,
    "class_code": "COASTAL_SEA",
    "class_name": "\u041f\u0440\u0438\u0431\u0435\u0440\u0435\u0436\u044c\u0435 (\u043c\u043e\u0440\u0435)",
    "source_session": 10,
    "noaa_depth": -97.10456848144531,
    "noaa_type": "depth",
    "osm_piers": 0,
    "osm_lighthouses": 0,
    "osm_breakwaters": 0,
    "osm_harbors": 0,
    "osm_rivers": 0,
    "osm_lakes": 0,
    "osm_beaches": 0,
    "osm_cliffs": 0,
    "osm_industrial": 0
   },
   "geometry": {
    "type": "Point",
    "coordinates": [
     17.525729034356228,
     56.950767941194954
    ]
   }
  },
  {
   "type": "Feature",
   "properties": {
    "timestamp": "2026-07-04T15:08:14.519083",
    "latitude": 59.18051700851601,
    "longitude": 9.787173602215253,
    "elevation": 118.0,
    "class_code": "COASTLINE",
    "class_name": "\u0421\u0443\u0448\u0430 \u0432\u0434\u0430\u043b\u0438 \u043e\u0442 \u043f\u043e\u0431\u0435\u0440\u0435\u0436\u044c\u044f",
    "source_session": 3,
    "noaa_depth": 88.63084411621094,
    "noaa_type": "height",
    "osm_piers": 0,
    "osm_lighthouses": 0,
    "osm_breakwaters": 0,
    "osm_harbors": 0,
    "osm_rivers": 0,
    "osm_lakes": 0,
    "osm_beaches": 0,
    "osm_cliffs": 0,
    "osm_industrial": 0
   },
   "geometry": {
    "type": "Point",
    "coordinates": [
     9.787173602215253,
     59.18051700851601
    ]
   }
  },
  {
   "type": "Feature",
   "properties": {
    "timestamp": "2026-07-02T06:35:22.065491",
    "latitude": 56.96279056103655,
    "longitude": 17.283217061182107,
    "elevation": 0.0,
    "class_code": "COASTAL_SEA",
    "class_name": "\u041f\u0440\u0438\u0431\u0435\u0440\u0435\u0436\u044c\u0435 (\u043c\u043e\u0440\u0435)",
    "source_session": 10,
    "noaa_depth": -66.49111747741097,
    "noaa_type": "depth",
    "osm_piers": 0,
    "osm_lighthouses": 0,
    "osm_breakwaters": 0,
    "osm_harbors": 0,
    "osm_rivers": 0,
    "osm_lakes": 0,
    "osm_beaches": 0,
    "osm_cliffs": 0,
    "osm_industrial": 0
   },
   "geometry": {
    "type": "Point",
    "coordinates": [
     17.283217061182107,
     56.96279056103655
    ]
   }
  },
  {
   "type": "Feature",
   "properties": {
    "timestamp": "2026-07-02T08:03:07.781423",
    "latitude": 58.524818585418814,
    "longitude": 10.445840872888523,
    "elevation": 0.0,
    "class_code": "OPEN_SEA",
    "class_name": "\u041e\u0442\u043a\u0440\u044b\u0442\u043e\u0435 \u043c\u043e\u0440\u0435",
    "source_session": 12,
    "noaa_depth": -243.13899993895708,
    "noaa_type": "depth",
    "osm_piers": 0,
    "osm_lighthouses": 0,
    "osm_breakwaters": 0,
    "osm_harbors": 0,
    "osm_rivers": 0,
    "osm_lakes": 0,
    "osm_beaches": 0,
    "osm_cliffs": 0,
    "osm_industrial": 0
   },
   "geometry": {
    "type": "Point",
    "coordinates": [
     10.445840872888523,
     58.524818585418814
    ]
   }
  },
  {
   "type": "Feature",
   "properties": {
    "timestamp": "2026-07-02T07:58:30.611802",
    "latitude": 58.52361111829689,
    "longitude": 10.299426164924038,
    "elevation": 0.0,
    "class_code": "OPEN_SEA",
    "class_name": "\u041e\u0442\u043a\u0440\u044b\u0442\u043e\u0435 \u043c\u043e\u0440\u0435",
    "source_session": 12,
    "noaa_depth": -341.0688171386719,
    "noaa_type": "depth",
    "osm_piers": 0,
    "osm_lighthouses": 0,
    "osm_breakwaters": 0,
    "osm_harbors": 0,
    "osm_rivers": 0,
    "osm_lakes": 0,
    "osm_beaches": 0,
    "osm_cliffs": 0,
    "osm_industrial": 0
   },
   "geometry": {
    "type": "Point",
    "coordinates": [
     10.299426164924038,
     58.52361111829689
    ]
   }
  },
  {
   "type": "Feature",
   "properties": {
    "timestamp": "2026-07-02T05:42:17.094469",
    "latitude": 56.96218455157261,
    "longitude": 17.497573350490967,
    "elevation": 0.0,
    "class_code": "OPEN_SEA",
    "class_name": "\u041e\u0442\u043a\u0440\u044b\u0442\u043e\u0435 \u043c\u043e\u0440\u0435",
    "source_session": 10,
    "noaa_depth": -102.89685821533281,
    "noaa_type": "depth",
    "osm_piers": 0,
    "osm_lighthouses": 0,
    "osm_breakwaters": 0,
    "osm_harbors": 0,
    "osm_rivers": 0,
    "osm_lakes": 0,
    "osm_beaches": 0,
    "osm_cliffs": 0,
    "osm_industrial": 0
   },
   "geometry": {
    "type": "Point",
    "coordinates": [
     17.497573350490967,
     56.96218455157261
    ]
   }
  },
  {
   "type": "Feature",
   "properties": {
    "timestamp": "2026-07-02T07:02:21.482629",
    "latitude": 58.519641520948525,
    "longitude": 9.604234822257528,
    "elevation": 0.0,
    "class_code": "OPEN_SEA",
    "class_name": "\u041e\u0442\u043a\u0440\u044b\u0442\u043e\u0435 \u043c\u043e\u0440\u0435",
    "source_session": 12,
    "noaa_depth": -545.1486511230477,
    "noaa_type": "depth",
    "osm_piers": 0,
    "osm_lighthouses": 0,
    "osm_breakwaters": 0,
    "osm_harbors": 0,
    "osm_rivers": 0,
    "osm_lakes": 0,
    "osm_beaches": 0,
    "osm_cliffs": 0,
    "osm_industrial": 0
   },
   "geometry": {
    "type": "Point",
    "coordinates": [
     9.604234822257528,
     58.519641520948525
    ]
   }
  },
  {
   "type": "Feature",
   "properties": {
    "timestamp": "2026-07-02T11:55:07.536001",
    "latitude": 60.27753242660126,
    "longitude": 8.219125856896435,
    "elevation": 0.0,
    "class_code": "COASTLINE",
    "class_name": "\u0421\u0443\u0448\u0430 \u0432\u0434\u0430\u043b\u0438 \u043e\u0442 \u043f\u043e\u0431\u0435\u0440\u0435\u0436\u044c\u044f",
    "source_session": 5,
    "noaa_depth": 1216.3897705078125,
    "noaa_type": "height",
    "osm_piers": 0,
    "osm_lighthouses": 0,
    "osm_breakwaters": 0,
    "osm_harbors": 0,
    "osm_rivers": 0,
    "osm_lakes": 0,
    "osm_beaches": 0,
    "osm_cliffs": 0,
    "osm_industrial": 0
   },
   "geometry": {
    "type": "Point",
    "coordinates": [
     8.219125856896435,
     60.27753242660126
    ]
   }
  },
  {
   "type": "Feature",
   "properties": {
    "timestamp": "2026-07-02T06:43:23.933236",
    "latitude": 56.95926524491005,
    "longitude": 17.360194361841604,
    "elevation": 0.0,
    "class_code": "COASTAL_SEA",
    "class_name": "\u041f\u0440\u0438\u0431\u0435\u0440\u0435\u0436\u044c\u0435 (\u043c\u043e\u0440\u0435)",
    "source_session": 10,
    "noaa_depth": -82.68760681152344,
    "noaa_type": "depth",
    "osm_piers": 0,
    "osm_lighthouses": 0,
    "osm_breakwaters": 0,
    "osm_harbors": 0,
    "osm_rivers": 0,
    "osm_lakes": 0,
    "osm_beaches": 0,
    "osm_cliffs": 0,
    "osm_industrial": 0
   },
   "geometry": {
    "type": "Point",
    "coordinates": [
     17.360194361841604,
     56.95926524491005
    ]
   }
  },
  {
   "type": "Feature",
   "properties": {
    "timestamp": "2026-07-02T05:39:57.040652",
    "latitude": 56.96191620188236,
    "longitude": 17.517584495572834,
    "elevation": 0.0,
    "class_code": "OPEN_SEA",
    "class_name": "\u041e\u0442\u043a\u0440\u044b\u0442\u043e\u0435 \u043c\u043e\u0440\u0435",
    "source_session": 10,
    "noaa_depth": -103.15457153320312,
    "noaa_type": "depth",
    "osm_piers": 0,
    "osm_lighthouses": 0,
    "osm_breakwaters": 0,
    "osm_harbors": 0,
    "osm_rivers": 0,
    "osm_lakes": 0,
    "osm_beaches": 0,
    "osm_cliffs": 0,
    "osm_industrial": 0
   },
   "geometry": {
    "type": "Point",
    "coordinates": [
     17.517584495572834,
     56.96191620188236
    ]
   }
  },
  {
   "type": "Feature",
   "properties": {
    "timestamp": "2026-07-02T06:43:18.421006",
    "latitude": 56.95951105884509,
    "longitude": 17.35463780771395,
    "elevation": 0.0,
    "class_code": "COASTAL_SEA",
    "class_name": "\u041f\u0440\u0438\u0431\u0435\u0440\u0435\u0436\u044c\u0435 (\u043c\u043e\u0440\u0435)",
    "source_session": 10,
    "noaa_depth": -81.1876106262207,
    "noaa_type": "depth",
    "osm_piers": 0,
    "osm_lighthouses": 0,
    "osm_breakwaters": 0,
    "osm_harbors": 0,
    "osm_rivers": 0,
    "osm_lakes": 0,
    "osm_beaches": 0,
    "osm_cliffs": 0,
    "osm_industrial": 0
   },
   "geometry": {
    "type": "Point",
    "coordinates": [
     17.35463780771395,
     56.95951105884509
    ]
   }
  },
  {
   "type": "Feature",
   "properties": {
    "timestamp": "2026-07-02T05:50:26.779616",
    "latitude": 56.957339242519645,
    "longitude": 17.45527147393038,
    "elevation": 0.0,
    "class_code": "OPEN_SEA",
    "class_name": "\u041e\u0442\u043a\u0440\u044b\u0442\u043e\u0435 \u043c\u043e\u0440\u0435",
    "source_session": 10,
    "noaa_depth": -101.79334259033203,
    "noaa_type": "depth",
    "osm_piers": 0,
    "osm_lighthouses": 0,
    "osm_breakwaters": 0,
    "osm_harbors": 0,
    "osm_rivers": 0,
    "osm_lakes": 0,
    "osm_beaches": 0,
    "osm_cliffs": 0,
    "osm_industrial": 0
   },
   "geometry": {
    "type": "Point",
    "coordinates": [
     17.45527147393038,
     56.957339242519645
    ]
   }
  },
  {
   "type": "Feature",
   "properties": {
    "timestamp": "2026-07-02T02:37:51.668651",
    "latitude": 54.05478635978136,
    "longitude": 10.94517845391185,
    "elevation": 0.0,
    "class_code": "COASTAL_SEA",
    "class_name": "\u041f\u0440\u0438\u0431\u0435\u0440\u0435\u0436\u044c\u0435 (\u043c\u043e\u0440\u0435)",
    "source_session": 9,
    "noaa_depth": -23.91649627685547,
    "noaa_type": "depth",
    "osm_piers": 0,
    "osm_lighthouses": 0,
    "osm_breakwaters": 0,
    "osm_harbors": 0,
    "osm_rivers": 0,
    "osm_lakes": 0,
    "osm_beaches": 0,
    "osm_cliffs": 0,
    "osm_industrial": 0
   },
   "geometry": {
    "type": "Point",
    "coordinates": [
     10.94517845391185,
     54.05478635978136
    ]
   }
  },
  {
   "type": "Feature",
   "properties": {
    "timestamp": "2026-07-02T03:14:30.667761",
    "latitude": 54.069324578583704,
    "longitude": 11.395552187038286,
    "elevation": 0.0,
    "class_code": "COASTAL_SEA",
    "class_name": "\u041f\u0440\u0438\u0431\u0435\u0440\u0435\u0436\u044c\u0435 (\u043c\u043e\u0440\u0435)",
    "source_session": 9,
    "noaa_depth": -15.186438083648682,
    "noaa_type": "depth",
    "osm_piers": 0,
    "osm_lighthouses": 0,
    "osm_breakwaters": 0,
    "osm_harbors": 0,
    "osm_rivers": 0,
    "osm_lakes": 0,
    "osm_beaches": 0,
    "osm_cliffs": 0,
    "osm_industrial": 0
   },
   "geometry": {
    "type": "Point",
    "coordinates": [
     11.395552187038286,
     54.069324578583704
    ]
   }
  },
  {
   "type": "Feature",
   "properties": {
    "timestamp": "2026-07-02T05:55:19.254387",
    "latitude": 56.95380035603613,
    "longitude": 17.442464750420026,
    "elevation": 0.0,
    "class_code": "OPEN_SEA",
    "class_name": "\u041e\u0442\u043a\u0440\u044b\u0442\u043e\u0435 \u043c\u043e\u0440\u0435",
    "source_session": 10,
    "noaa_depth": -101.61334228515625,
    "noaa_type": "depth",
    "osm_piers": 0,
    "osm_lighthouses": 0,
    "osm_breakwaters": 0,
    "osm_harbors": 0,
    "osm_rivers": 0,
    "osm_lakes": 0,
    "osm_beaches": 0,
    "osm_cliffs": 0,
    "osm_industrial": 0
   },
   "geometry": {
    "type": "Point",
    "coordinates": [
     17.442464750420026,
     56.95380035603613
    ]
   }
  }
 ]
}